{"api_version": "1.2", "fields": {"page_size": [[750, 1061]], "name": {"multi_page": {"0": {"value": "East Repair Inc.", "value_raw": "East Repair Inc.", "confidence": 0.9711576104164124, "boxes": [{"description": "East", "boundingPoly": {"vertices": [{"x": 52.0, "y": 128.0}, {"x": 83.0, "y": 128.0}, {"x": 83.0, "y": 142.0}, {"x": 52.0, "y": 142.0}]}, "line": 1}, {"description": "Repair", "boundingPoly": {"vertices": [{"x": 83.0, "y": 128.0}, {"x": 127.0, "y": 128.0}, {"x": 127.0, "y": 144.0}, {"x": 83.0, "y": 144.0}]}, "line": 1}, {"description": "Inc.", "boundingPoly": {"vertices": [{"x": 126.0, "y": 127.0}, {"x": 150.0, "y": 127.0}, {"x": 150.0, "y": 142.0}, {"x": 126.0, "y": 142.0}]}, "line": 1}], "page": 0}}, "value": "East Repair Inc.", "value_raw": "East Repair Inc.", "confidence": 0.9711576104164124, "boxes": [{"description": "East", "boundingPoly": {"vertices": [{"x": 52.0, "y": 128.0}, {"x": 83.0, "y": 128.0}, {"x": 83.0, "y": 142.0}, {"x": 52.0, "y": 142.0}]}, "line": 1}, {"description": "Repair", "boundingPoly": {"vertices": [{"x": 83.0, "y": 128.0}, {"x": 127.0, "y": 128.0}, {"x": 127.0, "y": 144.0}, {"x": 83.0, "y": 144.0}]}, "line": 1}, {"description": "Inc.", "boundingPoly": {"vertices": [{"x": 126.0, "y": 127.0}, {"x": 150.0, "y": 127.0}, {"x": 150.0, "y": 142.0}, {"x": 126.0, "y": 142.0}]}, "line": 1}], "page": 0}, "vendor-addr": {"multi_page": {"0": {"value": "1912 Harvest Lane New York, NY 12210", "value_raw": "1912 Harvest Lane New York, NY 12210", "confidence": 0.955491840839386, "boxes": [{"description": "1912", "boundingPoly": {"vertices": [{"x": 53.0, "y": 149.0}, {"x": 84.0, "y": 149.0}, {"x": 84.0, "y": 164.0}, {"x": 53.0, "y": 164.0}]}, "line": 2}, {"description": "Harvest", "boundingPoly": {"vertices": [{"x": 84.0, "y": 149.0}, {"x": 132.0, "y": 149.0}, {"x": 132.0, "y": 164.0}, {"x": 84.0, "y": 164.0}]}, "line": 2}, {"description": "Lane", "boundingPoly": {"vertices": [{"x": 131.0, "y": 150.0}, {"x": 163.0, "y": 150.0}, {"x": 163.0, "y": 164.0}, {"x": 131.0, "y": 164.0}]}, "line": 2}, {"description": "New", "boundingPoly": {"vertices": [{"x": 52.0, "y": 168.0}, {"x": 82.0, "y": 168.0}, {"x": 82.0, "y": 183.0}, {"x": 52.0, "y": 183.0}]}, "line": 3}, {"description": "York,", "boundingPoly": {"vertices": [{"x": 82.0, "y": 167.0}, {"x": 114.0, "y": 167.0}, {"x": 114.0, "y": 184.0}, {"x": 82.0, "y": 184.0}]}, "line": 3}, {"description": "NY", "boundingPoly": {"vertices": [{"x": 114.0, "y": 167.0}, {"x": 136.0, "y": 167.0}, {"x": 136.0, "y": 182.0}, {"x": 114.0, "y": 182.0}]}, "line": 3}, {"description": "12210", "boundingPoly": {"vertices": [{"x": 135.0, "y": 167.0}, {"x": 174.0, "y": 167.0}, {"x": 174.0, "y": 183.0}, {"x": 135.0, "y": 183.0}]}, "line": 3}], "page": 0}}, "value": "1912 Harvest Lane New York, NY 12210", "value_raw": "1912 Harvest Lane New York, NY 12210", "confidence": 0.955491840839386, "boxes": [{"description": "1912", "boundingPoly": {"vertices": [{"x": 53.0, "y": 149.0}, {"x": 84.0, "y": 149.0}, {"x": 84.0, "y": 164.0}, {"x": 53.0, "y": 164.0}]}, "line": 2}, {"description": "Harvest", "boundingPoly": {"vertices": [{"x": 84.0, "y": 149.0}, {"x": 132.0, "y": 149.0}, {"x": 132.0, "y": 164.0}, {"x": 84.0, "y": 164.0}]}, "line": 2}, {"description": "Lane", "boundingPoly": {"vertices": [{"x": 131.0, "y": 150.0}, {"x": 163.0, "y": 150.0}, {"x": 163.0, "y": 164.0}, {"x": 131.0, "y": 164.0}]}, "line": 2}, {"description": "New", "boundingPoly": {"vertices": [{"x": 52.0, "y": 168.0}, {"x": 82.0, "y": 168.0}, {"x": 82.0, "y": 183.0}, {"x": 52.0, "y": 183.0}]}, "line": 3}, {"description": "York,", "boundingPoly": {"vertices": [{"x": 82.0, "y": 167.0}, {"x": 114.0, "y": 167.0}, {"x": 114.0, "y": 184.0}, {"x": 82.0, "y": 184.0}]}, "line": 3}, {"description": "NY", "boundingPoly": {"vertices": [{"x": 114.0, "y": 167.0}, {"x": 136.0, "y": 167.0}, {"x": 136.0, "y": 182.0}, {"x": 114.0, "y": 182.0}]}, "line": 3}, {"description": "12210", "boundingPoly": {"vertices": [{"x": 135.0, "y": 167.0}, {"x": 174.0, "y": 167.0}, {"x": 174.0, "y": 183.0}, {"x": 135.0, "y": 183.0}]}, "line": 3}], "page": 0}, "billing-name": {"multi_page": {"0": {"value": "John Smith", "value_raw": "John Smith", "confidence": 0.9570044279098511, "boxes": [{"description": "John", "boundingPoly": {"vertices": [{"x": 52.0, "y": 233.0}, {"x": 83.0, "y": 233.0}, {"x": 83.0, "y": 248.0}, {"x": 52.0, "y": 248.0}]}, "line": 5}, {"description": "Smith", "boundingPoly": {"vertices": [{"x": 83.0, "y": 234.0}, {"x": 119.0, "y": 234.0}, {"x": 119.0, "y": 248.0}, {"x": 83.0, "y": 248.0}]}, "line": 5}], "page": 0}}, "value": "John Smith", "value_raw": "John Smith", "confidence": 0.9570044279098511, "boxes": [{"description": "John", "boundingPoly": {"vertices": [{"x": 52.0, "y": 233.0}, {"x": 83.0, "y": 233.0}, {"x": 83.0, "y": 248.0}, {"x": 52.0, "y": 248.0}]}, "line": 5}, {"description": "Smith", "boundingPoly": {"vertices": [{"x": 83.0, "y": 234.0}, {"x": 119.0, "y": 234.0}, {"x": 119.0, "y": 248.0}, {"x": 83.0, "y": 248.0}]}, "line": 5}], "page": 0}, "billing-addr": {"multi_page": {"0": {"value": "2 Court Square New York, NY 12210", "value_raw": "2 Court Square New York, NY 12210", "confidence": 0.9769210517406464, "boxes": [{"description": "2", "boundingPoly": {"vertices": [{"x": 52.0, "y": 251.0}, {"x": 64.0, "y": 251.0}, {"x": 64.0, "y": 266.0}, {"x": 52.0, "y": 266.0}]}, "line": 6}, {"description": "Court", "boundingPoly": {"vertices": [{"x": 63.0, "y": 252.0}, {"x": 97.0, "y": 252.0}, {"x": 97.0, "y": 267.0}, {"x": 63.0, "y": 267.0}]}, "line": 6}, {"description": "Square", "boundingPoly": {"vertices": [{"x": 97.0, "y": 252.0}, {"x": 141.0, "y": 252.0}, {"x": 141.0, "y": 268.0}, {"x": 97.0, "y": 268.0}]}, "line": 6}, {"description": "New", "boundingPoly": {"vertices": [{"x": 53.0, "y": 270.0}, {"x": 82.0, "y": 270.0}, {"x": 82.0, "y": 284.0}, {"x": 53.0, "y": 284.0}]}, "line": 7}, {"description": "York,", "boundingPoly": {"vertices": [{"x": 81.0, "y": 270.0}, {"x": 114.0, "y": 270.0}, {"x": 114.0, "y": 286.0}, {"x": 81.0, "y": 286.0}]}, "line": 7}, {"description": "NY", "boundingPoly": {"vertices": [{"x": 114.0, "y": 270.0}, {"x": 135.0, "y": 270.0}, {"x": 135.0, "y": 284.0}, {"x": 114.0, "y": 284.0}]}, "line": 7}, {"description": "12210", "boundingPoly": {"vertices": [{"x": 135.0, "y": 270.0}, {"x": 174.0, "y": 270.0}, {"x": 174.0, "y": 285.0}, {"x": 135.0, "y": 285.0}]}, "line": 7}], "page": 0}}, "value": "2 Court Square New York, NY 12210", "value_raw": "2 Court Square New York, NY 12210", "confidence": 0.9769210517406464, "boxes": [{"description": "2", "boundingPoly": {"vertices": [{"x": 52.0, "y": 251.0}, {"x": 64.0, "y": 251.0}, {"x": 64.0, "y": 266.0}, {"x": 52.0, "y": 266.0}]}, "line": 6}, {"description": "Court", "boundingPoly": {"vertices": [{"x": 63.0, "y": 252.0}, {"x": 97.0, "y": 252.0}, {"x": 97.0, "y": 267.0}, {"x": 63.0, "y": 267.0}]}, "line": 6}, {"description": "Square", "boundingPoly": {"vertices": [{"x": 97.0, "y": 252.0}, {"x": 141.0, "y": 252.0}, {"x": 141.0, "y": 268.0}, {"x": 97.0, "y": 268.0}]}, "line": 6}, {"description": "New", "boundingPoly": {"vertices": [{"x": 53.0, "y": 270.0}, {"x": 82.0, "y": 270.0}, {"x": 82.0, "y": 284.0}, {"x": 53.0, "y": 284.0}]}, "line": 7}, {"description": "York,", "boundingPoly": {"vertices": [{"x": 81.0, "y": 270.0}, {"x": 114.0, "y": 270.0}, {"x": 114.0, "y": 286.0}, {"x": 81.0, "y": 286.0}]}, "line": 7}, {"description": "NY", "boundingPoly": {"vertices": [{"x": 114.0, "y": 270.0}, {"x": 135.0, "y": 270.0}, {"x": 135.0, "y": 284.0}, {"x": 114.0, "y": 284.0}]}, "line": 7}, {"description": "12210", "boundingPoly": {"vertices": [{"x": 135.0, "y": 270.0}, {"x": 174.0, "y": 270.0}, {"x": 174.0, "y": 285.0}, {"x": 135.0, "y": 285.0}]}, "line": 7}], "page": 0}, "shipping-addr": {"multi_page": {"0": {"value": "John Smith 3787 Pineview Drive Cambridge, MA 12210", "value_raw": "John Smith 3787 Pineview Drive Cambridge, MA 12210", "confidence": 0.9768383502960205, "boxes": [{"description": "John", "boundingPoly": {"vertices": [{"x": 260.0, "y": 233.0}, {"x": 291.0, "y": 233.0}, {"x": 291.0, "y": 248.0}, {"x": 260.0, "y": 248.0}]}, "line": 5}, {"description": "Smith", "boundingPoly": {"vertices": [{"x": 291.0, "y": 234.0}, {"x": 327.0, "y": 234.0}, {"x": 327.0, "y": 248.0}, {"x": 291.0, "y": 248.0}]}, "line": 5}, {"description": "3787", "boundingPoly": {"vertices": [{"x": 260.0, "y": 252.0}, {"x": 292.0, "y": 252.0}, {"x": 292.0, "y": 266.0}, {"x": 260.0, "y": 266.0}]}, "line": 6}, {"description": "Pineview", "boundingPoly": {"vertices": [{"x": 292.0, "y": 252.0}, {"x": 347.0, "y": 252.0}, {"x": 347.0, "y": 267.0}, {"x": 292.0, "y": 267.0}]}, "line": 6}, {"description": "Drive", "boundingPoly": {"vertices": [{"x": 346.0, "y": 252.0}, {"x": 379.0, "y": 252.0}, {"x": 379.0, "y": 266.0}, {"x": 346.0, "y": 266.0}]}, "line": 6}, {"description": "Cambridge,", "boundingPoly": {"vertices": [{"x": 260.0, "y": 270.0}, {"x": 329.0, "y": 270.0}, {"x": 329.0, "y": 287.0}, {"x": 260.0, "y": 287.0}]}, "line": 7}, {"description": "MA", "boundingPoly": {"vertices": [{"x": 329.0, "y": 271.0}, {"x": 351.0, "y": 271.0}, {"x": 351.0, "y": 285.0}, {"x": 329.0, "y": 285.0}]}, "line": 7}, {"description": "12210", "boundingPoly": {"vertices": [{"x": 351.0, "y": 270.0}, {"x": 390.0, "y": 270.0}, {"x": 390.0, "y": 285.0}, {"x": 351.0, "y": 285.0}]}, "line": 7}], "page": 0}}, "value": "John Smith 3787 Pineview Drive Cambridge, MA 12210", "value_raw": "John Smith 3787 Pineview Drive Cambridge, MA 12210", "confidence": 0.9768383502960205, "boxes": [{"description": "John", "boundingPoly": {"vertices": [{"x": 260.0, "y": 233.0}, {"x": 291.0, "y": 233.0}, {"x": 291.0, "y": 248.0}, {"x": 260.0, "y": 248.0}]}, "line": 5}, {"description": "Smith", "boundingPoly": {"vertices": [{"x": 291.0, "y": 234.0}, {"x": 327.0, "y": 234.0}, {"x": 327.0, "y": 248.0}, {"x": 291.0, "y": 248.0}]}, "line": 5}, {"description": "3787", "boundingPoly": {"vertices": [{"x": 260.0, "y": 252.0}, {"x": 292.0, "y": 252.0}, {"x": 292.0, "y": 266.0}, {"x": 260.0, "y": 266.0}]}, "line": 6}, {"description": "Pineview", "boundingPoly": {"vertices": [{"x": 292.0, "y": 252.0}, {"x": 347.0, "y": 252.0}, {"x": 347.0, "y": 267.0}, {"x": 292.0, "y": 267.0}]}, "line": 6}, {"description": "Drive", "boundingPoly": {"vertices": [{"x": 346.0, "y": 252.0}, {"x": 379.0, "y": 252.0}, {"x": 379.0, "y": 266.0}, {"x": 346.0, "y": 266.0}]}, "line": 6}, {"description": "Cambridge,", "boundingPoly": {"vertices": [{"x": 260.0, "y": 270.0}, {"x": 329.0, "y": 270.0}, {"x": 329.0, "y": 287.0}, {"x": 260.0, "y": 287.0}]}, "line": 7}, {"description": "MA", "boundingPoly": {"vertices": [{"x": 329.0, "y": 271.0}, {"x": 351.0, "y": 271.0}, {"x": 351.0, "y": 285.0}, {"x": 329.0, "y": 285.0}]}, "line": 7}, {"description": "12210", "boundingPoly": {"vertices": [{"x": 351.0, "y": 270.0}, {"x": 390.0, "y": 270.0}, {"x": 390.0, "y": 285.0}, {"x": 351.0, "y": 285.0}]}, "line": 7}], "page": 0}, "invoice-no": {"multi_page": {"0": {"value": "US-001", "value_raw": "US-001", "confidence": 0.9471572637557983, "boxes": [{"description": "US-001", "boundingPoly": {"vertices": [{"x": 651.0, "y": 212.0}, {"x": 697.0, "y": 212.0}, {"x": 697.0, "y": 226.0}, {"x": 651.0, "y": 226.0}]}, "line": 4}], "page": 0}}, "value": "US-001", "value_raw": "US-001", "confidence": 0.9471572637557983, "boxes": [{"description": "US-001", "boundingPoly": {"vertices": [{"x": 651.0, "y": 212.0}, {"x": 697.0, "y": 212.0}, {"x": 697.0, "y": 226.0}, {"x": 651.0, "y": 226.0}]}, "line": 4}], "page": 0}, "po-no": {"multi_page": {}, "value": "", "value_raw": "", "confidence": 0.0, "boxes": [], "page": 0}, "vendor-vat-no": {"multi_page": {}, "value": "", "value_raw": "", "confidence": 0.0, "boxes": [], "page": 0}, "date": {"multi_page": {"0": {"value": "2019-11-02", "value_raw": "11/02/2019", "confidence": 0.9742115139961243, "boxes": [{"description": "11/02/2019", "boundingPoly": {"vertices": [{"x": 632.0, "y": 237.0}, {"x": 698.0, "y": 237.0}, {"x": 698.0, "y": 252.0}, {"x": 632.0, "y": 252.0}]}, "line": 5}], "date_potentially_ambiguous": true, "page": 0}}, "value": "2019-02-11", "value_raw": "11/02/2019", "confidence": 0.9742115139961243, "boxes": [{"description": "11/02/2019", "boundingPoly": {"vertices": [{"x": 632.0, "y": 237.0}, {"x": 698.0, "y": 237.0}, {"x": 698.0, "y": 252.0}, {"x": 632.0, "y": 252.0}]}, "line": 5}], "page": 0}, "tax": {"multi_page": {"0": {"value": "9.06", "value_raw": "9.06", "confidence": 0.9382416009902954, "boxes": [{"description": "9.06", "boundingPoly": {"vertices": [{"x": 658.0, "y": 531.0}, {"x": 687.0, "y": 531.0}, {"x": 687.0, "y": 546.0}, {"x": 658.0, "y": 546.0}]}, "line": 15}], "page": 0}}, "value": "9.06", "value_raw": "9.06", "confidence": 0.9382416009902954, "boxes": [{"description": "9.06", "boundingPoly": {"vertices": [{"x": 658.0, "y": 531.0}, {"x": 687.0, "y": 531.0}, {"x": 687.0, "y": 546.0}, {"x": 658.0, "y": 546.0}]}, "line": 15}], "page": 0}, "total": {"multi_page": {"0": {"value": "154.06", "value_raw": "$154.06", "confidence": 0.9794183969497681, "boxes": [{"description": "$154.06", "boundingPoly": {"vertices": [{"x": 625.0, "y": 560.0}, {"x": 687.0, "y": 560.0}, {"x": 687.0, "y": 582.0}, {"x": 625.0, "y": 582.0}]}, "line": 16}], "page": 0}}, "value": "154.06", "value_raw": "$154.06", "confidence": 0.9794183969497681, "boxes": [{"description": "$154.06", "boundingPoly": {"vertices": [{"x": 625.0, "y": 560.0}, {"x": 687.0, "y": 560.0}, {"x": 687.0, "y": 582.0}, {"x": 625.0, "y": 582.0}]}, "line": 16}], "page": 0}, "payment-terms": {"multi_page": {"0": {"value": "due within 15 days", "value_raw": "due within 15 days", "confidence": 0.708777666091919, "boxes": [{"description": "due", "boundingPoly": {"vertices": [{"x": 453.0, "y": 956.0}, {"x": 478.0, "y": 956.0}, {"x": 478.0, "y": 971.0}, {"x": 453.0, "y": 971.0}]}, "line": 19}, {"description": "within", "boundingPoly": {"vertices": [{"x": 478.0, "y": 956.0}, {"x": 514.0, "y": 956.0}, {"x": 514.0, "y": 971.0}, {"x": 478.0, "y": 971.0}]}, "line": 19}, {"description": "15", "boundingPoly": {"vertices": [{"x": 514.0, "y": 956.0}, {"x": 532.0, "y": 956.0}, {"x": 532.0, "y": 971.0}, {"x": 514.0, "y": 971.0}]}, "line": 19}, {"description": "days", "boundingPoly": {"vertices": [{"x": 531.0, "y": 956.0}, {"x": 562.0, "y": 956.0}, {"x": 562.0, "y": 974.0}, {"x": 531.0, "y": 974.0}]}, "line": 19}], "page": 0}}, "value": "due within 15 days", "value_raw": "due within 15 days", "confidence": 0.708777666091919, "boxes": [{"description": "due", "boundingPoly": {"vertices": [{"x": 453.0, "y": 956.0}, {"x": 478.0, "y": 956.0}, {"x": 478.0, "y": 971.0}, {"x": 453.0, "y": 971.0}]}, "line": 19}, {"description": "within", "boundingPoly": {"vertices": [{"x": 478.0, "y": 956.0}, {"x": 514.0, "y": 956.0}, {"x": 514.0, "y": 971.0}, {"x": 478.0, "y": 971.0}]}, "line": 19}, {"description": "15", "boundingPoly": {"vertices": [{"x": 514.0, "y": 956.0}, {"x": 532.0, "y": 956.0}, {"x": 532.0, "y": 971.0}, {"x": 514.0, "y": 971.0}]}, "line": 19}, {"description": "days", "boundingPoly": {"vertices": [{"x": 531.0, "y": 956.0}, {"x": 562.0, "y": 956.0}, {"x": 562.0, "y": 974.0}, {"x": 531.0, "y": 974.0}]}, "line": 19}], "page": 0}, "net-amount": {"multi_page": {"0": {"value": "145.00", "value_raw": "145.00", "confidence": 0.9751742482185364, "boxes": [{"description": "145.00", "boundingPoly": {"vertices": [{"x": 645.0, "y": 499.0}, {"x": 687.0, "y": 499.0}, {"x": 687.0, "y": 513.0}, {"x": 645.0, "y": 513.0}]}, "line": 14}], "page": 0}}, "value": "145.00", "value_raw": "145.00", "confidence": 0.9751742482185364, "boxes": [{"description": "145.00", "boundingPoly": {"vertices": [{"x": 645.0, "y": 499.0}, {"x": 687.0, "y": 499.0}, {"x": 687.0, "y": 513.0}, {"x": 645.0, "y": 513.0}]}, "line": 14}], "page": 0}, "due-date": {"multi_page": {"0": {"value": "2019-02-26", "value_raw": "26/02/2019", "confidence": 0.9759169220924377, "boxes": [{"description": "26/02/2019", "boundingPoly": {"vertices": [{"x": 631.0, "y": 290.0}, {"x": 698.0, "y": 290.0}, {"x": 698.0, "y": 304.0}, {"x": 631.0, "y": 304.0}]}, "line": 8}], "date_potentially_ambiguous": false, "page": 0}}, "value": "2019-02-26", "value_raw": "26/02/2019", "confidence": 0.9759169220924377, "boxes": [{"description": "26/02/2019", "boundingPoly": {"vertices": [{"x": 631.0, "y": 290.0}, {"x": 698.0, "y": 290.0}, {"x": 698.0, "y": 304.0}, {"x": 631.0, "y": 304.0}]}, "line": 8}], "page": 0}, "discount": {"multi_page": {}, "value": "", "value_raw": "", "confidence": 0.0, "boxes": [], "page": 0}, "shipping-charges": {"multi_page": {}, "value": "", "value_raw": "", "confidence": 0.0, "boxes": [], "page": 0}, "payment-addr": {"multi_page": {}, "value": "", "value_raw": "", "confidence": 0.0, "boxes": [], "page": 0}, "billing-vat-no": {"multi_page": {}, "value": "", "value_raw": "", "confidence": 0.0, "boxes": [], "page": 0}, "items": [{"quantity": {"value": "1", "confidence": 0.9042666554450989, "boxes": [{"description": "1", "boundingPoly": {"vertices": [{"x": 81.0, "y": 390.0}, {"x": 90.0, "y": 390.0}, {"x": 90.0, "y": 404.0}, {"x": 81.0, "y": 404.0}]}, "line": 11}], "page": 0}, "description": {"value": "Front and rear brake cables", "confidence": 0.970090925693512, "boxes": [{"description": "Front", "boundingPoly": {"vertices": [{"x": 126.0, "y": 390.0}, {"x": 159.0, "y": 390.0}, {"x": 159.0, "y": 404.0}, {"x": 126.0, "y": 404.0}]}, "line": 11}, {"description": "and", "boundingPoly": {"vertices": [{"x": 159.0, "y": 390.0}, {"x": 183.0, "y": 390.0}, {"x": 183.0, "y": 404.0}, {"x": 159.0, "y": 404.0}]}, "line": 11}, {"description": "rear", "boundingPoly": {"vertices": [{"x": 184.0, "y": 392.0}, {"x": 210.0, "y": 392.0}, {"x": 210.0, "y": 404.0}, {"x": 184.0, "y": 404.0}]}, "line": 11}, {"description": "brake", "boundingPoly": {"vertices": [{"x": 209.0, "y": 390.0}, {"x": 245.0, "y": 390.0}, {"x": 245.0, "y": 404.0}, {"x": 209.0, "y": 404.0}]}, "line": 11}, {"description": "cables", "boundingPoly": {"vertices": [{"x": 244.0, "y": 390.0}, {"x": 285.0, "y": 390.0}, {"x": 285.0, "y": 405.0}, {"x": 244.0, "y": 405.0}]}, "line": 11}], "page": 0}, "unit-price": {"value": "100.00", "confidence": 0.9943799376487732, "boxes": [{"description": "100.00", "boundingPoly": {"vertices": [{"x": 482.0, "y": 390.0}, {"x": 524.0, "y": 390.0}, {"x": 524.0, "y": 405.0}, {"x": 482.0, "y": 405.0}]}, "line": 11}], "page": 0}, "line-amount": {"value": "100.00", "confidence": 0.9877884984016418, "boxes": [{"description": "100.00", "boundingPoly": {"vertices": [{"x": 645.0, "y": 390.0}, {"x": 687.0, "y": 390.0}, {"x": 687.0, "y": 405.0}, {"x": 645.0, "y": 405.0}]}, "line": 11}], "page": 0}, "item-po-no": {"value": "", "confidence": 0.0, "boxes": [], "page": 0}, "line-no": {"value": "", "confidence": 0.0, "boxes": [], "page": 0}, "part-no": {"value": "", "confidence": 0.0, "boxes": [], "page": 0}}, {"quantity": {"value": "2", "confidence": 0.8722013235092163, "boxes": [{"description": "2", "boundingPoly": {"vertices": [{"x": 80.0, "y": 422.0}, {"x": 91.0, "y": 422.0}, {"x": 91.0, "y": 437.0}, {"x": 80.0, "y": 437.0}]}, "line": 12}], "page": 0}, "description": {"value": "New set of pedal arms", "confidence": 0.9742110371589661, "boxes": [{"description": "New", "boundingPoly": {"vertices": [{"x": 126.0, "y": 423.0}, {"x": 155.0, "y": 423.0}, {"x": 155.0, "y": 436.0}, {"x": 126.0, "y": 436.0}]}, "line": 12}, {"description": "set", "boundingPoly": {"vertices": [{"x": 155.0, "y": 423.0}, {"x": 175.0, "y": 423.0}, {"x": 175.0, "y": 437.0}, {"x": 155.0, "y": 437.0}]}, "line": 12}, {"description": "of", "boundingPoly": {"vertices": [{"x": 175.0, "y": 423.0}, {"x": 189.0, "y": 423.0}, {"x": 189.0, "y": 437.0}, {"x": 175.0, "y": 437.0}]}, "line": 12}, {"description": "pedal", "boundingPoly": {"vertices": [{"x": 189.0, "y": 423.0}, {"x": 223.0, "y": 423.0}, {"x": 223.0, "y": 439.0}, {"x": 189.0, "y": 439.0}]}, "line": 12}, {"description": "arms", "boundingPoly": {"vertices": [{"x": 223.0, "y": 425.0}, {"x": 255.0, "y": 425.0}, {"x": 255.0, "y": 437.0}, {"x": 223.0, "y": 437.0}]}, "line": 12}], "page": 0}, "unit-price": {"value": "15.00", "confidence": 0.9891833066940308, "boxes": [{"description": "15.00", "boundingPoly": {"vertices": [{"x": 489.0, "y": 422.0}, {"x": 524.0, "y": 422.0}, {"x": 524.0, "y": 437.0}, {"x": 489.0, "y": 437.0}]}, "line": 12}], "page": 0}, "line-amount": {"value": "30.00", "confidence": 0.9909480214118958, "boxes": [{"description": "30.00", "boundingPoly": {"vertices": [{"x": 652.0, "y": 422.0}, {"x": 687.0, "y": 422.0}, {"x": 687.0, "y": 437.0}, {"x": 652.0, "y": 437.0}]}, "line": 12}], "page": 0}, "item-po-no": {"value": "", "confidence": 0.0, "boxes": [], "page": 0}, "line-no": {"value": "", "confidence": 0.0, "boxes": [], "page": 0}, "part-no": {"value": "", "confidence": 0.0, "boxes": [], "page": 0}}, {"quantity": {"value": "3", "confidence": 0.8739310503005981, "boxes": [{"description": "3", "boundingPoly": {"vertices": [{"x": 80.0, "y": 455.0}, {"x": 91.0, "y": 455.0}, {"x": 91.0, "y": 470.0}, {"x": 80.0, "y": 470.0}]}, "line": 13}], "page": 0}, "description": {"value": "Labor 3hrs", "confidence": 0.9818783402442932, "boxes": [{"description": "Labor", "boundingPoly": {"vertices": [{"x": 126.0, "y": 455.0}, {"x": 162.0, "y": 455.0}, {"x": 162.0, "y": 470.0}, {"x": 126.0, "y": 470.0}]}, "line": 13}, {"description": "3hrs", "boundingPoly": {"vertices": [{"x": 162.0, "y": 455.0}, {"x": 190.0, "y": 455.0}, {"x": 190.0, "y": 469.0}, {"x": 162.0, "y": 469.0}]}, "line": 13}], "page": 0}, "unit-price": {"value": "5.00", "confidence": 0.9784528613090515, "boxes": [{"description": "5.00", "boundingPoly": {"vertices": [{"x": 495.0, "y": 455.0}, {"x": 524.0, "y": 455.0}, {"x": 524.0, "y": 470.0}, {"x": 495.0, "y": 470.0}]}, "line": 13}], "page": 0}, "line-amount": {"value": "15.00", "confidence": 0.9913743138313293, "boxes": [{"description": "15.00", "boundingPoly": {"vertices": [{"x": 652.0, "y": 455.0}, {"x": 687.0, "y": 455.0}, {"x": 687.0, "y": 470.0}, {"x": 652.0, "y": 470.0}]}, "line": 13}], "page": 0}, "item-po-no": {"value": "", "confidence": 0.0, "boxes": [], "page": 0}, "line-no": {"value": "", "confidence": 0.0, "boxes": [], "page": 0}, "part-no": {"value": "", "confidence": 0.0, "boxes": [], "page": 0}}], "currency": {"value": "USD", "confidence": 0.9593545794487}}, "pages": [{"page_rotation": 0, "boxes": [[{"confidence": 0.44, "description": "INVOICE", "boundingPoly": {"vertices": [{"x": 50, "y": 44}, {"x": 233, "y": 44}, {"x": 233, "y": 106}, {"x": 50, "y": 106}]}}], [{"confidence": 0.98999995, "description": "East", "boundingPoly": {"vertices": [{"x": 52, "y": 128}, {"x": 83, "y": 128}, {"x": 83, "y": 142}, {"x": 52, "y": 142}]}}, {"confidence": 0.82, "description": "Repair", "boundingPoly": {"vertices": [{"x": 83, "y": 128}, {"x": 127, "y": 128}, {"x": 127, "y": 144}, {"x": 83, "y": 144}]}}, {"confidence": 0.98999995, "description": "Inc.", "boundingPoly": {"vertices": [{"x": 126, "y": 127}, {"x": 150, "y": 127}, {"x": 150, "y": 142}, {"x": 126, "y": 142}]}}], [{"confidence": 0.98999995, "description": "1912", "boundingPoly": {"vertices": [{"x": 53, "y": 149}, {"x": 84, "y": 149}, {"x": 84, "y": 164}, {"x": 53, "y": 164}]}}, {"confidence": 0.7, "description": "Harvest", "boundingPoly": {"vertices": [{"x": 84, "y": 149}, {"x": 132, "y": 149}, {"x": 132, "y": 164}, {"x": 84, "y": 164}]}}, {"confidence": 0.98999995, "description": "Lane", "boundingPoly": {"vertices": [{"x": 131, "y": 150}, {"x": 163, "y": 150}, {"x": 163, "y": 164}, {"x": 131, "y": 164}]}}], [{"confidence": 0.98999995, "description": "New", "boundingPoly": {"vertices": [{"x": 52, "y": 168}, {"x": 82, "y": 168}, {"x": 82, "y": 183}, {"x": 52, "y": 183}]}}, {"confidence": 0.98999995, "description": "York,", "boundingPoly": {"vertices": [{"x": 82, "y": 167}, {"x": 114, "y": 167}, {"x": 114, "y": 184}, {"x": 82, "y": 184}]}}, {"confidence": 0.98999995, "description": "NY", "boundingPoly": {"vertices": [{"x": 114, "y": 167}, {"x": 136, "y": 167}, {"x": 136, "y": 182}, {"x": 114, "y": 182}]}}, {"confidence": 0.98999995, "description": "12210", "boundingPoly": {"vertices": [{"x": 135, "y": 167}, {"x": 174, "y": 167}, {"x": 174, "y": 183}, {"x": 135, "y": 183}]}}], [{"confidence": 0.979999959, "description": "BILL", "boundingPoly": {"vertices": [{"x": 52, "y": 206}, {"x": 81, "y": 206}, {"x": 81, "y": 225}, {"x": 52, "y": 225}]}}, {"confidence": 0.979999959, "description": "TO", "boundingPoly": {"vertices": [{"x": 81, "y": 206}, {"x": 100, "y": 206}, {"x": 100, "y": 225}, {"x": 81, "y": 225}]}}, {"confidence": 0.979999959, "description": "SHIP", "boundingPoly": {"vertices": [{"x": 259, "y": 206}, {"x": 292, "y": 206}, {"x": 292, "y": 225}, {"x": 259, "y": 225}]}}, {"confidence": 0.98999995, "description": "TO", "boundingPoly": {"vertices": [{"x": 291, "y": 206}, {"x": 310, "y": 206}, {"x": 310, "y": 226}, {"x": 291, "y": 226}]}}, {"confidence": 0.62, "description": "INVOICE", "boundingPoly": {"vertices": [{"x": 459, "y": 206}, {"x": 512, "y": 206}, {"x": 512, "y": 225}, {"x": 459, "y": 225}]}}, {"confidence": 0.979999959, "description": "#", "boundingPoly": {"vertices": [{"x": 511, "y": 206}, {"x": 523, "y": 206}, {"x": 523, "y": 225}, {"x": 511, "y": 225}]}}, {"confidence": 0.63, "description": "US-001", "boundingPoly": {"vertices": [{"x": 651, "y": 212}, {"x": 697, "y": 212}, {"x": 697, "y": 226}, {"x": 651, "y": 226}]}}], [{"confidence": 0.98999995, "description": "John", "boundingPoly": {"vertices": [{"x": 52, "y": 233}, {"x": 83, "y": 233}, {"x": 83, "y": 248}, {"x": 52, "y": 248}]}}, {"confidence": 0.98999995, "description": "Smith", "boundingPoly": {"vertices": [{"x": 83, "y": 234}, {"x": 119, "y": 234}, {"x": 119, "y": 248}, {"x": 83, "y": 248}]}}, {"confidence": 0.98999995, "description": "John", "boundingPoly": {"vertices": [{"x": 260, "y": 233}, {"x": 291, "y": 233}, {"x": 291, "y": 248}, {"x": 260, "y": 248}]}}, {"confidence": 0.98999995, "description": "Smith", "boundingPoly": {"vertices": [{"x": 291, "y": 234}, {"x": 327, "y": 234}, {"x": 327, "y": 248}, {"x": 291, "y": 248}]}}, {"confidence": 0.359999985, "description": "INVOICE", "boundingPoly": {"vertices": [{"x": 459, "y": 232}, {"x": 511, "y": 232}, {"x": 511, "y": 252}, {"x": 459, "y": 252}]}}, {"confidence": 0.979999959, "description": "DATE", "boundingPoly": {"vertices": [{"x": 510, "y": 232}, {"x": 546, "y": 232}, {"x": 546, "y": 252}, {"x": 510, "y": 252}]}}, {"confidence": 0.98999995, "description": "11/02/2019", "boundingPoly": {"vertices": [{"x": 632, "y": 237}, {"x": 698, "y": 237}, {"x": 698, "y": 252}, {"x": 632, "y": 252}]}}], [{"confidence": 0.98999995, "description": "2", "boundingPoly": {"vertices": [{"x": 52, "y": 251}, {"x": 64, "y": 251}, {"x": 64, "y": 266}, {"x": 52, "y": 266}]}}, {"confidence": 0.98999995, "description": "Court", "boundingPoly": {"vertices": [{"x": 63, "y": 252}, {"x": 97, "y": 252}, {"x": 97, "y": 267}, {"x": 63, "y": 267}]}}, {"confidence": 0.81, "description": "Square", "boundingPoly": {"vertices": [{"x": 97, "y": 252}, {"x": 141, "y": 252}, {"x": 141, "y": 268}, {"x": 97, "y": 268}]}}, {"confidence": 0.98999995, "description": "3787", "boundingPoly": {"vertices": [{"x": 260, "y": 252}, {"x": 292, "y": 252}, {"x": 292, "y": 266}, {"x": 260, "y": 266}]}}, {"confidence": 0.919999957, "description": "Pineview", "boundingPoly": {"vertices": [{"x": 292, "y": 252}, {"x": 347, "y": 252}, {"x": 347, "y": 267}, {"x": 292, "y": 267}]}}, {"confidence": 0.98999995, "description": "Drive", "boundingPoly": {"vertices": [{"x": 346, "y": 252}, {"x": 379, "y": 252}, {"x": 379, "y": 266}, {"x": 346, "y": 266}]}}, {"confidence": 0.539999962, "description": "P.O.#", "boundingPoly": {"vertices": [{"x": 460, "y": 258}, {"x": 493, "y": 258}, {"x": 493, "y": 277}, {"x": 460, "y": 277}]}}, {"confidence": 0.98999995, "description": "2312/2019", "boundingPoly": {"vertices": [{"x": 635, "y": 263}, {"x": 698, "y": 263}, {"x": 698, "y": 278}, {"x": 635, "y": 278}]}}], [{"confidence": 0.98999995, "description": "New", "boundingPoly": {"vertices": [{"x": 53, "y": 270}, {"x": 82, "y": 270}, {"x": 82, "y": 284}, {"x": 53, "y": 284}]}}, {"confidence": 0.979999959, "description": "York,", "boundingPoly": {"vertices": [{"x": 81, "y": 270}, {"x": 114, "y": 270}, {"x": 114, "y": 286}, {"x": 81, "y": 286}]}}, {"confidence": 0.98999995, "description": "NY", "boundingPoly": {"vertices": [{"x": 114, "y": 270}, {"x": 135, "y": 270}, {"x": 135, "y": 284}, {"x": 114, "y": 284}]}}, {"confidence": 0.5, "description": "12210", "boundingPoly": {"vertices": [{"x": 135, "y": 270}, {"x": 174, "y": 270}, {"x": 174, "y": 285}, {"x": 135, "y": 285}]}}, {"confidence": 0.849999964, "description": "Cambridge,", "boundingPoly": {"vertices": [{"x": 260, "y": 270}, {"x": 329, "y": 270}, {"x": 329, "y": 287}, {"x": 260, "y": 287}]}}, {"confidence": 0.98999995, "description": "MA", "boundingPoly": {"vertices": [{"x": 329, "y": 271}, {"x": 351, "y": 271}, {"x": 351, "y": 285}, {"x": 329, "y": 285}]}}, {"confidence": 0.48999998, "description": "12210", "boundingPoly": {"vertices": [{"x": 351, "y": 270}, {"x": 390, "y": 270}, {"x": 390, "y": 285}, {"x": 351, "y": 285}]}}], [{"confidence": 0.98999995, "description": "DUE", "boundingPoly": {"vertices": [{"x": 460, "y": 284}, {"x": 488, "y": 284}, {"x": 488, "y": 304}, {"x": 460, "y": 304}]}}, {"confidence": 0.98999995, "description": "DATE", "boundingPoly": {"vertices": [{"x": 487, "y": 284}, {"x": 521, "y": 284}, {"x": 521, "y": 304}, {"x": 487, "y": 304}]}}, {"confidence": 0.979999959, "description": "26/02/2019", "boundingPoly": {"vertices": [{"x": 631, "y": 290}, {"x": 698, "y": 290}, {"x": 698, "y": 304}, {"x": 631, "y": 304}]}}], [{"confidence": 0.95, "description": "*", "boundingPoly": {"vertices": [{"x": 52, "y": 324}, {"x": 66, "y": 324}, {"x": 66, "y": 338}, {"x": 52, "y": 338}]}}], [{"confidence": 0.51, "description": "OTY", "boundingPoly": {"vertices": [{"x": 73, "y": 353}, {"x": 100, "y": 353}, {"x": 100, "y": 372}, {"x": 73, "y": 372}]}}, {"confidence": 0.969999969, "description": "DESCRIPTION", "boundingPoly": {"vertices": [{"x": 223, "y": 353}, {"x": 305, "y": 353}, {"x": 305, "y": 372}, {"x": 223, "y": 372}]}}, {"confidence": 0.93, "description": "UNIT", "boundingPoly": {"vertices": [{"x": 454, "y": 353}, {"x": 485, "y": 353}, {"x": 485, "y": 371}, {"x": 454, "y": 371}]}}, {"confidence": 0.719999969, "description": "PRICE", "boundingPoly": {"vertices": [{"x": 485, "y": 352}, {"x": 523, "y": 352}, {"x": 523, "y": 372}, {"x": 485, "y": 372}]}}, {"confidence": 0.56, "description": "AMOUNT", "boundingPoly": {"vertices": [{"x": 632, "y": 353}, {"x": 688, "y": 353}, {"x": 688, "y": 372}, {"x": 632, "y": 372}]}}], [{"confidence": 0.98999995, "description": "1", "boundingPoly": {"vertices": [{"x": 81, "y": 390}, {"x": 90, "y": 390}, {"x": 90, "y": 404}, {"x": 81, "y": 404}]}}, {"confidence": 0.98999995, "description": "Front", "boundingPoly": {"vertices": [{"x": 126, "y": 390}, {"x": 159, "y": 390}, {"x": 159, "y": 404}, {"x": 126, "y": 404}]}}, {"confidence": 0.98999995, "description": "and", "boundingPoly": {"vertices": [{"x": 159, "y": 390}, {"x": 183, "y": 390}, {"x": 183, "y": 404}, {"x": 159, "y": 404}]}}, {"confidence": 0.98999995, "description": "rear", "boundingPoly": {"vertices": [{"x": 184, "y": 392}, {"x": 210, "y": 392}, {"x": 210, "y": 404}, {"x": 184, "y": 404}]}}, {"confidence": 0.98999995, "description": "brake", "boundingPoly": {"vertices": [{"x": 209, "y": 390}, {"x": 245, "y": 390}, {"x": 245, "y": 404}, {"x": 209, "y": 404}]}}, {"confidence": 0.799999952, "description": "cables", "boundingPoly": {"vertices": [{"x": 244, "y": 390}, {"x": 285, "y": 390}, {"x": 285, "y": 405}, {"x": 244, "y": 405}]}}, {"confidence": 0.789999962, "description": "100.00", "boundingPoly": {"vertices": [{"x": 482, "y": 390}, {"x": 524, "y": 390}, {"x": 524, "y": 405}, {"x": 482, "y": 405}]}}, {"confidence": 0.789999962, "description": "100.00", "boundingPoly": {"vertices": [{"x": 645, "y": 390}, {"x": 687, "y": 390}, {"x": 687, "y": 405}, {"x": 645, "y": 405}]}}], [{"confidence": 0.98999995, "description": "2", "boundingPoly": {"vertices": [{"x": 80, "y": 422}, {"x": 91, "y": 422}, {"x": 91, "y": 437}, {"x": 80, "y": 437}]}}, {"confidence": 0.98999995, "description": "New", "boundingPoly": {"vertices": [{"x": 126, "y": 423}, {"x": 155, "y": 423}, {"x": 155, "y": 436}, {"x": 126, "y": 436}]}}, {"confidence": 0.98999995, "description": "set", "boundingPoly": {"vertices": [{"x": 155, "y": 423}, {"x": 175, "y": 423}, {"x": 175, "y": 437}, {"x": 155, "y": 437}]}}, {"confidence": 0.98999995, "description": "of", "boundingPoly": {"vertices": [{"x": 175, "y": 423}, {"x": 189, "y": 423}, {"x": 189, "y": 437}, {"x": 175, "y": 437}]}}, {"confidence": 0.98999995, "description": "pedal", "boundingPoly": {"vertices": [{"x": 189, "y": 423}, {"x": 223, "y": 423}, {"x": 223, "y": 439}, {"x": 189, "y": 439}]}}, {"confidence": 0.62, "description": "arms", "boundingPoly": {"vertices": [{"x": 223, "y": 425}, {"x": 255, "y": 425}, {"x": 255, "y": 437}, {"x": 223, "y": 437}]}}, {"confidence": 0.98999995, "description": "15.00", "boundingPoly": {"vertices": [{"x": 489, "y": 422}, {"x": 524, "y": 422}, {"x": 524, "y": 437}, {"x": 489, "y": 437}]}}, {"confidence": 0.98999995, "description": "30.00", "boundingPoly": {"vertices": [{"x": 652, "y": 422}, {"x": 687, "y": 422}, {"x": 687, "y": 437}, {"x": 652, "y": 437}]}}], [{"confidence": 0.98999995, "description": "3", "boundingPoly": {"vertices": [{"x": 80, "y": 455}, {"x": 91, "y": 455}, {"x": 91, "y": 470}, {"x": 80, "y": 470}]}}, {"confidence": 0.98999995, "description": "Labor", "boundingPoly": {"vertices": [{"x": 126, "y": 455}, {"x": 162, "y": 455}, {"x": 162, "y": 470}, {"x": 126, "y": 470}]}}, {"confidence": 0.98999995, "description": "3hrs", "boundingPoly": {"vertices": [{"x": 162, "y": 455}, {"x": 190, "y": 455}, {"x": 190, "y": 469}, {"x": 162, "y": 469}]}}, {"confidence": 0.98999995, "description": "5.00", "boundingPoly": {"vertices": [{"x": 495, "y": 455}, {"x": 524, "y": 455}, {"x": 524, "y": 470}, {"x": 495, "y": 470}]}}, {"confidence": 0.98999995, "description": "15.00", "boundingPoly": {"vertices": [{"x": 652, "y": 455}, {"x": 687, "y": 455}, {"x": 687, "y": 470}, {"x": 652, "y": 470}]}}], [{"confidence": 0.979999959, "description": "Subtotal", "boundingPoly": {"vertices": [{"x": 473, "y": 499}, {"x": 524, "y": 499}, {"x": 524, "y": 513}, {"x": 473, "y": 513}]}}, {"confidence": 0.5, "description": "145.00", "boundingPoly": {"vertices": [{"x": 645, "y": 499}, {"x": 687, "y": 499}, {"x": 687, "y": 513}, {"x": 645, "y": 513}]}}], [{"confidence": 0.98999995, "description": "Sales", "boundingPoly": {"vertices": [{"x": 425, "y": 532}, {"x": 460, "y": 532}, {"x": 460, "y": 546}, {"x": 425, "y": 546}]}}, {"confidence": 0.98999995, "description": "Tax", "boundingPoly": {"vertices": [{"x": 459, "y": 532}, {"x": 485, "y": 532}, {"x": 485, "y": 546}, {"x": 459, "y": 546}]}}, {"confidence": 0.859999955, "description": "6.25%", "boundingPoly": {"vertices": [{"x": 484, "y": 532}, {"x": 524, "y": 532}, {"x": 524, "y": 546}, {"x": 484, "y": 546}]}}, {"confidence": 0.98999995, "description": "9.06", "boundingPoly": {"vertices": [{"x": 658, "y": 531}, {"x": 687, "y": 531}, {"x": 687, "y": 546}, {"x": 658, "y": 546}]}}], [{"confidence": 0.98999995, "description": "TOTAL", "boundingPoly": {"vertices": [{"x": 478, "y": 561}, {"x": 524, "y": 561}, {"x": 524, "y": 582}, {"x": 478, "y": 582}]}}, {"confidence": 0.7, "description": "$154.06", "boundingPoly": {"vertices": [{"x": 625, "y": 560}, {"x": 687, "y": 560}, {"x": 687, "y": 582}, {"x": 625, "y": 582}]}}], [{"confidence": 0.0, "description": "SNNSmth", "boundingPoly": {"vertices": [{"x": 556, "y": 621}, {"x": 697, "y": 621}, {"x": 697, "y": 676}, {"x": 556, "y": 676}]}}], [{"confidence": 0.98999995, "description": "TERMS", "boundingPoly": {"vertices": [{"x": 387, "y": 908}, {"x": 433, "y": 908}, {"x": 433, "y": 928}, {"x": 387, "y": 928}]}}, {"confidence": 0.47, "description": "a", "boundingPoly": {"vertices": [{"x": 432, "y": 908}, {"x": 444, "y": 908}, {"x": 444, "y": 928}, {"x": 432, "y": 928}]}}, {"confidence": 0.93, "description": "CONDITIONS", "boundingPoly": {"vertices": [{"x": 443, "y": 908}, {"x": 519, "y": 908}, {"x": 519, "y": 928}, {"x": 443, "y": 928}]}}], [{"confidence": 0.64, "description": "Payment", "boundingPoly": {"vertices": [{"x": 388, "y": 956}, {"x": 441, "y": 956}, {"x": 441, "y": 973}, {"x": 388, "y": 973}]}}, {"confidence": 0.98999995, "description": "is", "boundingPoly": {"vertices": [{"x": 440, "y": 956}, {"x": 454, "y": 956}, {"x": 454, "y": 971}, {"x": 440, "y": 971}]}}, {"confidence": 0.98999995, "description": "due", "boundingPoly": {"vertices": [{"x": 453, "y": 956}, {"x": 478, "y": 956}, {"x": 478, "y": 971}, {"x": 453, "y": 971}]}}, {"confidence": 0.98999995, "description": "within", "boundingPoly": {"vertices": [{"x": 478, "y": 956}, {"x": 514, "y": 956}, {"x": 514, "y": 971}, {"x": 478, "y": 971}]}}, {"confidence": 0.98999995, "description": "15", "boundingPoly": {"vertices": [{"x": 514, "y": 956}, {"x": 532, "y": 956}, {"x": 532, "y": 971}, {"x": 514, "y": 971}]}}, {"confidence": 0.98999995, "description": "days", "boundingPoly": {"vertices": [{"x": 531, "y": 956}, {"x": 562, "y": 956}, {"x": 562, "y": 974}, {"x": 531, "y": 974}]}}], [{"confidence": 0.099999994, "description": "Ohank", "boundingPoly": {"vertices": [{"x": 120, "y": 953}, {"x": 279, "y": 953}, {"x": 279, "y": 1010}, {"x": 120, "y": 1010}]}}, {"confidence": 0.58, "description": "yeu", "boundingPoly": {"vertices": [{"x": 289, "y": 971}, {"x": 382, "y": 971}, {"x": 382, "y": 1026}, {"x": 289, "y": 1026}]}}, {"confidence": 0.74, "description": "Please", "boundingPoly": {"vertices": [{"x": 388, "y": 992}, {"x": 430, "y": 992}, {"x": 430, "y": 1007}, {"x": 388, "y": 1007}]}}, {"confidence": 0.98999995, "description": "make", "boundingPoly": {"vertices": [{"x": 429, "y": 992}, {"x": 464, "y": 992}, {"x": 464, "y": 1007}, {"x": 429, "y": 1007}]}}, {"confidence": 0.539999962, "description": "checks", "boundingPoly": {"vertices": [{"x": 463, "y": 992}, {"x": 507, "y": 992}, {"x": 507, "y": 1007}, {"x": 463, "y": 1007}]}}, {"confidence": 0.56, "description": "payable", "boundingPoly": {"vertices": [{"x": 507, "y": 992}, {"x": 554, "y": 992}, {"x": 554, "y": 1010}, {"x": 507, "y": 1010}]}}, {"confidence": 0.98999995, "description": "to:", "boundingPoly": {"vertices": [{"x": 553, "y": 992}, {"x": 572, "y": 992}, {"x": 572, "y": 1007}, {"x": 553, "y": 1007}]}}, {"confidence": 0.98999995, "description": "East", "boundingPoly": {"vertices": [{"x": 572, "y": 992}, {"x": 601, "y": 992}, {"x": 601, "y": 1007}, {"x": 572, "y": 1007}]}}, {"confidence": 0.69, "description": "Repair", "boundingPoly": {"vertices": [{"x": 600, "y": 993}, {"x": 642, "y": 993}, {"x": 642, "y": 1009}, {"x": 600, "y": 1009}]}}, {"confidence": 0.98999995, "description": "Inc.", "boundingPoly": {"vertices": [{"x": 642, "y": 993}, {"x": 665, "y": 993}, {"x": 665, "y": 1007}, {"x": 642, "y": 1007}]}}]], "width": 750, "height": 1061}], "page_count": 1}