{"api_version": "1.2", "fields": {"page_size": [[750, 1061]], "name": {"multi_page": {"0": {"value": "East Repair Inc.", "value_raw": "East Repair Inc.", "confidence": 0.9375821948051453, "boxes": [{"description": "East", "boundingPoly": {"vertices": [{"x": 53.0, "y": 118.0}, {"x": 89.0, "y": 118.0}, {"x": 89.0, "y": 134.0}, {"x": 53.0, "y": 134.0}]}, "line": 0}, {"description": "Repair", "boundingPoly": {"vertices": [{"x": 89.0, "y": 117.0}, {"x": 140.0, "y": 117.0}, {"x": 140.0, "y": 136.0}, {"x": 89.0, "y": 136.0}]}, "line": 0}, {"description": "Inc.", "boundingPoly": {"vertices": [{"x": 140.0, "y": 117.0}, {"x": 169.0, "y": 117.0}, {"x": 169.0, "y": 134.0}, {"x": 140.0, "y": 134.0}]}, "line": 0}], "page": 0}}, "value": "East Repair Inc.", "value_raw": "East Repair Inc.", "confidence": 0.9375821948051453, "boxes": [{"description": "East", "boundingPoly": {"vertices": [{"x": 53.0, "y": 118.0}, {"x": 89.0, "y": 118.0}, {"x": 89.0, "y": 134.0}, {"x": 53.0, "y": 134.0}]}, "line": 0}, {"description": "Repair", "boundingPoly": {"vertices": [{"x": 89.0, "y": 117.0}, {"x": 140.0, "y": 117.0}, {"x": 140.0, "y": 136.0}, {"x": 89.0, "y": 136.0}]}, "line": 0}, {"description": "Inc.", "boundingPoly": {"vertices": [{"x": 140.0, "y": 117.0}, {"x": 169.0, "y": 117.0}, {"x": 169.0, "y": 134.0}, {"x": 140.0, "y": 134.0}]}, "line": 0}], "page": 0}, "vendor-addr": {"multi_page": {"0": {"value": "1912 Harvest Lane New York, NY 12210", "value_raw": "1912 Harvest Lane New York, NY 12210", "confidence": 0.9792759418487549, "boxes": [{"description": "1912", "boundingPoly": {"vertices": [{"x": 53.0, "y": 150.0}, {"x": 85.0, "y": 150.0}, {"x": 85.0, "y": 165.0}, {"x": 53.0, "y": 165.0}]}, "line": 1}, {"description": "Harvest", "boundingPoly": {"vertices": [{"x": 84.0, "y": 152.0}, {"x": 132.0, "y": 152.0}, {"x": 132.0, "y": 166.0}, {"x": 84.0, "y": 166.0}]}, "line": 1}, {"description": "Lane", "boundingPoly": {"vertices": [{"x": 131.0, "y": 151.0}, {"x": 164.0, "y": 151.0}, {"x": 164.0, "y": 166.0}, {"x": 131.0, "y": 166.0}]}, "line": 1}, {"description": "New", "boundingPoly": {"vertices": [{"x": 53.0, "y": 169.0}, {"x": 82.0, "y": 169.0}, {"x": 82.0, "y": 184.0}, {"x": 53.0, "y": 184.0}]}, "line": 2}, {"description": "York,", "boundingPoly": {"vertices": [{"x": 81.0, "y": 169.0}, {"x": 115.0, "y": 169.0}, {"x": 115.0, "y": 185.0}, {"x": 81.0, "y": 185.0}]}, "line": 2}, {"description": "NY", "boundingPoly": {"vertices": [{"x": 114.0, "y": 169.0}, {"x": 135.0, "y": 169.0}, {"x": 135.0, "y": 183.0}, {"x": 114.0, "y": 183.0}]}, "line": 2}, {"description": "12210", "boundingPoly": {"vertices": [{"x": 135.0, "y": 169.0}, {"x": 174.0, "y": 169.0}, {"x": 174.0, "y": 184.0}, {"x": 135.0, "y": 184.0}]}, "line": 2}], "page": 0}}, "value": "1912 Harvest Lane New York, NY 12210", "value_raw": "1912 Harvest Lane New York, NY 12210", "confidence": 0.9792759418487549, "boxes": [{"description": "1912", "boundingPoly": {"vertices": [{"x": 53.0, "y": 150.0}, {"x": 85.0, "y": 150.0}, {"x": 85.0, "y": 165.0}, {"x": 53.0, "y": 165.0}]}, "line": 1}, {"description": "Harvest", "boundingPoly": {"vertices": [{"x": 84.0, "y": 152.0}, {"x": 132.0, "y": 152.0}, {"x": 132.0, "y": 166.0}, {"x": 84.0, "y": 166.0}]}, "line": 1}, {"description": "Lane", "boundingPoly": {"vertices": [{"x": 131.0, "y": 151.0}, {"x": 164.0, "y": 151.0}, {"x": 164.0, "y": 166.0}, {"x": 131.0, "y": 166.0}]}, "line": 1}, {"description": "New", "boundingPoly": {"vertices": [{"x": 53.0, "y": 169.0}, {"x": 82.0, "y": 169.0}, {"x": 82.0, "y": 184.0}, {"x": 53.0, "y": 184.0}]}, "line": 2}, {"description": "York,", "boundingPoly": {"vertices": [{"x": 81.0, "y": 169.0}, {"x": 115.0, "y": 169.0}, {"x": 115.0, "y": 185.0}, {"x": 81.0, "y": 185.0}]}, "line": 2}, {"description": "NY", "boundingPoly": {"vertices": [{"x": 114.0, "y": 169.0}, {"x": 135.0, "y": 169.0}, {"x": 135.0, "y": 183.0}, {"x": 114.0, "y": 183.0}]}, "line": 2}, {"description": "12210", "boundingPoly": {"vertices": [{"x": 135.0, "y": 169.0}, {"x": 174.0, "y": 169.0}, {"x": 174.0, "y": 184.0}, {"x": 135.0, "y": 184.0}]}, "line": 2}], "page": 0}, "billing-name": {"multi_page": {"0": {"value": "John Smith", "value_raw": "John Smith", "confidence": 0.9717088341712952, "boxes": [{"description": "John", "boundingPoly": {"vertices": [{"x": 52.0, "y": 263.0}, {"x": 83.0, "y": 263.0}, {"x": 83.0, "y": 277.0}, {"x": 52.0, "y": 277.0}]}, "line": 4}, {"description": "Smith", "boundingPoly": {"vertices": [{"x": 83.0, "y": 262.0}, {"x": 120.0, "y": 262.0}, {"x": 120.0, "y": 278.0}, {"x": 83.0, "y": 278.0}]}, "line": 4}], "page": 0}}, "value": "John Smith", "value_raw": "John Smith", "confidence": 0.9717088341712952, "boxes": [{"description": "John", "boundingPoly": {"vertices": [{"x": 52.0, "y": 263.0}, {"x": 83.0, "y": 263.0}, {"x": 83.0, "y": 277.0}, {"x": 52.0, "y": 277.0}]}, "line": 4}, {"description": "Smith", "boundingPoly": {"vertices": [{"x": 83.0, "y": 262.0}, {"x": 120.0, "y": 262.0}, {"x": 120.0, "y": 278.0}, {"x": 83.0, "y": 278.0}]}, "line": 4}], "page": 0}, "billing-addr": {"multi_page": {"0": {"value": "2 Court Square New York, NY 12210", "value_raw": "2 Court Square New York, NY 12210", "confidence": 0.9841257929801941, "boxes": [{"description": "2", "boundingPoly": {"vertices": [{"x": 52.0, "y": 281.0}, {"x": 64.0, "y": 281.0}, {"x": 64.0, "y": 296.0}, {"x": 52.0, "y": 296.0}]}, "line": 5}, {"description": "Court", "boundingPoly": {"vertices": [{"x": 63.0, "y": 281.0}, {"x": 97.0, "y": 281.0}, {"x": 97.0, "y": 296.0}, {"x": 63.0, "y": 296.0}]}, "line": 5}, {"description": "Square", "boundingPoly": {"vertices": [{"x": 97.0, "y": 281.0}, {"x": 142.0, "y": 281.0}, {"x": 142.0, "y": 298.0}, {"x": 97.0, "y": 298.0}]}, "line": 5}, {"description": "New", "boundingPoly": {"vertices": [{"x": 53.0, "y": 299.0}, {"x": 82.0, "y": 299.0}, {"x": 82.0, "y": 314.0}, {"x": 53.0, "y": 314.0}]}, "line": 6}, {"description": "York,", "boundingPoly": {"vertices": [{"x": 81.0, "y": 299.0}, {"x": 114.0, "y": 299.0}, {"x": 114.0, "y": 315.0}, {"x": 81.0, "y": 315.0}]}, "line": 6}, {"description": "NY", "boundingPoly": {"vertices": [{"x": 114.0, "y": 299.0}, {"x": 135.0, "y": 299.0}, {"x": 135.0, "y": 314.0}, {"x": 114.0, "y": 314.0}]}, "line": 6}, {"description": "12210", "boundingPoly": {"vertices": [{"x": 136.0, "y": 299.0}, {"x": 175.0, "y": 299.0}, {"x": 175.0, "y": 314.0}, {"x": 136.0, "y": 314.0}]}, "line": 6}], "page": 0}}, "value": "2 Court Square New York, NY 12210", "value_raw": "2 Court Square New York, NY 12210", "confidence": 0.9841257929801941, "boxes": [{"description": "2", "boundingPoly": {"vertices": [{"x": 52.0, "y": 281.0}, {"x": 64.0, "y": 281.0}, {"x": 64.0, "y": 296.0}, {"x": 52.0, "y": 296.0}]}, "line": 5}, {"description": "Court", "boundingPoly": {"vertices": [{"x": 63.0, "y": 281.0}, {"x": 97.0, "y": 281.0}, {"x": 97.0, "y": 296.0}, {"x": 63.0, "y": 296.0}]}, "line": 5}, {"description": "Square", "boundingPoly": {"vertices": [{"x": 97.0, "y": 281.0}, {"x": 142.0, "y": 281.0}, {"x": 142.0, "y": 298.0}, {"x": 97.0, "y": 298.0}]}, "line": 5}, {"description": "New", "boundingPoly": {"vertices": [{"x": 53.0, "y": 299.0}, {"x": 82.0, "y": 299.0}, {"x": 82.0, "y": 314.0}, {"x": 53.0, "y": 314.0}]}, "line": 6}, {"description": "York,", "boundingPoly": {"vertices": [{"x": 81.0, "y": 299.0}, {"x": 114.0, "y": 299.0}, {"x": 114.0, "y": 315.0}, {"x": 81.0, "y": 315.0}]}, "line": 6}, {"description": "NY", "boundingPoly": {"vertices": [{"x": 114.0, "y": 299.0}, {"x": 135.0, "y": 299.0}, {"x": 135.0, "y": 314.0}, {"x": 114.0, "y": 314.0}]}, "line": 6}, {"description": "12210", "boundingPoly": {"vertices": [{"x": 136.0, "y": 299.0}, {"x": 175.0, "y": 299.0}, {"x": 175.0, "y": 314.0}, {"x": 136.0, "y": 314.0}]}, "line": 6}], "page": 0}, "shipping-addr": {"multi_page": {"0": {"value": "John Smith 3787 Pineview Drive Cambridge, MA 12210", "value_raw": "John Smith 3787 Pineview Drive Cambridge, MA 12210", "confidence": 0.949521005153656, "boxes": [{"description": "John", "boundingPoly": {"vertices": [{"x": 271.0, "y": 262.0}, {"x": 303.0, "y": 262.0}, {"x": 303.0, "y": 277.0}, {"x": 271.0, "y": 277.0}]}, "line": 4}, {"description": "Smith", "boundingPoly": {"vertices": [{"x": 302.0, "y": 263.0}, {"x": 338.0, "y": 263.0}, {"x": 338.0, "y": 277.0}, {"x": 302.0, "y": 277.0}]}, "line": 4}, {"description": "3787", "boundingPoly": {"vertices": [{"x": 271.0, "y": 281.0}, {"x": 304.0, "y": 281.0}, {"x": 304.0, "y": 296.0}, {"x": 271.0, "y": 296.0}]}, "line": 5}, {"description": "Pineview", "boundingPoly": {"vertices": [{"x": 303.0, "y": 281.0}, {"x": 357.0, "y": 281.0}, {"x": 357.0, "y": 296.0}, {"x": 303.0, "y": 296.0}]}, "line": 5}, {"description": "Drive", "boundingPoly": {"vertices": [{"x": 357.0, "y": 281.0}, {"x": 390.0, "y": 281.0}, {"x": 390.0, "y": 296.0}, {"x": 357.0, "y": 296.0}]}, "line": 5}, {"description": "Cambridge,", "boundingPoly": {"vertices": [{"x": 271.0, "y": 299.0}, {"x": 340.0, "y": 299.0}, {"x": 340.0, "y": 316.0}, {"x": 271.0, "y": 316.0}]}, "line": 6}, {"description": "MA", "boundingPoly": {"vertices": [{"x": 340.0, "y": 299.0}, {"x": 362.0, "y": 299.0}, {"x": 362.0, "y": 314.0}, {"x": 340.0, "y": 314.0}]}, "line": 6}, {"description": "12210", "boundingPoly": {"vertices": [{"x": 363.0, "y": 299.0}, {"x": 401.0, "y": 299.0}, {"x": 401.0, "y": 314.0}, {"x": 363.0, "y": 314.0}]}, "line": 6}], "page": 0}}, "value": "John Smith 3787 Pineview Drive Cambridge, MA 12210", "value_raw": "John Smith 3787 Pineview Drive Cambridge, MA 12210", "confidence": 0.949521005153656, "boxes": [{"description": "John", "boundingPoly": {"vertices": [{"x": 271.0, "y": 262.0}, {"x": 303.0, "y": 262.0}, {"x": 303.0, "y": 277.0}, {"x": 271.0, "y": 277.0}]}, "line": 4}, {"description": "Smith", "boundingPoly": {"vertices": [{"x": 302.0, "y": 263.0}, {"x": 338.0, "y": 263.0}, {"x": 338.0, "y": 277.0}, {"x": 302.0, "y": 277.0}]}, "line": 4}, {"description": "3787", "boundingPoly": {"vertices": [{"x": 271.0, "y": 281.0}, {"x": 304.0, "y": 281.0}, {"x": 304.0, "y": 296.0}, {"x": 271.0, "y": 296.0}]}, "line": 5}, {"description": "Pineview", "boundingPoly": {"vertices": [{"x": 303.0, "y": 281.0}, {"x": 357.0, "y": 281.0}, {"x": 357.0, "y": 296.0}, {"x": 303.0, "y": 296.0}]}, "line": 5}, {"description": "Drive", "boundingPoly": {"vertices": [{"x": 357.0, "y": 281.0}, {"x": 390.0, "y": 281.0}, {"x": 390.0, "y": 296.0}, {"x": 357.0, "y": 296.0}]}, "line": 5}, {"description": "Cambridge,", "boundingPoly": {"vertices": [{"x": 271.0, "y": 299.0}, {"x": 340.0, "y": 299.0}, {"x": 340.0, "y": 316.0}, {"x": 271.0, "y": 316.0}]}, "line": 6}, {"description": "MA", "boundingPoly": {"vertices": [{"x": 340.0, "y": 299.0}, {"x": 362.0, "y": 299.0}, {"x": 362.0, "y": 314.0}, {"x": 340.0, "y": 314.0}]}, "line": 6}, {"description": "12210", "boundingPoly": {"vertices": [{"x": 363.0, "y": 299.0}, {"x": 401.0, "y": 299.0}, {"x": 401.0, "y": 314.0}, {"x": 363.0, "y": 314.0}]}, "line": 6}], "page": 0}, "invoice-no": {"multi_page": {"0": {"value": "US-001", "value_raw": "US-001", "confidence": 0.9545543193817139, "boxes": [{"description": "US-001", "boundingPoly": {"vertices": [{"x": 651.0, "y": 238.0}, {"x": 697.0, "y": 238.0}, {"x": 697.0, "y": 253.0}, {"x": 651.0, "y": 253.0}]}, "line": 3}], "page": 0}}, "value": "US-001", "value_raw": "US-001", "confidence": 0.9545543193817139, "boxes": [{"description": "US-001", "boundingPoly": {"vertices": [{"x": 651.0, "y": 238.0}, {"x": 697.0, "y": 238.0}, {"x": 697.0, "y": 253.0}, {"x": 651.0, "y": 253.0}]}, "line": 3}], "page": 0}, "po-no": {"multi_page": {}, "value": "", "value_raw": "", "confidence": 0.0, "boxes": [], "page": 0}, "vendor-vat-no": {"multi_page": {}, "value": "", "value_raw": "", "confidence": 0.0, "boxes": [], "page": 0}, "date": {"multi_page": {"0": {"value": "2019-11-02", "value_raw": "11/02/2019", "confidence": 0.9702668786048889, "boxes": [{"description": "11/02/2019", "boundingPoly": {"vertices": [{"x": 632.0, "y": 264.0}, {"x": 698.0, "y": 264.0}, {"x": 698.0, "y": 279.0}, {"x": 632.0, "y": 279.0}]}, "line": 4}], "date_potentially_ambiguous": true, "page": 0}}, "value": "2019-02-11", "value_raw": "11/02/2019", "confidence": 0.9702668786048889, "boxes": [{"description": "11/02/2019", "boundingPoly": {"vertices": [{"x": 632.0, "y": 264.0}, {"x": 698.0, "y": 264.0}, {"x": 698.0, "y": 279.0}, {"x": 632.0, "y": 279.0}]}, "line": 4}], "page": 0}, "tax": {"multi_page": {"0": {"value": "9.06", "value_raw": "9.06", "confidence": 0.7137762308120728, "boxes": [{"description": "9.06", "boundingPoly": {"vertices": [{"x": 670.0, "y": 642.0}, {"x": 699.0, "y": 642.0}, {"x": 699.0, "y": 657.0}, {"x": 670.0, "y": 657.0}]}, "line": 14}], "page": 0}}, "value": "9.06", "value_raw": "9.06", "confidence": 0.7137762308120728, "boxes": [{"description": "9.06", "boundingPoly": {"vertices": [{"x": 670.0, "y": 642.0}, {"x": 699.0, "y": 642.0}, {"x": 699.0, "y": 657.0}, {"x": 670.0, "y": 657.0}]}, "line": 14}], "page": 0}, "total": {"multi_page": {"0": {"value": "154.06", "value_raw": "$154.06", "confidence": 0.8668069839477539, "boxes": [{"description": "$154.06", "boundingPoly": {"vertices": [{"x": 563.0, "y": 385.0}, {"x": 695.0, "y": 385.0}, {"x": 695.0, "y": 420.0}, {"x": 563.0, "y": 420.0}]}, "line": 8}], "page": 0}}, "value": "154.06", "value_raw": "$154.06", "confidence": 0.8668069839477539, "boxes": [{"description": "$154.06", "boundingPoly": {"vertices": [{"x": 563.0, "y": 385.0}, {"x": 695.0, "y": 385.0}, {"x": 695.0, "y": 420.0}, {"x": 563.0, "y": 420.0}]}, "line": 8}], "page": 0}, "payment-terms": {"multi_page": {"0": {"value": "15 days", "value_raw": "15 days", "confidence": 0.8340914845466614, "boxes": [{"description": "15", "boundingPoly": {"vertices": [{"x": 180.0, "y": 926.0}, {"x": 196.0, "y": 926.0}, {"x": 196.0, "y": 939.0}, {"x": 180.0, "y": 939.0}]}, "line": 17}, {"description": "days", "boundingPoly": {"vertices": [{"x": 196.0, "y": 926.0}, {"x": 227.0, "y": 926.0}, {"x": 227.0, "y": 942.0}, {"x": 196.0, "y": 942.0}]}, "line": 17}], "page": 0}}, "value": "15 days", "value_raw": "15 days", "confidence": 0.8340914845466614, "boxes": [{"description": "15", "boundingPoly": {"vertices": [{"x": 180.0, "y": 926.0}, {"x": 196.0, "y": 926.0}, {"x": 196.0, "y": 939.0}, {"x": 180.0, "y": 939.0}]}, "line": 17}, {"description": "days", "boundingPoly": {"vertices": [{"x": 196.0, "y": 926.0}, {"x": 227.0, "y": 926.0}, {"x": 227.0, "y": 942.0}, {"x": 196.0, "y": 942.0}]}, "line": 17}], "page": 0}, "net-amount": {"multi_page": {"0": {"value": "145.00", "value_raw": "145.00", "confidence": 0.9663324356079102, "boxes": [{"description": "145.00", "boundingPoly": {"vertices": [{"x": 656.0, "y": 614.0}, {"x": 698.0, "y": 614.0}, {"x": 698.0, "y": 629.0}, {"x": 656.0, "y": 629.0}]}, "line": 13}], "page": 0}}, "value": "145.00", "value_raw": "145.00", "confidence": 0.9663324356079102, "boxes": [{"description": "145.00", "boundingPoly": {"vertices": [{"x": 656.0, "y": 614.0}, {"x": 698.0, "y": 614.0}, {"x": 698.0, "y": 629.0}, {"x": 656.0, "y": 629.0}]}, "line": 13}], "page": 0}, "due-date": {"multi_page": {"0": {"value": "2019-02-26", "value_raw": "26/02/2019", "confidence": 0.9833816289901733, "boxes": [{"description": "26/02/2019", "boundingPoly": {"vertices": [{"x": 631.0, "y": 317.0}, {"x": 698.0, "y": 317.0}, {"x": 698.0, "y": 332.0}, {"x": 631.0, "y": 332.0}]}, "line": 7}], "date_potentially_ambiguous": false, "page": 0}}, "value": "2019-02-26", "value_raw": "26/02/2019", "confidence": 0.9833816289901733, "boxes": [{"description": "26/02/2019", "boundingPoly": {"vertices": [{"x": 631.0, "y": 317.0}, {"x": 698.0, "y": 317.0}, {"x": 698.0, "y": 332.0}, {"x": 631.0, "y": 332.0}]}, "line": 7}], "page": 0}, "discount": {"multi_page": {}, "value": "", "value_raw": "", "confidence": 0.0, "boxes": [], "page": 0}, "shipping-charges": {"multi_page": {}, "value": "", "value_raw": "", "confidence": 0.0, "boxes": [], "page": 0}, "payment-addr": {"multi_page": {}, "value": "", "value_raw": "", "confidence": 0.0, "boxes": [], "page": 0}, "billing-vat-no": {"multi_page": {}, "value": "", "value_raw": "", "confidence": 0.0, "boxes": [], "page": 0}, "items": [{"quantity": {"value": "1", "confidence": 0.8422651290893555, "boxes": [{"description": "1", "boundingPoly": {"vertices": [{"x": 53.0, "y": 511.0}, {"x": 62.0, "y": 511.0}, {"x": 62.0, "y": 526.0}, {"x": 53.0, "y": 526.0}]}, "line": 10}], "page": 0}, "description": {"value": "Front and rear brake cables", "confidence": 0.9705312252044678, "boxes": [{"description": "Front", "boundingPoly": {"vertices": [{"x": 123.0, "y": 512.0}, {"x": 156.0, "y": 512.0}, {"x": 156.0, "y": 526.0}, {"x": 123.0, "y": 526.0}]}, "line": 10}, {"description": "and", "boundingPoly": {"vertices": [{"x": 156.0, "y": 512.0}, {"x": 180.0, "y": 512.0}, {"x": 180.0, "y": 526.0}, {"x": 156.0, "y": 526.0}]}, "line": 10}, {"description": "rear", "boundingPoly": {"vertices": [{"x": 180.0, "y": 513.0}, {"x": 206.0, "y": 513.0}, {"x": 206.0, "y": 526.0}, {"x": 180.0, "y": 526.0}]}, "line": 10}, {"description": "brake", "boundingPoly": {"vertices": [{"x": 205.0, "y": 511.0}, {"x": 241.0, "y": 511.0}, {"x": 241.0, "y": 526.0}, {"x": 205.0, "y": 526.0}]}, "line": 10}, {"description": "cables", "boundingPoly": {"vertices": [{"x": 240.0, "y": 512.0}, {"x": 281.0, "y": 512.0}, {"x": 281.0, "y": 526.0}, {"x": 240.0, "y": 526.0}]}, "line": 10}], "page": 0}, "unit-price": {"value": "100.00", "confidence": 0.9725019335746765, "boxes": [{"description": "100.00", "boundingPoly": {"vertices": [{"x": 493.0, "y": 512.0}, {"x": 535.0, "y": 512.0}, {"x": 535.0, "y": 526.0}, {"x": 493.0, "y": 526.0}]}, "line": 10}], "page": 0}, "line-amount": {"value": "100.00", "confidence": 0.9810840487480164, "boxes": [{"description": "100.00", "boundingPoly": {"vertices": [{"x": 656.0, "y": 512.0}, {"x": 699.0, "y": 512.0}, {"x": 699.0, "y": 526.0}, {"x": 656.0, "y": 526.0}]}, "line": 10}], "page": 0}, "item-po-no": {"value": "", "confidence": 0.0, "boxes": [], "page": 0}, "line-no": {"value": "", "confidence": 0.0, "boxes": [], "page": 0}, "part-no": {"value": "", "confidence": 0.0, "boxes": [], "page": 0}}, {"quantity": {"value": "2", "confidence": 0.8938261866569519, "boxes": [{"description": "2", "boundingPoly": {"vertices": [{"x": 52.0, "y": 540.0}, {"x": 64.0, "y": 540.0}, {"x": 64.0, "y": 555.0}, {"x": 52.0, "y": 555.0}]}, "line": 11}], "page": 0}, "description": {"value": "New set of pedal arms", "confidence": 0.9792528748512268, "boxes": [{"description": "New", "boundingPoly": {"vertices": [{"x": 123.0, "y": 540.0}, {"x": 153.0, "y": 540.0}, {"x": 153.0, "y": 555.0}, {"x": 123.0, "y": 555.0}]}, "line": 11}, {"description": "set", "boundingPoly": {"vertices": [{"x": 151.0, "y": 541.0}, {"x": 171.0, "y": 541.0}, {"x": 171.0, "y": 554.0}, {"x": 151.0, "y": 554.0}]}, "line": 11}, {"description": "of", "boundingPoly": {"vertices": [{"x": 172.0, "y": 541.0}, {"x": 186.0, "y": 541.0}, {"x": 186.0, "y": 555.0}, {"x": 172.0, "y": 555.0}]}, "line": 11}, {"description": "pedal", "boundingPoly": {"vertices": [{"x": 186.0, "y": 541.0}, {"x": 220.0, "y": 541.0}, {"x": 220.0, "y": 557.0}, {"x": 186.0, "y": 557.0}]}, "line": 11}, {"description": "arms", "boundingPoly": {"vertices": [{"x": 220.0, "y": 542.0}, {"x": 251.0, "y": 542.0}, {"x": 251.0, "y": 555.0}, {"x": 220.0, "y": 555.0}]}, "line": 11}], "page": 0}, "unit-price": {"value": "15.00", "confidence": 0.9774906635284424, "boxes": [{"description": "15.00", "boundingPoly": {"vertices": [{"x": 500.0, "y": 540.0}, {"x": 535.0, "y": 540.0}, {"x": 535.0, "y": 555.0}, {"x": 500.0, "y": 555.0}]}, "line": 11}], "page": 0}, "line-amount": {"value": "30.00", "confidence": 0.9890888333320618, "boxes": [{"description": "30.00", "boundingPoly": {"vertices": [{"x": 662.0, "y": 540.0}, {"x": 699.0, "y": 540.0}, {"x": 699.0, "y": 555.0}, {"x": 662.0, "y": 555.0}]}, "line": 11}], "page": 0}, "item-po-no": {"value": "", "confidence": 0.0, "boxes": [], "page": 0}, "line-no": {"value": "", "confidence": 0.0, "boxes": [], "page": 0}, "part-no": {"value": "", "confidence": 0.0, "boxes": [], "page": 0}}, {"quantity": {"value": "3", "confidence": 0.7875934839248657, "boxes": [{"description": "3", "boundingPoly": {"vertices": [{"x": 52.0, "y": 569.0}, {"x": 64.0, "y": 569.0}, {"x": 64.0, "y": 584.0}, {"x": 52.0, "y": 584.0}]}, "line": 12}], "page": 0}, "description": {"value": "Labor 3hrs", "confidence": 0.9654252529144287, "boxes": [{"description": "Labor", "boundingPoly": {"vertices": [{"x": 122.0, "y": 569.0}, {"x": 159.0, "y": 569.0}, {"x": 159.0, "y": 584.0}, {"x": 122.0, "y": 584.0}]}, "line": 12}, {"description": "3hrs", "boundingPoly": {"vertices": [{"x": 157.0, "y": 568.0}, {"x": 187.0, "y": 568.0}, {"x": 187.0, "y": 584.0}, {"x": 157.0, "y": 584.0}]}, "line": 12}], "page": 0}, "unit-price": {"value": "5.00", "confidence": 0.9751672148704529, "boxes": [{"description": "5.00", "boundingPoly": {"vertices": [{"x": 506.0, "y": 569.0}, {"x": 535.0, "y": 569.0}, {"x": 535.0, "y": 584.0}, {"x": 506.0, "y": 584.0}]}, "line": 12}], "page": 0}, "line-amount": {"value": "15.00", "confidence": 0.980440080165863, "boxes": [{"description": "15.00", "boundingPoly": {"vertices": [{"x": 664.0, "y": 570.0}, {"x": 698.0, "y": 570.0}, {"x": 698.0, "y": 584.0}, {"x": 664.0, "y": 584.0}]}, "line": 12}], "page": 0}, "item-po-no": {"value": "", "confidence": 0.0, "boxes": [], "page": 0}, "line-no": {"value": "", "confidence": 0.0, "boxes": [], "page": 0}, "part-no": {"value": "", "confidence": 0.0, "boxes": [], "page": 0}}], "currency": {"value": "USD", "confidence": 0.870778501033783}}, "pages": [{"page_rotation": 0, "boxes": [[{"confidence": 0.98999995, "description": "East", "boundingPoly": {"vertices": [{"x": 53, "y": 118}, {"x": 89, "y": 118}, {"x": 89, "y": 134}, {"x": 53, "y": 134}]}}, {"confidence": 0.98999995, "description": "Repair", "boundingPoly": {"vertices": [{"x": 89, "y": 117}, {"x": 140, "y": 117}, {"x": 140, "y": 136}, {"x": 89, "y": 136}]}}, {"confidence": 0.98999995, "description": "Inc.", "boundingPoly": {"vertices": [{"x": 140, "y": 117}, {"x": 169, "y": 117}, {"x": 169, "y": 134}, {"x": 140, "y": 134}]}}], [{"confidence": 0.98999995, "description": "1912", "boundingPoly": {"vertices": [{"x": 53, "y": 150}, {"x": 85, "y": 150}, {"x": 85, "y": 165}, {"x": 53, "y": 165}]}}, {"confidence": 0.98999995, "description": "Harvest", "boundingPoly": {"vertices": [{"x": 84, "y": 152}, {"x": 132, "y": 152}, {"x": 132, "y": 166}, {"x": 84, "y": 166}]}}, {"confidence": 0.98999995, "description": "Lane", "boundingPoly": {"vertices": [{"x": 131, "y": 151}, {"x": 164, "y": 151}, {"x": 164, "y": 166}, {"x": 131, "y": 166}]}}], [{"confidence": 0.98999995, "description": "New", "boundingPoly": {"vertices": [{"x": 53, "y": 169}, {"x": 82, "y": 169}, {"x": 82, "y": 184}, {"x": 53, "y": 184}]}}, {"confidence": 0.98999995, "description": "York,", "boundingPoly": {"vertices": [{"x": 81, "y": 169}, {"x": 115, "y": 169}, {"x": 115, "y": 185}, {"x": 81, "y": 185}]}}, {"confidence": 0.98999995, "description": "NY", "boundingPoly": {"vertices": [{"x": 114, "y": 169}, {"x": 135, "y": 169}, {"x": 135, "y": 183}, {"x": 114, "y": 183}]}}, {"confidence": 0.98999995, "description": "12210", "boundingPoly": {"vertices": [{"x": 135, "y": 169}, {"x": 174, "y": 169}, {"x": 174, "y": 184}, {"x": 135, "y": 184}]}}], [{"confidence": 0.98999995, "description": "BILL", "boundingPoly": {"vertices": [{"x": 53, "y": 237}, {"x": 89, "y": 237}, {"x": 89, "y": 253}, {"x": 53, "y": 253}]}}, {"confidence": 0.98999995, "description": "TO", "boundingPoly": {"vertices": [{"x": 89, "y": 237}, {"x": 115, "y": 237}, {"x": 115, "y": 253}, {"x": 89, "y": 253}]}}, {"confidence": 0.98999995, "description": "SHIP", "boundingPoly": {"vertices": [{"x": 271, "y": 237}, {"x": 310, "y": 237}, {"x": 310, "y": 253}, {"x": 271, "y": 253}]}}, {"confidence": 0.98999995, "description": "TO", "boundingPoly": {"vertices": [{"x": 311, "y": 237}, {"x": 335, "y": 237}, {"x": 335, "y": 253}, {"x": 311, "y": 253}]}}, {"confidence": 0.979999959, "description": "INVOICE", "boundingPoly": {"vertices": [{"x": 460, "y": 237}, {"x": 525, "y": 237}, {"x": 525, "y": 253}, {"x": 460, "y": 253}]}}, {"confidence": 0.98999995, "description": "#", "boundingPoly": {"vertices": [{"x": 526, "y": 236}, {"x": 538, "y": 236}, {"x": 538, "y": 254}, {"x": 526, "y": 254}]}}, {"confidence": 0.98999995, "description": "US-001", "boundingPoly": {"vertices": [{"x": 651, "y": 238}, {"x": 697, "y": 238}, {"x": 697, "y": 253}, {"x": 651, "y": 253}]}}], [{"confidence": 0.98999995, "description": "John", "boundingPoly": {"vertices": [{"x": 52, "y": 263}, {"x": 83, "y": 263}, {"x": 83, "y": 277}, {"x": 52, "y": 277}]}}, {"confidence": 0.98999995, "description": "Smith", "boundingPoly": {"vertices": [{"x": 83, "y": 262}, {"x": 120, "y": 262}, {"x": 120, "y": 278}, {"x": 83, "y": 278}]}}, {"confidence": 0.98999995, "description": "John", "boundingPoly": {"vertices": [{"x": 271, "y": 262}, {"x": 303, "y": 262}, {"x": 303, "y": 277}, {"x": 271, "y": 277}]}}, {"confidence": 0.98999995, "description": "Smith", "boundingPoly": {"vertices": [{"x": 302, "y": 263}, {"x": 338, "y": 263}, {"x": 338, "y": 277}, {"x": 302, "y": 277}]}}, {"confidence": 0.979999959, "description": "INVOICE", "boundingPoly": {"vertices": [{"x": 460, "y": 263}, {"x": 526, "y": 263}, {"x": 526, "y": 280}, {"x": 460, "y": 280}]}}, {"confidence": 0.98999995, "description": "DATE", "boundingPoly": {"vertices": [{"x": 526, "y": 264}, {"x": 571, "y": 264}, {"x": 571, "y": 280}, {"x": 526, "y": 280}]}}, {"confidence": 0.98999995, "description": "11/02/2019", "boundingPoly": {"vertices": [{"x": 632, "y": 264}, {"x": 698, "y": 264}, {"x": 698, "y": 279}, {"x": 632, "y": 279}]}}], [{"confidence": 0.98999995, "description": "2", "boundingPoly": {"vertices": [{"x": 52, "y": 281}, {"x": 64, "y": 281}, {"x": 64, "y": 296}, {"x": 52, "y": 296}]}}, {"confidence": 0.98999995, "description": "Court", "boundingPoly": {"vertices": [{"x": 63, "y": 281}, {"x": 97, "y": 281}, {"x": 97, "y": 296}, {"x": 63, "y": 296}]}}, {"confidence": 0.98999995, "description": "Square", "boundingPoly": {"vertices": [{"x": 97, "y": 281}, {"x": 142, "y": 281}, {"x": 142, "y": 298}, {"x": 97, "y": 298}]}}, {"confidence": 0.98999995, "description": "3787", "boundingPoly": {"vertices": [{"x": 271, "y": 281}, {"x": 304, "y": 281}, {"x": 304, "y": 296}, {"x": 271, "y": 296}]}}, {"confidence": 0.98999995, "description": "Pineview", "boundingPoly": {"vertices": [{"x": 303, "y": 281}, {"x": 357, "y": 281}, {"x": 357, "y": 296}, {"x": 303, "y": 296}]}}, {"confidence": 0.98999995, "description": "Drive", "boundingPoly": {"vertices": [{"x": 357, "y": 281}, {"x": 390, "y": 281}, {"x": 390, "y": 296}, {"x": 357, "y": 296}]}}], [{"confidence": 0.98999995, "description": "New", "boundingPoly": {"vertices": [{"x": 53, "y": 299}, {"x": 82, "y": 299}, {"x": 82, "y": 314}, {"x": 53, "y": 314}]}}, {"confidence": 0.98999995, "description": "York,", "boundingPoly": {"vertices": [{"x": 81, "y": 299}, {"x": 114, "y": 299}, {"x": 114, "y": 315}, {"x": 81, "y": 315}]}}, {"confidence": 0.98999995, "description": "NY", "boundingPoly": {"vertices": [{"x": 114, "y": 299}, {"x": 135, "y": 299}, {"x": 135, "y": 314}, {"x": 114, "y": 314}]}}, {"confidence": 0.98999995, "description": "12210", "boundingPoly": {"vertices": [{"x": 136, "y": 299}, {"x": 175, "y": 299}, {"x": 175, "y": 314}, {"x": 136, "y": 314}]}}, {"confidence": 0.95, "description": "Cambridge,", "boundingPoly": {"vertices": [{"x": 271, "y": 299}, {"x": 340, "y": 299}, {"x": 340, "y": 316}, {"x": 271, "y": 316}]}}, {"confidence": 0.98999995, "description": "MA", "boundingPoly": {"vertices": [{"x": 340, "y": 299}, {"x": 362, "y": 299}, {"x": 362, "y": 314}, {"x": 340, "y": 314}]}}, {"confidence": 0.98999995, "description": "12210", "boundingPoly": {"vertices": [{"x": 363, "y": 299}, {"x": 401, "y": 299}, {"x": 401, "y": 314}, {"x": 363, "y": 314}]}}, {"confidence": 0.95, "description": "P.O.#", "boundingPoly": {"vertices": [{"x": 460, "y": 289}, {"x": 504, "y": 289}, {"x": 504, "y": 306}, {"x": 460, "y": 306}]}}, {"confidence": 0.98999995, "description": "2312/2019", "boundingPoly": {"vertices": [{"x": 635, "y": 290}, {"x": 698, "y": 290}, {"x": 698, "y": 305}, {"x": 635, "y": 305}]}}], [{"confidence": 0.979999959, "description": "DUE", "boundingPoly": {"vertices": [{"x": 460, "y": 316}, {"x": 495, "y": 316}, {"x": 495, "y": 332}, {"x": 460, "y": 332}]}}, {"confidence": 0.98999995, "description": "DATE", "boundingPoly": {"vertices": [{"x": 496, "y": 316}, {"x": 541, "y": 316}, {"x": 541, "y": 332}, {"x": 496, "y": 332}]}}, {"confidence": 0.98999995, "description": "26/02/2019", "boundingPoly": {"vertices": [{"x": 631, "y": 317}, {"x": 698, "y": 317}, {"x": 698, "y": 332}, {"x": 631, "y": 332}]}}], [{"confidence": 0.98999995, "description": "Invoice", "boundingPoly": {"vertices": [{"x": 53, "y": 387}, {"x": 177, "y": 387}, {"x": 177, "y": 419}, {"x": 53, "y": 419}]}}, {"confidence": 0.98999995, "description": "Total", "boundingPoly": {"vertices": [{"x": 183, "y": 387}, {"x": 271, "y": 387}, {"x": 271, "y": 419}, {"x": 183, "y": 419}]}}, {"confidence": 0.98999995, "description": "$154.06", "boundingPoly": {"vertices": [{"x": 563, "y": 385}, {"x": 695, "y": 385}, {"x": 695, "y": 420}, {"x": 563, "y": 420}]}}], [{"confidence": 0.979999959, "description": "QTY", "boundingPoly": {"vertices": [{"x": 52, "y": 479}, {"x": 88, "y": 479}, {"x": 88, "y": 496}, {"x": 52, "y": 496}]}}, {"confidence": 0.979999959, "description": "DESCRIPTION", "boundingPoly": {"vertices": [{"x": 120, "y": 478}, {"x": 227, "y": 478}, {"x": 227, "y": 495}, {"x": 120, "y": 495}]}}, {"confidence": 0.98999995, "description": "UNIT", "boundingPoly": {"vertices": [{"x": 445, "y": 479}, {"x": 485, "y": 479}, {"x": 485, "y": 495}, {"x": 445, "y": 495}]}}, {"confidence": 0.98999995, "description": "PRICE", "boundingPoly": {"vertices": [{"x": 485, "y": 479}, {"x": 534, "y": 479}, {"x": 534, "y": 495}, {"x": 485, "y": 495}]}}, {"confidence": 0.98999995, "description": "AMOUNT", "boundingPoly": {"vertices": [{"x": 627, "y": 479}, {"x": 698, "y": 479}, {"x": 698, "y": 495}, {"x": 627, "y": 495}]}}], [{"confidence": 0.98999995, "description": "1", "boundingPoly": {"vertices": [{"x": 53, "y": 511}, {"x": 62, "y": 511}, {"x": 62, "y": 526}, {"x": 53, "y": 526}]}}, {"confidence": 0.98999995, "description": "Front", "boundingPoly": {"vertices": [{"x": 123, "y": 512}, {"x": 156, "y": 512}, {"x": 156, "y": 526}, {"x": 123, "y": 526}]}}, {"confidence": 0.98999995, "description": "and", "boundingPoly": {"vertices": [{"x": 156, "y": 512}, {"x": 180, "y": 512}, {"x": 180, "y": 526}, {"x": 156, "y": 526}]}}, {"confidence": 0.98999995, "description": "rear", "boundingPoly": {"vertices": [{"x": 180, "y": 513}, {"x": 206, "y": 513}, {"x": 206, "y": 526}, {"x": 180, "y": 526}]}}, {"confidence": 0.98999995, "description": "brake", "boundingPoly": {"vertices": [{"x": 205, "y": 511}, {"x": 241, "y": 511}, {"x": 241, "y": 526}, {"x": 205, "y": 526}]}}, {"confidence": 0.98999995, "description": "cables", "boundingPoly": {"vertices": [{"x": 240, "y": 512}, {"x": 281, "y": 512}, {"x": 281, "y": 526}, {"x": 240, "y": 526}]}}, {"confidence": 0.98999995, "description": "100.00", "boundingPoly": {"vertices": [{"x": 493, "y": 512}, {"x": 535, "y": 512}, {"x": 535, "y": 526}, {"x": 493, "y": 526}]}}, {"confidence": 0.98999995, "description": "100.00", "boundingPoly": {"vertices": [{"x": 656, "y": 512}, {"x": 699, "y": 512}, {"x": 699, "y": 526}, {"x": 656, "y": 526}]}}], [{"confidence": 0.98999995, "description": "2", "boundingPoly": {"vertices": [{"x": 52, "y": 540}, {"x": 64, "y": 540}, {"x": 64, "y": 555}, {"x": 52, "y": 555}]}}, {"confidence": 0.98999995, "description": "New", "boundingPoly": {"vertices": [{"x": 123, "y": 540}, {"x": 153, "y": 540}, {"x": 153, "y": 555}, {"x": 123, "y": 555}]}}, {"confidence": 0.98999995, "description": "set", "boundingPoly": {"vertices": [{"x": 151, "y": 541}, {"x": 171, "y": 541}, {"x": 171, "y": 554}, {"x": 151, "y": 554}]}}, {"confidence": 0.98999995, "description": "of", "boundingPoly": {"vertices": [{"x": 172, "y": 541}, {"x": 186, "y": 541}, {"x": 186, "y": 555}, {"x": 172, "y": 555}]}}, {"confidence": 0.98999995, "description": "pedal", "boundingPoly": {"vertices": [{"x": 186, "y": 541}, {"x": 220, "y": 541}, {"x": 220, "y": 557}, {"x": 186, "y": 557}]}}, {"confidence": 0.98999995, "description": "arms", "boundingPoly": {"vertices": [{"x": 220, "y": 542}, {"x": 251, "y": 542}, {"x": 251, "y": 555}, {"x": 220, "y": 555}]}}, {"confidence": 0.98999995, "description": "15.00", "boundingPoly": {"vertices": [{"x": 500, "y": 540}, {"x": 535, "y": 540}, {"x": 535, "y": 555}, {"x": 500, "y": 555}]}}, {"confidence": 0.98999995, "description": "30.00", "boundingPoly": {"vertices": [{"x": 662, "y": 540}, {"x": 699, "y": 540}, {"x": 699, "y": 555}, {"x": 662, "y": 555}]}}], [{"confidence": 0.98999995, "description": "3", "boundingPoly": {"vertices": [{"x": 52, "y": 569}, {"x": 64, "y": 569}, {"x": 64, "y": 584}, {"x": 52, "y": 584}]}}, {"confidence": 0.98999995, "description": "Labor", "boundingPoly": {"vertices": [{"x": 122, "y": 569}, {"x": 159, "y": 569}, {"x": 159, "y": 584}, {"x": 122, "y": 584}]}}, {"confidence": 0.98999995, "description": "3hrs", "boundingPoly": {"vertices": [{"x": 157, "y": 568}, {"x": 187, "y": 568}, {"x": 187, "y": 584}, {"x": 157, "y": 584}]}}, {"confidence": 0.98999995, "description": "5.00", "boundingPoly": {"vertices": [{"x": 506, "y": 569}, {"x": 535, "y": 569}, {"x": 535, "y": 584}, {"x": 506, "y": 584}]}}, {"confidence": 0.98999995, "description": "15.00", "boundingPoly": {"vertices": [{"x": 664, "y": 570}, {"x": 698, "y": 570}, {"x": 698, "y": 584}, {"x": 664, "y": 584}]}}], [{"confidence": 0.98999995, "description": "Subtotal", "boundingPoly": {"vertices": [{"x": 484, "y": 614}, {"x": 535, "y": 614}, {"x": 535, "y": 629}, {"x": 484, "y": 629}]}}, {"confidence": 0.98999995, "description": "145.00", "boundingPoly": {"vertices": [{"x": 656, "y": 614}, {"x": 698, "y": 614}, {"x": 698, "y": 629}, {"x": 656, "y": 629}]}}], [{"confidence": 0.98999995, "description": "Sales", "boundingPoly": {"vertices": [{"x": 436, "y": 642}, {"x": 471, "y": 642}, {"x": 471, "y": 657}, {"x": 436, "y": 657}]}}, {"confidence": 0.98999995, "description": "Tax", "boundingPoly": {"vertices": [{"x": 470, "y": 642}, {"x": 496, "y": 642}, {"x": 496, "y": 656}, {"x": 470, "y": 656}]}}, {"confidence": 0.979999959, "description": "6.25%", "boundingPoly": {"vertices": [{"x": 495, "y": 642}, {"x": 534, "y": 642}, {"x": 534, "y": 657}, {"x": 495, "y": 657}]}}, {"confidence": 0.98999995, "description": "9.06", "boundingPoly": {"vertices": [{"x": 670, "y": 642}, {"x": 699, "y": 642}, {"x": 699, "y": 657}, {"x": 670, "y": 657}]}}], [{"confidence": 0.0, "description": "NSh", "boundingPoly": {"vertices": [{"x": 572, "y": 684}, {"x": 698, "y": 684}, {"x": 698, "y": 733}, {"x": 572, "y": 733}]}}], [{"confidence": 0.98999995, "description": "TERMS", "boundingPoly": {"vertices": [{"x": 52, "y": 883}, {"x": 109, "y": 883}, {"x": 109, "y": 899}, {"x": 52, "y": 899}]}}, {"confidence": 0.98999995, "description": "&", "boundingPoly": {"vertices": [{"x": 110, "y": 883}, {"x": 124, "y": 883}, {"x": 124, "y": 899}, {"x": 110, "y": 899}]}}, {"confidence": 0.979999959, "description": "CONDITIONS", "boundingPoly": {"vertices": [{"x": 125, "y": 883}, {"x": 223, "y": 883}, {"x": 223, "y": 899}, {"x": 125, "y": 899}]}}], [{"confidence": 0.98999995, "description": "Payment", "boundingPoly": {"vertices": [{"x": 53, "y": 926}, {"x": 106, "y": 926}, {"x": 106, "y": 942}, {"x": 53, "y": 942}]}}, {"confidence": 0.979999959, "description": "is", "boundingPoly": {"vertices": [{"x": 105, "y": 926}, {"x": 119, "y": 926}, {"x": 119, "y": 940}, {"x": 105, "y": 940}]}}, {"confidence": 0.98999995, "description": "due", "boundingPoly": {"vertices": [{"x": 118, "y": 926}, {"x": 143, "y": 926}, {"x": 143, "y": 940}, {"x": 118, "y": 940}]}}, {"confidence": 0.98999995, "description": "within", "boundingPoly": {"vertices": [{"x": 143, "y": 926}, {"x": 179, "y": 926}, {"x": 179, "y": 940}, {"x": 143, "y": 940}]}}, {"confidence": 0.98999995, "description": "15", "boundingPoly": {"vertices": [{"x": 180, "y": 926}, {"x": 196, "y": 926}, {"x": 196, "y": 939}, {"x": 180, "y": 939}]}}, {"confidence": 0.98999995, "description": "days", "boundingPoly": {"vertices": [{"x": 196, "y": 926}, {"x": 227, "y": 926}, {"x": 227, "y": 942}, {"x": 196, "y": 942}]}}], [{"confidence": 0.98999995, "description": "Please", "boundingPoly": {"vertices": [{"x": 53, "y": 961}, {"x": 95, "y": 961}, {"x": 95, "y": 976}, {"x": 53, "y": 976}]}}, {"confidence": 0.979999959, "description": "make", "boundingPoly": {"vertices": [{"x": 94, "y": 962}, {"x": 129, "y": 962}, {"x": 129, "y": 976}, {"x": 94, "y": 976}]}}, {"confidence": 0.98999995, "description": "checks", "boundingPoly": {"vertices": [{"x": 129, "y": 961}, {"x": 172, "y": 961}, {"x": 172, "y": 976}, {"x": 129, "y": 976}]}}, {"confidence": 0.98999995, "description": "payable", "boundingPoly": {"vertices": [{"x": 172, "y": 962}, {"x": 219, "y": 962}, {"x": 219, "y": 979}, {"x": 172, "y": 979}]}}, {"confidence": 0.98999995, "description": "to:", "boundingPoly": {"vertices": [{"x": 219, "y": 962}, {"x": 236, "y": 962}, {"x": 236, "y": 976}, {"x": 219, "y": 976}]}}, {"confidence": 0.98999995, "description": "East", "boundingPoly": {"vertices": [{"x": 237, "y": 962}, {"x": 266, "y": 962}, {"x": 266, "y": 976}, {"x": 237, "y": 976}]}}, {"confidence": 0.98999995, "description": "Repair", "boundingPoly": {"vertices": [{"x": 265, "y": 962}, {"x": 306, "y": 962}, {"x": 306, "y": 978}, {"x": 265, "y": 978}]}}, {"confidence": 0.98999995, "description": "Inc.", "boundingPoly": {"vertices": [{"x": 307, "y": 962}, {"x": 330, "y": 962}, {"x": 330, "y": 976}, {"x": 307, "y": 976}]}}]], "width": 750, "height": 1061}], "page_count": 1}