{"api_version": "1.2", "fields": {"page_size": [[750, 1061]], "name": {"multi_page": {"0": {"value": "East Repair Inc.", "value_raw": "East Repair Inc.", "confidence": 0.6141340732574463, "boxes": [{"description": "East", "boundingPoly": {"vertices": [{"x": 44.0, "y": 175.0}, {"x": 73.0, "y": 175.0}, {"x": 73.0, "y": 190.0}, {"x": 44.0, "y": 190.0}]}, "line": 2}, {"description": "Repair", "boundingPoly": {"vertices": [{"x": 72.0, "y": 175.0}, {"x": 113.0, "y": 175.0}, {"x": 113.0, "y": 192.0}, {"x": 72.0, "y": 192.0}]}, "line": 2}, {"description": "Inc.", "boundingPoly": {"vertices": [{"x": 113.0, "y": 176.0}, {"x": 137.0, "y": 176.0}, {"x": 137.0, "y": 190.0}, {"x": 113.0, "y": 190.0}]}, "line": 2}], "page": 0}}, "value": "East Repair Inc.", "value_raw": "East Repair Inc.", "confidence": 0.6141340732574463, "boxes": [{"description": "East", "boundingPoly": {"vertices": [{"x": 44.0, "y": 175.0}, {"x": 73.0, "y": 175.0}, {"x": 73.0, "y": 190.0}, {"x": 44.0, "y": 190.0}]}, "line": 2}, {"description": "Repair", "boundingPoly": {"vertices": [{"x": 72.0, "y": 175.0}, {"x": 113.0, "y": 175.0}, {"x": 113.0, "y": 192.0}, {"x": 72.0, "y": 192.0}]}, "line": 2}, {"description": "Inc.", "boundingPoly": {"vertices": [{"x": 113.0, "y": 176.0}, {"x": 137.0, "y": 176.0}, {"x": 137.0, "y": 190.0}, {"x": 113.0, "y": 190.0}]}, "line": 2}], "page": 0}, "vendor-addr": {"multi_page": {}, "value": "", "value_raw": "", "confidence": 0.0, "boxes": [], "page": 0}, "billing-name": {"multi_page": {}, "value": "", "value_raw": "", "confidence": 0.0, "boxes": [], "page": 0}, "billing-addr": {"multi_page": {}, "value": "", "value_raw": "", "confidence": 0.0, "boxes": [], "page": 0}, "shipping-addr": {"multi_page": {"0": {"value": "John Smith John Smith 3787 Pineview Drive New York, NY Cambridge, MA 12210", "value_raw": "John Smith John Smith 3787 Pineview Drive New York, NY Cambridge, MA 12210", "confidence": 0.5935248211026192, "boxes": [{"description": "John", "boundingPoly": {"vertices": [{"x": 269.0, "y": 176.0}, {"x": 300.0, "y": 176.0}, {"x": 300.0, "y": 190.0}, {"x": 269.0, "y": 190.0}]}, "line": 2}, {"description": "Smith", "boundingPoly": {"vertices": [{"x": 300.0, "y": 175.0}, {"x": 336.0, "y": 175.0}, {"x": 336.0, "y": 190.0}, {"x": 300.0, "y": 190.0}]}, "line": 2}, {"description": "John", "boundingPoly": {"vertices": [{"x": 483.0, "y": 175.0}, {"x": 514.0, "y": 175.0}, {"x": 514.0, "y": 190.0}, {"x": 483.0, "y": 190.0}]}, "line": 2}, {"description": "Smith", "boundingPoly": {"vertices": [{"x": 515.0, "y": 175.0}, {"x": 549.0, "y": 175.0}, {"x": 549.0, "y": 190.0}, {"x": 515.0, "y": 190.0}]}, "line": 2}, {"description": "3787", "boundingPoly": {"vertices": [{"x": 483.0, "y": 193.0}, {"x": 515.0, "y": 193.0}, {"x": 515.0, "y": 209.0}, {"x": 483.0, "y": 209.0}]}, "line": 3}, {"description": "Pineview", "boundingPoly": {"vertices": [{"x": 515.0, "y": 194.0}, {"x": 568.0, "y": 194.0}, {"x": 568.0, "y": 208.0}, {"x": 515.0, "y": 208.0}]}, "line": 3}, {"description": "Drive", "boundingPoly": {"vertices": [{"x": 569.0, "y": 194.0}, {"x": 602.0, "y": 194.0}, {"x": 602.0, "y": 208.0}, {"x": 569.0, "y": 208.0}]}, "line": 3}, {"description": "New", "boundingPoly": {"vertices": [{"x": 269.0, "y": 212.0}, {"x": 300.0, "y": 212.0}, {"x": 300.0, "y": 226.0}, {"x": 269.0, "y": 226.0}]}, "line": 4}, {"description": "York,", "boundingPoly": {"vertices": [{"x": 298.0, "y": 212.0}, {"x": 331.0, "y": 212.0}, {"x": 331.0, "y": 227.0}, {"x": 298.0, "y": 227.0}]}, "line": 4}, {"description": "NY", "boundingPoly": {"vertices": [{"x": 331.0, "y": 211.0}, {"x": 353.0, "y": 211.0}, {"x": 353.0, "y": 226.0}, {"x": 331.0, "y": 226.0}]}, "line": 4}, {"description": "Cambridge,", "boundingPoly": {"vertices": [{"x": 483.0, "y": 211.0}, {"x": 552.0, "y": 211.0}, {"x": 552.0, "y": 229.0}, {"x": 483.0, "y": 229.0}]}, "line": 4}, {"description": "MA", "boundingPoly": {"vertices": [{"x": 552.0, "y": 212.0}, {"x": 575.0, "y": 212.0}, {"x": 575.0, "y": 227.0}, {"x": 552.0, "y": 227.0}]}, "line": 4}, {"description": "12210", "boundingPoly": {"vertices": [{"x": 575.0, "y": 212.0}, {"x": 613.0, "y": 212.0}, {"x": 613.0, "y": 226.0}, {"x": 575.0, "y": 226.0}]}, "line": 4}], "page": 0}}, "value": "John Smith John Smith 3787 Pineview Drive New York, NY Cambridge, MA 12210", "value_raw": "John Smith John Smith 3787 Pineview Drive New York, NY Cambridge, MA 12210", "confidence": 0.5935248211026192, "boxes": [{"description": "John", "boundingPoly": {"vertices": [{"x": 269.0, "y": 176.0}, {"x": 300.0, "y": 176.0}, {"x": 300.0, "y": 190.0}, {"x": 269.0, "y": 190.0}]}, "line": 2}, {"description": "Smith", "boundingPoly": {"vertices": [{"x": 300.0, "y": 175.0}, {"x": 336.0, "y": 175.0}, {"x": 336.0, "y": 190.0}, {"x": 300.0, "y": 190.0}]}, "line": 2}, {"description": "John", "boundingPoly": {"vertices": [{"x": 483.0, "y": 175.0}, {"x": 514.0, "y": 175.0}, {"x": 514.0, "y": 190.0}, {"x": 483.0, "y": 190.0}]}, "line": 2}, {"description": "Smith", "boundingPoly": {"vertices": [{"x": 515.0, "y": 175.0}, {"x": 549.0, "y": 175.0}, {"x": 549.0, "y": 190.0}, {"x": 515.0, "y": 190.0}]}, "line": 2}, {"description": "3787", "boundingPoly": {"vertices": [{"x": 483.0, "y": 193.0}, {"x": 515.0, "y": 193.0}, {"x": 515.0, "y": 209.0}, {"x": 483.0, "y": 209.0}]}, "line": 3}, {"description": "Pineview", "boundingPoly": {"vertices": [{"x": 515.0, "y": 194.0}, {"x": 568.0, "y": 194.0}, {"x": 568.0, "y": 208.0}, {"x": 515.0, "y": 208.0}]}, "line": 3}, {"description": "Drive", "boundingPoly": {"vertices": [{"x": 569.0, "y": 194.0}, {"x": 602.0, "y": 194.0}, {"x": 602.0, "y": 208.0}, {"x": 569.0, "y": 208.0}]}, "line": 3}, {"description": "New", "boundingPoly": {"vertices": [{"x": 269.0, "y": 212.0}, {"x": 300.0, "y": 212.0}, {"x": 300.0, "y": 226.0}, {"x": 269.0, "y": 226.0}]}, "line": 4}, {"description": "York,", "boundingPoly": {"vertices": [{"x": 298.0, "y": 212.0}, {"x": 331.0, "y": 212.0}, {"x": 331.0, "y": 227.0}, {"x": 298.0, "y": 227.0}]}, "line": 4}, {"description": "NY", "boundingPoly": {"vertices": [{"x": 331.0, "y": 211.0}, {"x": 353.0, "y": 211.0}, {"x": 353.0, "y": 226.0}, {"x": 331.0, "y": 226.0}]}, "line": 4}, {"description": "Cambridge,", "boundingPoly": {"vertices": [{"x": 483.0, "y": 211.0}, {"x": 552.0, "y": 211.0}, {"x": 552.0, "y": 229.0}, {"x": 483.0, "y": 229.0}]}, "line": 4}, {"description": "MA", "boundingPoly": {"vertices": [{"x": 552.0, "y": 212.0}, {"x": 575.0, "y": 212.0}, {"x": 575.0, "y": 227.0}, {"x": 552.0, "y": 227.0}]}, "line": 4}, {"description": "12210", "boundingPoly": {"vertices": [{"x": 575.0, "y": 212.0}, {"x": 613.0, "y": 212.0}, {"x": 613.0, "y": 226.0}, {"x": 575.0, "y": 226.0}]}, "line": 4}], "page": 0}, "invoice-no": {"multi_page": {"0": {"value": "US-001", "value_raw": "US-001", "confidence": 0.5967224836349487, "boxes": [{"description": "US-001", "boundingPoly": {"vertices": [{"x": 43.0, "y": 278.0}, {"x": 89.0, "y": 278.0}, {"x": 89.0, "y": 293.0}, {"x": 43.0, "y": 293.0}]}, "line": 6}], "page": 0}}, "value": "US-001", "value_raw": "US-001", "confidence": 0.5967224836349487, "boxes": [{"description": "US-001", "boundingPoly": {"vertices": [{"x": 43.0, "y": 278.0}, {"x": 89.0, "y": 278.0}, {"x": 89.0, "y": 293.0}, {"x": 43.0, "y": 293.0}]}, "line": 6}], "page": 0}, "po-no": {"multi_page": {}, "value": "", "value_raw": "", "confidence": 0.0, "boxes": [], "page": 0}, "vendor-vat-no": {"multi_page": {}, "value": "", "value_raw": "", "confidence": 0.0, "boxes": [], "page": 0}, "date": {"multi_page": {"0": {"value": "2019-11-02", "value_raw": "11/02/2019", "confidence": 0.9737547636032104, "boxes": [{"description": "11/02/2019", "boundingPoly": {"vertices": [{"x": 209.0, "y": 278.0}, {"x": 275.0, "y": 278.0}, {"x": 275.0, "y": 293.0}, {"x": 209.0, "y": 293.0}]}, "line": 6}], "date_potentially_ambiguous": true, "page": 0}}, "value": "2019-02-11", "value_raw": "11/02/2019", "confidence": 0.9737547636032104, "boxes": [{"description": "11/02/2019", "boundingPoly": {"vertices": [{"x": 209.0, "y": 278.0}, {"x": 275.0, "y": 278.0}, {"x": 275.0, "y": 293.0}, {"x": 209.0, "y": 293.0}]}, "line": 6}], "page": 0}, "tax": {"multi_page": {"0": {"value": "9.06", "value_raw": "9.06", "confidence": 0.9488928914070129, "boxes": [{"description": "9.06", "boundingPoly": {"vertices": [{"x": 678.0, "y": 462.0}, {"x": 708.0, "y": 462.0}, {"x": 708.0, "y": 477.0}, {"x": 678.0, "y": 477.0}]}, "line": 12}], "page": 0}}, "value": "9.06", "value_raw": "9.06", "confidence": 0.9488928914070129, "boxes": [{"description": "9.06", "boundingPoly": {"vertices": [{"x": 678.0, "y": 462.0}, {"x": 708.0, "y": 462.0}, {"x": 708.0, "y": 477.0}, {"x": 678.0, "y": 477.0}]}, "line": 12}], "page": 0}, "total": {"multi_page": {"0": {"value": "154.06", "value_raw": "$154.06", "confidence": 0.9654854536056519, "boxes": [{"description": "$154.06", "boundingPoly": {"vertices": [{"x": 648.0, "y": 485.0}, {"x": 707.0, "y": 485.0}, {"x": 707.0, "y": 503.0}, {"x": 648.0, "y": 503.0}]}, "line": 13}], "page": 0}}, "value": "154.06", "value_raw": "$154.06", "confidence": 0.9654854536056519, "boxes": [{"description": "$154.06", "boundingPoly": {"vertices": [{"x": 648.0, "y": 485.0}, {"x": 707.0, "y": 485.0}, {"x": 707.0, "y": 503.0}, {"x": 648.0, "y": 503.0}]}, "line": 13}], "page": 0}, "payment-terms": {"multi_page": {"0": {"value": "within 15 days", "value_raw": "within 15 days", "confidence": 0.6312345862388611, "boxes": [{"description": "within", "boundingPoly": {"vertices": [{"x": 133.0, "y": 786.0}, {"x": 170.0, "y": 786.0}, {"x": 170.0, "y": 800.0}, {"x": 133.0, "y": 800.0}]}, "line": 15}, {"description": "15", "boundingPoly": {"vertices": [{"x": 170.0, "y": 786.0}, {"x": 187.0, "y": 786.0}, {"x": 187.0, "y": 800.0}, {"x": 170.0, "y": 800.0}]}, "line": 15}, {"description": "days", "boundingPoly": {"vertices": [{"x": 187.0, "y": 786.0}, {"x": 218.0, "y": 786.0}, {"x": 218.0, "y": 803.0}, {"x": 187.0, "y": 803.0}]}, "line": 15}], "page": 0}}, "value": "within 15 days", "value_raw": "within 15 days", "confidence": 0.6312345862388611, "boxes": [{"description": "within", "boundingPoly": {"vertices": [{"x": 133.0, "y": 786.0}, {"x": 170.0, "y": 786.0}, {"x": 170.0, "y": 800.0}, {"x": 133.0, "y": 800.0}]}, "line": 15}, {"description": "15", "boundingPoly": {"vertices": [{"x": 170.0, "y": 786.0}, {"x": 187.0, "y": 786.0}, {"x": 187.0, "y": 800.0}, {"x": 170.0, "y": 800.0}]}, "line": 15}, {"description": "days", "boundingPoly": {"vertices": [{"x": 187.0, "y": 786.0}, {"x": 218.0, "y": 786.0}, {"x": 218.0, "y": 803.0}, {"x": 187.0, "y": 803.0}]}, "line": 15}], "page": 0}, "net-amount": {"multi_page": {"0": {"value": "145.00", "value_raw": "145.00", "confidence": 0.9804572463035583, "boxes": [{"description": "145.00", "boundingPoly": {"vertices": [{"x": 666.0, "y": 440.0}, {"x": 707.0, "y": 440.0}, {"x": 707.0, "y": 454.0}, {"x": 666.0, "y": 454.0}]}, "line": 11}], "page": 0}}, "value": "145.00", "value_raw": "145.00", "confidence": 0.9804572463035583, "boxes": [{"description": "145.00", "boundingPoly": {"vertices": [{"x": 666.0, "y": 440.0}, {"x": 707.0, "y": 440.0}, {"x": 707.0, "y": 454.0}, {"x": 666.0, "y": 454.0}]}, "line": 11}], "page": 0}, "due-date": {"multi_page": {"0": {"value": "2019-02-26", "value_raw": "26/02/2019", "confidence": 0.8438655734062195, "boxes": [{"description": "26/02/2019", "boundingPoly": {"vertices": [{"x": 640.0, "y": 278.0}, {"x": 707.0, "y": 278.0}, {"x": 707.0, "y": 293.0}, {"x": 640.0, "y": 293.0}]}, "line": 6}], "date_potentially_ambiguous": false, "page": 0}}, "value": "2019-02-26", "value_raw": "26/02/2019", "confidence": 0.8438655734062195, "boxes": [{"description": "26/02/2019", "boundingPoly": {"vertices": [{"x": 640.0, "y": 278.0}, {"x": 707.0, "y": 278.0}, {"x": 707.0, "y": 293.0}, {"x": 640.0, "y": 293.0}]}, "line": 6}], "page": 0}, "discount": {"multi_page": {}, "value": "", "value_raw": "", "confidence": 0.0, "boxes": [], "page": 0}, "shipping-charges": {"multi_page": {}, "value": "", "value_raw": "", "confidence": 0.0, "boxes": [], "page": 0}, "payment-addr": {"multi_page": {}, "value": "", "value_raw": "", "confidence": 0.0, "boxes": [], "page": 0}, "billing-vat-no": {"multi_page": {}, "value": "", "value_raw": "", "confidence": 0.0, "boxes": [], "page": 0}, "items": [{"quantity": {"value": "1", "confidence": 0.8050388097763062, "boxes": [{"description": "1", "boundingPoly": {"vertices": [{"x": 49.0, "y": 358.0}, {"x": 59.0, "y": 358.0}, {"x": 59.0, "y": 373.0}, {"x": 49.0, "y": 373.0}]}, "line": 8}], "page": 0}, "description": {"value": "Front and rear brake cables", "confidence": 0.9799841046333313, "boxes": [{"description": "Front", "boundingPoly": {"vertices": [{"x": 108.0, "y": 359.0}, {"x": 142.0, "y": 359.0}, {"x": 142.0, "y": 373.0}, {"x": 108.0, "y": 373.0}]}, "line": 8}, {"description": "and", "boundingPoly": {"vertices": [{"x": 142.0, "y": 359.0}, {"x": 166.0, "y": 359.0}, {"x": 166.0, "y": 373.0}, {"x": 142.0, "y": 373.0}]}, "line": 8}, {"description": "rear", "boundingPoly": {"vertices": [{"x": 165.0, "y": 361.0}, {"x": 192.0, "y": 361.0}, {"x": 192.0, "y": 373.0}, {"x": 165.0, "y": 373.0}]}, "line": 8}, {"description": "brake", "boundingPoly": {"vertices": [{"x": 191.0, "y": 359.0}, {"x": 227.0, "y": 359.0}, {"x": 227.0, "y": 373.0}, {"x": 191.0, "y": 373.0}]}, "line": 8}, {"description": "cables", "boundingPoly": {"vertices": [{"x": 227.0, "y": 359.0}, {"x": 267.0, "y": 359.0}, {"x": 267.0, "y": 374.0}, {"x": 227.0, "y": 374.0}]}, "line": 8}], "page": 0}, "unit-price": {"value": "100.00", "confidence": 0.9940027594566345, "boxes": [{"description": "100.00", "boundingPoly": {"vertices": [{"x": 500.0, "y": 359.0}, {"x": 542.0, "y": 359.0}, {"x": 542.0, "y": 373.0}, {"x": 500.0, "y": 373.0}]}, "line": 8}], "page": 0}, "line-amount": {"value": "100.00", "confidence": 0.9916638135910034, "boxes": [{"description": "100.00", "boundingPoly": {"vertices": [{"x": 665.0, "y": 359.0}, {"x": 708.0, "y": 359.0}, {"x": 708.0, "y": 374.0}, {"x": 665.0, "y": 374.0}]}, "line": 8}], "page": 0}, "item-po-no": {"value": "", "confidence": 0.0, "boxes": [], "page": 0}, "line-no": {"value": "", "confidence": 0.0, "boxes": [], "page": 0}, "part-no": {"value": "", "confidence": 0.0, "boxes": [], "page": 0}}, {"quantity": {"value": "2", "confidence": 0.905272901058197, "boxes": [{"description": "2", "boundingPoly": {"vertices": [{"x": 48.0, "y": 382.0}, {"x": 60.0, "y": 382.0}, {"x": 60.0, "y": 398.0}, {"x": 48.0, "y": 398.0}]}, "line": 9}], "page": 0}, "description": {"value": "New set of pedal arms", "confidence": 0.9819376468658447, "boxes": [{"description": "New", "boundingPoly": {"vertices": [{"x": 109.0, "y": 382.0}, {"x": 138.0, "y": 382.0}, {"x": 138.0, "y": 397.0}, {"x": 109.0, "y": 397.0}]}, "line": 9}, {"description": "set", "boundingPoly": {"vertices": [{"x": 137.0, "y": 383.0}, {"x": 157.0, "y": 383.0}, {"x": 157.0, "y": 396.0}, {"x": 137.0, "y": 396.0}]}, "line": 9}, {"description": "of", "boundingPoly": {"vertices": [{"x": 158.0, "y": 382.0}, {"x": 172.0, "y": 382.0}, {"x": 172.0, "y": 397.0}, {"x": 158.0, "y": 397.0}]}, "line": 9}, {"description": "pedal", "boundingPoly": {"vertices": [{"x": 171.0, "y": 382.0}, {"x": 206.0, "y": 382.0}, {"x": 206.0, "y": 400.0}, {"x": 171.0, "y": 400.0}]}, "line": 9}, {"description": "arms", "boundingPoly": {"vertices": [{"x": 206.0, "y": 385.0}, {"x": 237.0, "y": 385.0}, {"x": 237.0, "y": 397.0}, {"x": 206.0, "y": 397.0}]}, "line": 9}], "page": 0}, "unit-price": {"value": "15.00", "confidence": 0.9919622540473938, "boxes": [{"description": "15.00", "boundingPoly": {"vertices": [{"x": 508.0, "y": 382.0}, {"x": 542.0, "y": 382.0}, {"x": 542.0, "y": 397.0}, {"x": 508.0, "y": 397.0}]}, "line": 9}], "page": 0}, "line-amount": {"value": "30.00", "confidence": 0.9945899248123169, "boxes": [{"description": "30.00", "boundingPoly": {"vertices": [{"x": 672.0, "y": 382.0}, {"x": 708.0, "y": 382.0}, {"x": 708.0, "y": 397.0}, {"x": 672.0, "y": 397.0}]}, "line": 9}], "page": 0}, "item-po-no": {"value": "", "confidence": 0.0, "boxes": [], "page": 0}, "line-no": {"value": "", "confidence": 0.0, "boxes": [], "page": 0}, "part-no": {"value": "", "confidence": 0.0, "boxes": [], "page": 0}}, {"quantity": {"value": "3", "confidence": 0.8978464603424072, "boxes": [{"description": "3", "boundingPoly": {"vertices": [{"x": 48.0, "y": 405.0}, {"x": 59.0, "y": 405.0}, {"x": 59.0, "y": 421.0}, {"x": 48.0, "y": 421.0}]}, "line": 10}], "page": 0}, "description": {"value": "Labor 3hrs", "confidence": 0.9853224754333496, "boxes": [{"description": "Labor", "boundingPoly": {"vertices": [{"x": 108.0, "y": 406.0}, {"x": 145.0, "y": 406.0}, {"x": 145.0, "y": 420.0}, {"x": 108.0, "y": 420.0}]}, "line": 10}, {"description": "3hrs", "boundingPoly": {"vertices": [{"x": 144.0, "y": 406.0}, {"x": 173.0, "y": 406.0}, {"x": 173.0, "y": 420.0}, {"x": 144.0, "y": 420.0}]}, "line": 10}], "page": 0}, "unit-price": {"value": "5.00", "confidence": 0.9865522980690002, "boxes": [{"description": "5.00", "boundingPoly": {"vertices": [{"x": 513.0, "y": 406.0}, {"x": 542.0, "y": 406.0}, {"x": 542.0, "y": 421.0}, {"x": 513.0, "y": 421.0}]}, "line": 10}], "page": 0}, "line-amount": {"value": "15.00", "confidence": 0.9939336180686951, "boxes": [{"description": "15.00", "boundingPoly": {"vertices": [{"x": 672.0, "y": 406.0}, {"x": 707.0, "y": 406.0}, {"x": 707.0, "y": 421.0}, {"x": 672.0, "y": 421.0}]}, "line": 10}], "page": 0}, "item-po-no": {"value": "", "confidence": 0.0, "boxes": [], "page": 0}, "line-no": {"value": "", "confidence": 0.0, "boxes": [], "page": 0}, "part-no": {"value": "", "confidence": 0.0, "boxes": [], "page": 0}}], "currency": {"value": "USD", "confidence": 0.9623450636863708}}, "pages": [{"page_rotation": 0, "boxes": [[{"confidence": 0.979999959, "description": "INVOICE", "boundingPoly": {"vertices": [{"x": 41, "y": 53}, {"x": 205, "y": 53}, {"x": 205, "y": 109}, {"x": 41, "y": 109}]}}], [{"confidence": 0.979999959, "description": "FROM", "boundingPoly": {"vertices": [{"x": 43, "y": 154}, {"x": 75, "y": 154}, {"x": 75, "y": 170}, {"x": 43, "y": 170}]}}, {"confidence": 0.969999969, "description": "BILL", "boundingPoly": {"vertices": [{"x": 270, "y": 154}, {"x": 294, "y": 154}, {"x": 294, "y": 170}, {"x": 270, "y": 170}]}}, {"confidence": 0.98999995, "description": "TO", "boundingPoly": {"vertices": [{"x": 293, "y": 154}, {"x": 308, "y": 154}, {"x": 308, "y": 170}, {"x": 293, "y": 170}]}}, {"confidence": 0.98999995, "description": "SHIP", "boundingPoly": {"vertices": [{"x": 483, "y": 154}, {"x": 509, "y": 154}, {"x": 509, "y": 170}, {"x": 483, "y": 170}]}}, {"confidence": 0.979999959, "description": "TO", "boundingPoly": {"vertices": [{"x": 508, "y": 154}, {"x": 524, "y": 154}, {"x": 524, "y": 170}, {"x": 508, "y": 170}]}}], [{"confidence": 0.98999995, "description": "East", "boundingPoly": {"vertices": [{"x": 44, "y": 175}, {"x": 73, "y": 175}, {"x": 73, "y": 190}, {"x": 44, "y": 190}]}}, {"confidence": 0.98999995, "description": "Repair", "boundingPoly": {"vertices": [{"x": 72, "y": 175}, {"x": 113, "y": 175}, {"x": 113, "y": 192}, {"x": 72, "y": 192}]}}, {"confidence": 0.98999995, "description": "Inc.", "boundingPoly": {"vertices": [{"x": 113, "y": 176}, {"x": 137, "y": 176}, {"x": 137, "y": 190}, {"x": 113, "y": 190}]}}, {"confidence": 0.98999995, "description": "John", "boundingPoly": {"vertices": [{"x": 269, "y": 176}, {"x": 300, "y": 176}, {"x": 300, "y": 190}, {"x": 269, "y": 190}]}}, {"confidence": 0.98999995, "description": "Smith", "boundingPoly": {"vertices": [{"x": 300, "y": 175}, {"x": 336, "y": 175}, {"x": 336, "y": 190}, {"x": 300, "y": 190}]}}, {"confidence": 0.98999995, "description": "John", "boundingPoly": {"vertices": [{"x": 483, "y": 175}, {"x": 514, "y": 175}, {"x": 514, "y": 190}, {"x": 483, "y": 190}]}}, {"confidence": 0.98999995, "description": "Smith", "boundingPoly": {"vertices": [{"x": 515, "y": 175}, {"x": 549, "y": 175}, {"x": 549, "y": 190}, {"x": 515, "y": 190}]}}], [{"confidence": 0.98999995, "description": "1912", "boundingPoly": {"vertices": [{"x": 44, "y": 194}, {"x": 75, "y": 194}, {"x": 75, "y": 208}, {"x": 44, "y": 208}]}}, {"confidence": 0.98999995, "description": "Harvest", "boundingPoly": {"vertices": [{"x": 75, "y": 194}, {"x": 122, "y": 194}, {"x": 122, "y": 209}, {"x": 75, "y": 209}]}}, {"confidence": 0.98999995, "description": "Lane", "boundingPoly": {"vertices": [{"x": 122, "y": 194}, {"x": 154, "y": 194}, {"x": 154, "y": 208}, {"x": 122, "y": 208}]}}, {"confidence": 0.98999995, "description": "2", "boundingPoly": {"vertices": [{"x": 269, "y": 193}, {"x": 281, "y": 193}, {"x": 281, "y": 208}, {"x": 269, "y": 208}]}}, {"confidence": 0.98999995, "description": "Court", "boundingPoly": {"vertices": [{"x": 281, "y": 193}, {"x": 315, "y": 193}, {"x": 315, "y": 208}, {"x": 281, "y": 208}]}}, {"confidence": 0.979999959, "description": "Square", "boundingPoly": {"vertices": [{"x": 314, "y": 193}, {"x": 359, "y": 193}, {"x": 359, "y": 210}, {"x": 314, "y": 210}]}}, {"confidence": 0.98999995, "description": "3787", "boundingPoly": {"vertices": [{"x": 483, "y": 193}, {"x": 515, "y": 193}, {"x": 515, "y": 209}, {"x": 483, "y": 209}]}}, {"confidence": 0.98999995, "description": "Pineview", "boundingPoly": {"vertices": [{"x": 515, "y": 194}, {"x": 568, "y": 194}, {"x": 568, "y": 208}, {"x": 515, "y": 208}]}}, {"confidence": 0.98999995, "description": "Drive", "boundingPoly": {"vertices": [{"x": 569, "y": 194}, {"x": 602, "y": 194}, {"x": 602, "y": 208}, {"x": 569, "y": 208}]}}], [{"confidence": 0.98999995, "description": "New", "boundingPoly": {"vertices": [{"x": 44, "y": 212}, {"x": 73, "y": 212}, {"x": 73, "y": 226}, {"x": 44, "y": 226}]}}, {"confidence": 0.98999995, "description": "York,", "boundingPoly": {"vertices": [{"x": 72, "y": 211}, {"x": 105, "y": 211}, {"x": 105, "y": 227}, {"x": 72, "y": 227}]}}, {"confidence": 0.98999995, "description": "NY", "boundingPoly": {"vertices": [{"x": 105, "y": 211}, {"x": 126, "y": 211}, {"x": 126, "y": 226}, {"x": 105, "y": 226}]}}, {"confidence": 0.98999995, "description": "12210", "boundingPoly": {"vertices": [{"x": 127, "y": 212}, {"x": 165, "y": 212}, {"x": 165, "y": 226}, {"x": 127, "y": 226}]}}, {"confidence": 0.98999995, "description": "New", "boundingPoly": {"vertices": [{"x": 269, "y": 212}, {"x": 300, "y": 212}, {"x": 300, "y": 226}, {"x": 269, "y": 226}]}}, {"confidence": 0.98999995, "description": "York,", "boundingPoly": {"vertices": [{"x": 298, "y": 212}, {"x": 331, "y": 212}, {"x": 331, "y": 227}, {"x": 298, "y": 227}]}}, {"confidence": 0.98999995, "description": "NY", "boundingPoly": {"vertices": [{"x": 331, "y": 211}, {"x": 353, "y": 211}, {"x": 353, "y": 226}, {"x": 331, "y": 226}]}}, {"confidence": 0.98999995, "description": "12210", "boundingPoly": {"vertices": [{"x": 353, "y": 212}, {"x": 391, "y": 212}, {"x": 391, "y": 226}, {"x": 353, "y": 226}]}}, {"confidence": 0.979999959, "description": "Cambridge,", "boundingPoly": {"vertices": [{"x": 483, "y": 211}, {"x": 552, "y": 211}, {"x": 552, "y": 229}, {"x": 483, "y": 229}]}}, {"confidence": 0.98999995, "description": "MA", "boundingPoly": {"vertices": [{"x": 552, "y": 212}, {"x": 575, "y": 212}, {"x": 575, "y": 227}, {"x": 552, "y": 227}]}}, {"confidence": 0.98999995, "description": "12210", "boundingPoly": {"vertices": [{"x": 575, "y": 212}, {"x": 613, "y": 212}, {"x": 613, "y": 226}, {"x": 575, "y": 226}]}}], [{"confidence": 0.969999969, "description": "INVOICE", "boundingPoly": {"vertices": [{"x": 43, "y": 257}, {"x": 86, "y": 257}, {"x": 86, "y": 273}, {"x": 43, "y": 273}]}}, {"confidence": 0.969999969, "description": "#", "boundingPoly": {"vertices": [{"x": 85, "y": 257}, {"x": 95, "y": 257}, {"x": 95, "y": 273}, {"x": 85, "y": 273}]}}, {"confidence": 0.919999957, "description": "INVOICE", "boundingPoly": {"vertices": [{"x": 208, "y": 257}, {"x": 250, "y": 257}, {"x": 250, "y": 273}, {"x": 208, "y": 273}]}}, {"confidence": 0.979999959, "description": "DATE", "boundingPoly": {"vertices": [{"x": 249, "y": 257}, {"x": 277, "y": 257}, {"x": 277, "y": 273}, {"x": 249, "y": 273}]}}, {"confidence": 0.37, "description": "P.O.#", "boundingPoly": {"vertices": [{"x": 514, "y": 257}, {"x": 542, "y": 257}, {"x": 542, "y": 274}, {"x": 514, "y": 274}]}}, {"confidence": 0.98999995, "description": "DUE", "boundingPoly": {"vertices": [{"x": 657, "y": 257}, {"x": 679, "y": 257}, {"x": 679, "y": 273}, {"x": 657, "y": 273}]}}, {"confidence": 0.98999995, "description": "DATE", "boundingPoly": {"vertices": [{"x": 679, "y": 257}, {"x": 707, "y": 257}, {"x": 707, "y": 273}, {"x": 679, "y": 273}]}}], [{"confidence": 0.98999995, "description": "US-001", "boundingPoly": {"vertices": [{"x": 43, "y": 278}, {"x": 89, "y": 278}, {"x": 89, "y": 293}, {"x": 43, "y": 293}]}}, {"confidence": 0.98999995, "description": "11/02/2019", "boundingPoly": {"vertices": [{"x": 209, "y": 278}, {"x": 275, "y": 278}, {"x": 275, "y": 293}, {"x": 209, "y": 293}]}}, {"confidence": 0.98999995, "description": "2312/2019", "boundingPoly": {"vertices": [{"x": 478, "y": 278}, {"x": 542, "y": 278}, {"x": 542, "y": 293}, {"x": 478, "y": 293}]}}, {"confidence": 0.98999995, "description": "26/02/2019", "boundingPoly": {"vertices": [{"x": 640, "y": 278}, {"x": 707, "y": 278}, {"x": 707, "y": 293}, {"x": 640, "y": 293}]}}], [{"confidence": 0.62, "description": "QTY", "boundingPoly": {"vertices": [{"x": 44, "y": 331}, {"x": 66, "y": 331}, {"x": 66, "y": 348}, {"x": 44, "y": 348}]}}, {"confidence": 0.94, "description": "DESCRIPTION", "boundingPoly": {"vertices": [{"x": 209, "y": 331}, {"x": 276, "y": 331}, {"x": 276, "y": 347}, {"x": 209, "y": 347}]}}, {"confidence": 0.98999995, "description": "UNIT", "boundingPoly": {"vertices": [{"x": 485, "y": 331}, {"x": 510, "y": 331}, {"x": 510, "y": 347}, {"x": 485, "y": 347}]}}, {"confidence": 0.979999959, "description": "PRICE", "boundingPoly": {"vertices": [{"x": 510, "y": 331}, {"x": 542, "y": 331}, {"x": 542, "y": 347}, {"x": 510, "y": 347}]}}, {"confidence": 0.979999959, "description": "AMOUNT", "boundingPoly": {"vertices": [{"x": 662, "y": 331}, {"x": 707, "y": 331}, {"x": 707, "y": 347}, {"x": 662, "y": 347}]}}], [{"confidence": 0.98999995, "description": "1", "boundingPoly": {"vertices": [{"x": 49, "y": 358}, {"x": 59, "y": 358}, {"x": 59, "y": 373}, {"x": 49, "y": 373}]}}, {"confidence": 0.98999995, "description": "Front", "boundingPoly": {"vertices": [{"x": 108, "y": 359}, {"x": 142, "y": 359}, {"x": 142, "y": 373}, {"x": 108, "y": 373}]}}, {"confidence": 0.98999995, "description": "and", "boundingPoly": {"vertices": [{"x": 142, "y": 359}, {"x": 166, "y": 359}, {"x": 166, "y": 373}, {"x": 142, "y": 373}]}}, {"confidence": 0.98999995, "description": "rear", "boundingPoly": {"vertices": [{"x": 165, "y": 361}, {"x": 192, "y": 361}, {"x": 192, "y": 373}, {"x": 165, "y": 373}]}}, {"confidence": 0.98999995, "description": "brake", "boundingPoly": {"vertices": [{"x": 191, "y": 359}, {"x": 227, "y": 359}, {"x": 227, "y": 373}, {"x": 191, "y": 373}]}}, {"confidence": 0.98999995, "description": "cables", "boundingPoly": {"vertices": [{"x": 227, "y": 359}, {"x": 267, "y": 359}, {"x": 267, "y": 374}, {"x": 227, "y": 374}]}}, {"confidence": 0.98999995, "description": "100.00", "boundingPoly": {"vertices": [{"x": 500, "y": 359}, {"x": 542, "y": 359}, {"x": 542, "y": 373}, {"x": 500, "y": 373}]}}, {"confidence": 0.98999995, "description": "100.00", "boundingPoly": {"vertices": [{"x": 665, "y": 359}, {"x": 708, "y": 359}, {"x": 708, "y": 374}, {"x": 665, "y": 374}]}}], [{"confidence": 0.98999995, "description": "2", "boundingPoly": {"vertices": [{"x": 48, "y": 382}, {"x": 60, "y": 382}, {"x": 60, "y": 398}, {"x": 48, "y": 398}]}}, {"confidence": 0.98999995, "description": "New", "boundingPoly": {"vertices": [{"x": 109, "y": 382}, {"x": 138, "y": 382}, {"x": 138, "y": 397}, {"x": 109, "y": 397}]}}, {"confidence": 0.98999995, "description": "set", "boundingPoly": {"vertices": [{"x": 137, "y": 383}, {"x": 157, "y": 383}, {"x": 157, "y": 396}, {"x": 137, "y": 396}]}}, {"confidence": 0.98999995, "description": "of", "boundingPoly": {"vertices": [{"x": 158, "y": 382}, {"x": 172, "y": 382}, {"x": 172, "y": 397}, {"x": 158, "y": 397}]}}, {"confidence": 0.98999995, "description": "pedal", "boundingPoly": {"vertices": [{"x": 171, "y": 382}, {"x": 206, "y": 382}, {"x": 206, "y": 400}, {"x": 171, "y": 400}]}}, {"confidence": 0.98999995, "description": "arms", "boundingPoly": {"vertices": [{"x": 206, "y": 385}, {"x": 237, "y": 385}, {"x": 237, "y": 397}, {"x": 206, "y": 397}]}}, {"confidence": 0.98999995, "description": "15.00", "boundingPoly": {"vertices": [{"x": 508, "y": 382}, {"x": 542, "y": 382}, {"x": 542, "y": 397}, {"x": 508, "y": 397}]}}, {"confidence": 0.98999995, "description": "30.00", "boundingPoly": {"vertices": [{"x": 672, "y": 382}, {"x": 708, "y": 382}, {"x": 708, "y": 397}, {"x": 672, "y": 397}]}}], [{"confidence": 0.98999995, "description": "3", "boundingPoly": {"vertices": [{"x": 48, "y": 405}, {"x": 59, "y": 405}, {"x": 59, "y": 421}, {"x": 48, "y": 421}]}}, {"confidence": 0.98999995, "description": "Labor", "boundingPoly": {"vertices": [{"x": 108, "y": 406}, {"x": 145, "y": 406}, {"x": 145, "y": 420}, {"x": 108, "y": 420}]}}, {"confidence": 0.98999995, "description": "3hrs", "boundingPoly": {"vertices": [{"x": 144, "y": 406}, {"x": 173, "y": 406}, {"x": 173, "y": 420}, {"x": 144, "y": 420}]}}, {"confidence": 0.98999995, "description": "5.00", "boundingPoly": {"vertices": [{"x": 513, "y": 406}, {"x": 542, "y": 406}, {"x": 542, "y": 421}, {"x": 513, "y": 421}]}}, {"confidence": 0.98999995, "description": "15.00", "boundingPoly": {"vertices": [{"x": 672, "y": 406}, {"x": 707, "y": 406}, {"x": 707, "y": 421}, {"x": 672, "y": 421}]}}], [{"confidence": 0.98999995, "description": "Subtotal", "boundingPoly": {"vertices": [{"x": 492, "y": 440}, {"x": 541, "y": 440}, {"x": 541, "y": 454}, {"x": 492, "y": 454}]}}, {"confidence": 0.98999995, "description": "145.00", "boundingPoly": {"vertices": [{"x": 666, "y": 440}, {"x": 707, "y": 440}, {"x": 707, "y": 454}, {"x": 666, "y": 454}]}}], [{"confidence": 0.98999995, "description": "Sales", "boundingPoly": {"vertices": [{"x": 442, "y": 462}, {"x": 478, "y": 462}, {"x": 478, "y": 476}, {"x": 442, "y": 476}]}}, {"confidence": 0.98999995, "description": "Tax", "boundingPoly": {"vertices": [{"x": 477, "y": 462}, {"x": 503, "y": 462}, {"x": 503, "y": 476}, {"x": 477, "y": 476}]}}, {"confidence": 0.979999959, "description": "6.25%", "boundingPoly": {"vertices": [{"x": 502, "y": 462}, {"x": 541, "y": 462}, {"x": 541, "y": 477}, {"x": 502, "y": 477}]}}, {"confidence": 0.98999995, "description": "9.06", "boundingPoly": {"vertices": [{"x": 678, "y": 462}, {"x": 708, "y": 462}, {"x": 708, "y": 477}, {"x": 678, "y": 477}]}}], [{"confidence": 0.98999995, "description": "Total", "boundingPoly": {"vertices": [{"x": 501, "y": 485}, {"x": 541, "y": 485}, {"x": 541, "y": 502}, {"x": 501, "y": 502}]}}, {"confidence": 0.98999995, "description": "$154.06", "boundingPoly": {"vertices": [{"x": 648, "y": 485}, {"x": 707, "y": 485}, {"x": 707, "y": 503}, {"x": 648, "y": 503}]}}], [{"confidence": 0.98999995, "description": "TERMS", "boundingPoly": {"vertices": [{"x": 43, "y": 764}, {"x": 78, "y": 764}, {"x": 78, "y": 779}, {"x": 43, "y": 779}]}}, {"confidence": 0.25, "description": "a", "boundingPoly": {"vertices": [{"x": 77, "y": 764}, {"x": 86, "y": 764}, {"x": 86, "y": 778}, {"x": 77, "y": 778}]}}, {"confidence": 0.87, "description": "CONDITIONS", "boundingPoly": {"vertices": [{"x": 85, "y": 764}, {"x": 143, "y": 764}, {"x": 143, "y": 779}, {"x": 85, "y": 779}]}}], [{"confidence": 0.98999995, "description": "Payment", "boundingPoly": {"vertices": [{"x": 44, "y": 786}, {"x": 97, "y": 786}, {"x": 97, "y": 803}, {"x": 44, "y": 803}]}}, {"confidence": 0.969999969, "description": "is", "boundingPoly": {"vertices": [{"x": 96, "y": 786}, {"x": 109, "y": 786}, {"x": 109, "y": 800}, {"x": 96, "y": 800}]}}, {"confidence": 0.98999995, "description": "due", "boundingPoly": {"vertices": [{"x": 110, "y": 786}, {"x": 134, "y": 786}, {"x": 134, "y": 800}, {"x": 110, "y": 800}]}}, {"confidence": 0.98999995, "description": "within", "boundingPoly": {"vertices": [{"x": 133, "y": 786}, {"x": 170, "y": 786}, {"x": 170, "y": 800}, {"x": 133, "y": 800}]}}, {"confidence": 0.98999995, "description": "15", "boundingPoly": {"vertices": [{"x": 170, "y": 786}, {"x": 187, "y": 786}, {"x": 187, "y": 800}, {"x": 170, "y": 800}]}}, {"confidence": 0.979999959, "description": "days", "boundingPoly": {"vertices": [{"x": 187, "y": 786}, {"x": 218, "y": 786}, {"x": 218, "y": 803}, {"x": 187, "y": 803}]}}], [{"confidence": 0.98999995, "description": "Please", "boundingPoly": {"vertices": [{"x": 44, "y": 822}, {"x": 86, "y": 822}, {"x": 86, "y": 837}, {"x": 44, "y": 837}]}}, {"confidence": 0.98999995, "description": "make", "boundingPoly": {"vertices": [{"x": 85, "y": 822}, {"x": 120, "y": 822}, {"x": 120, "y": 836}, {"x": 85, "y": 836}]}}, {"confidence": 0.98999995, "description": "checks", "boundingPoly": {"vertices": [{"x": 119, "y": 822}, {"x": 163, "y": 822}, {"x": 163, "y": 837}, {"x": 119, "y": 837}]}}, {"confidence": 0.98999995, "description": "payable", "boundingPoly": {"vertices": [{"x": 163, "y": 822}, {"x": 210, "y": 822}, {"x": 210, "y": 839}, {"x": 163, "y": 839}]}}, {"confidence": 0.98999995, "description": "to:", "boundingPoly": {"vertices": [{"x": 210, "y": 822}, {"x": 227, "y": 822}, {"x": 227, "y": 836}, {"x": 210, "y": 836}]}}, {"confidence": 0.98999995, "description": "East", "boundingPoly": {"vertices": [{"x": 229, "y": 822}, {"x": 256, "y": 822}, {"x": 256, "y": 836}, {"x": 229, "y": 836}]}}, {"confidence": 0.98999995, "description": "Repair", "boundingPoly": {"vertices": [{"x": 256, "y": 822}, {"x": 298, "y": 822}, {"x": 298, "y": 839}, {"x": 256, "y": 839}]}}, {"confidence": 0.979999959, "description": "Inc.", "boundingPoly": {"vertices": [{"x": 298, "y": 822}, {"x": 321, "y": 822}, {"x": 321, "y": 837}, {"x": 298, "y": 837}]}}]], "width": 750, "height": 1061}], "page_count": 1}