{"api_version": "1.2", "fields": {"page_size": [[750, 1061]], "name": {"multi_page": {"0": {"value": "East Repair Inc.", "value_raw": "East Repair Inc.", "confidence": 0.8696889877319336, "boxes": [{"description": "East", "boundingPoly": {"vertices": [{"x": 43.0, "y": 201.0}, {"x": 75.0, "y": 201.0}, {"x": 75.0, "y": 217.0}, {"x": 43.0, "y": 217.0}]}, "line": 2}, {"description": "Repair", "boundingPoly": {"vertices": [{"x": 75.0, "y": 201.0}, {"x": 121.0, "y": 201.0}, {"x": 121.0, "y": 219.0}, {"x": 75.0, "y": 219.0}]}, "line": 2}, {"description": "Inc.", "boundingPoly": {"vertices": [{"x": 119.0, "y": 201.0}, {"x": 145.0, "y": 201.0}, {"x": 145.0, "y": 217.0}, {"x": 119.0, "y": 217.0}]}, "line": 2}], "page": 0}}, "value": "East Repair Inc.", "value_raw": "East Repair Inc.", "confidence": 0.8696889877319336, "boxes": [{"description": "East", "boundingPoly": {"vertices": [{"x": 43.0, "y": 201.0}, {"x": 75.0, "y": 201.0}, {"x": 75.0, "y": 217.0}, {"x": 43.0, "y": 217.0}]}, "line": 2}, {"description": "Repair", "boundingPoly": {"vertices": [{"x": 75.0, "y": 201.0}, {"x": 121.0, "y": 201.0}, {"x": 121.0, "y": 219.0}, {"x": 75.0, "y": 219.0}]}, "line": 2}, {"description": "Inc.", "boundingPoly": {"vertices": [{"x": 119.0, "y": 201.0}, {"x": 145.0, "y": 201.0}, {"x": 145.0, "y": 217.0}, {"x": 119.0, "y": 217.0}]}, "line": 2}], "page": 0}, "vendor-addr": {"multi_page": {"0": {"value": "1912 Harvest Lane 2 Court Square New York, NY 12210 New York, NY 12210", "value_raw": "1912 Harvest Lane 2 Court Square New York, NY 12210 New York, NY 12210", "confidence": 0.7533919215202332, "boxes": [{"description": "1912", "boundingPoly": {"vertices": [{"x": 44.0, "y": 219.0}, {"x": 80.0, "y": 219.0}, {"x": 80.0, "y": 235.0}, {"x": 44.0, "y": 235.0}]}, "line": 3}, {"description": "Harvest", "boundingPoly": {"vertices": [{"x": 77.0, "y": 219.0}, {"x": 131.0, "y": 219.0}, {"x": 131.0, "y": 236.0}, {"x": 77.0, "y": 236.0}]}, "line": 3}, {"description": "Lane", "boundingPoly": {"vertices": [{"x": 129.0, "y": 219.0}, {"x": 165.0, "y": 219.0}, {"x": 165.0, "y": 235.0}, {"x": 129.0, "y": 235.0}]}, "line": 3}, {"description": "2", "boundingPoly": {"vertices": [{"x": 268.0, "y": 218.0}, {"x": 282.0, "y": 218.0}, {"x": 282.0, "y": 235.0}, {"x": 268.0, "y": 235.0}]}, "line": 3}, {"description": "Court", "boundingPoly": {"vertices": [{"x": 281.0, "y": 219.0}, {"x": 319.0, "y": 219.0}, {"x": 319.0, "y": 235.0}, {"x": 281.0, "y": 235.0}]}, "line": 3}, {"description": "Square", "boundingPoly": {"vertices": [{"x": 319.0, "y": 219.0}, {"x": 368.0, "y": 219.0}, {"x": 368.0, "y": 237.0}, {"x": 319.0, "y": 237.0}]}, "line": 3}, {"description": "New", "boundingPoly": {"vertices": [{"x": 43.0, "y": 237.0}, {"x": 75.0, "y": 237.0}, {"x": 75.0, "y": 253.0}, {"x": 43.0, "y": 253.0}]}, "line": 4}, {"description": "York,", "boundingPoly": {"vertices": [{"x": 74.0, "y": 237.0}, {"x": 111.0, "y": 237.0}, {"x": 111.0, "y": 255.0}, {"x": 74.0, "y": 255.0}]}, "line": 4}, {"description": "NY", "boundingPoly": {"vertices": [{"x": 110.0, "y": 236.0}, {"x": 135.0, "y": 236.0}, {"x": 135.0, "y": 254.0}, {"x": 110.0, "y": 254.0}]}, "line": 4}, {"description": "12210", "boundingPoly": {"vertices": [{"x": 134.0, "y": 237.0}, {"x": 178.0, "y": 237.0}, {"x": 178.0, "y": 254.0}, {"x": 134.0, "y": 254.0}]}, "line": 4}, {"description": "New", "boundingPoly": {"vertices": [{"x": 269.0, "y": 237.0}, {"x": 302.0, "y": 237.0}, {"x": 302.0, "y": 254.0}, {"x": 269.0, "y": 254.0}]}, "line": 4}, {"description": "York,", "boundingPoly": {"vertices": [{"x": 300.0, "y": 237.0}, {"x": 337.0, "y": 237.0}, {"x": 337.0, "y": 255.0}, {"x": 300.0, "y": 255.0}]}, "line": 4}, {"description": "NY", "boundingPoly": {"vertices": [{"x": 337.0, "y": 237.0}, {"x": 360.0, "y": 237.0}, {"x": 360.0, "y": 253.0}, {"x": 337.0, "y": 253.0}]}, "line": 4}, {"description": "12210", "boundingPoly": {"vertices": [{"x": 361.0, "y": 237.0}, {"x": 403.0, "y": 237.0}, {"x": 403.0, "y": 253.0}, {"x": 361.0, "y": 253.0}]}, "line": 4}], "page": 0}}, "value": "1912 Harvest Lane 2 Court Square New York, NY 12210 New York, NY 12210", "value_raw": "1912 Harvest Lane 2 Court Square New York, NY 12210 New York, NY 12210", "confidence": 0.7533919215202332, "boxes": [{"description": "1912", "boundingPoly": {"vertices": [{"x": 44.0, "y": 219.0}, {"x": 80.0, "y": 219.0}, {"x": 80.0, "y": 235.0}, {"x": 44.0, "y": 235.0}]}, "line": 3}, {"description": "Harvest", "boundingPoly": {"vertices": [{"x": 77.0, "y": 219.0}, {"x": 131.0, "y": 219.0}, {"x": 131.0, "y": 236.0}, {"x": 77.0, "y": 236.0}]}, "line": 3}, {"description": "Lane", "boundingPoly": {"vertices": [{"x": 129.0, "y": 219.0}, {"x": 165.0, "y": 219.0}, {"x": 165.0, "y": 235.0}, {"x": 129.0, "y": 235.0}]}, "line": 3}, {"description": "2", "boundingPoly": {"vertices": [{"x": 268.0, "y": 218.0}, {"x": 282.0, "y": 218.0}, {"x": 282.0, "y": 235.0}, {"x": 268.0, "y": 235.0}]}, "line": 3}, {"description": "Court", "boundingPoly": {"vertices": [{"x": 281.0, "y": 219.0}, {"x": 319.0, "y": 219.0}, {"x": 319.0, "y": 235.0}, {"x": 281.0, "y": 235.0}]}, "line": 3}, {"description": "Square", "boundingPoly": {"vertices": [{"x": 319.0, "y": 219.0}, {"x": 368.0, "y": 219.0}, {"x": 368.0, "y": 237.0}, {"x": 319.0, "y": 237.0}]}, "line": 3}, {"description": "New", "boundingPoly": {"vertices": [{"x": 43.0, "y": 237.0}, {"x": 75.0, "y": 237.0}, {"x": 75.0, "y": 253.0}, {"x": 43.0, "y": 253.0}]}, "line": 4}, {"description": "York,", "boundingPoly": {"vertices": [{"x": 74.0, "y": 237.0}, {"x": 111.0, "y": 237.0}, {"x": 111.0, "y": 255.0}, {"x": 74.0, "y": 255.0}]}, "line": 4}, {"description": "NY", "boundingPoly": {"vertices": [{"x": 110.0, "y": 236.0}, {"x": 135.0, "y": 236.0}, {"x": 135.0, "y": 254.0}, {"x": 110.0, "y": 254.0}]}, "line": 4}, {"description": "12210", "boundingPoly": {"vertices": [{"x": 134.0, "y": 237.0}, {"x": 178.0, "y": 237.0}, {"x": 178.0, "y": 254.0}, {"x": 134.0, "y": 254.0}]}, "line": 4}, {"description": "New", "boundingPoly": {"vertices": [{"x": 269.0, "y": 237.0}, {"x": 302.0, "y": 237.0}, {"x": 302.0, "y": 254.0}, {"x": 269.0, "y": 254.0}]}, "line": 4}, {"description": "York,", "boundingPoly": {"vertices": [{"x": 300.0, "y": 237.0}, {"x": 337.0, "y": 237.0}, {"x": 337.0, "y": 255.0}, {"x": 300.0, "y": 255.0}]}, "line": 4}, {"description": "NY", "boundingPoly": {"vertices": [{"x": 337.0, "y": 237.0}, {"x": 360.0, "y": 237.0}, {"x": 360.0, "y": 253.0}, {"x": 337.0, "y": 253.0}]}, "line": 4}, {"description": "12210", "boundingPoly": {"vertices": [{"x": 361.0, "y": 237.0}, {"x": 403.0, "y": 237.0}, {"x": 403.0, "y": 253.0}, {"x": 361.0, "y": 253.0}]}, "line": 4}], "page": 0}, "billing-name": {"multi_page": {}, "value": "", "value_raw": "", "confidence": 0.0, "boxes": [], "page": 0}, "billing-addr": {"multi_page": {"0": {"value": "Pineview Drive Cambridge, MA 12210", "value_raw": "Pineview Drive Cambridge, MA 12210", "confidence": 0.818582683801651, "boxes": [{"description": "Pineview", "boundingPoly": {"vertices": [{"x": 518.0, "y": 219.0}, {"x": 577.0, "y": 219.0}, {"x": 577.0, "y": 235.0}, {"x": 518.0, "y": 235.0}]}, "line": 3}, {"description": "Drive", "boundingPoly": {"vertices": [{"x": 577.0, "y": 220.0}, {"x": 613.0, "y": 220.0}, {"x": 613.0, "y": 235.0}, {"x": 577.0, "y": 235.0}]}, "line": 3}, {"description": "Cambridge,", "boundingPoly": {"vertices": [{"x": 483.0, "y": 237.0}, {"x": 558.0, "y": 237.0}, {"x": 558.0, "y": 256.0}, {"x": 483.0, "y": 256.0}]}, "line": 4}, {"description": "MA", "boundingPoly": {"vertices": [{"x": 559.0, "y": 237.0}, {"x": 584.0, "y": 237.0}, {"x": 584.0, "y": 253.0}, {"x": 559.0, "y": 253.0}]}, "line": 4}, {"description": "12210", "boundingPoly": {"vertices": [{"x": 584.0, "y": 237.0}, {"x": 626.0, "y": 237.0}, {"x": 626.0, "y": 253.0}, {"x": 584.0, "y": 253.0}]}, "line": 4}], "page": 0}}, "value": "Pineview Drive Cambridge, MA 12210", "value_raw": "Pineview Drive Cambridge, MA 12210", "confidence": 0.818582683801651, "boxes": [{"description": "Pineview", "boundingPoly": {"vertices": [{"x": 518.0, "y": 219.0}, {"x": 577.0, "y": 219.0}, {"x": 577.0, "y": 235.0}, {"x": 518.0, "y": 235.0}]}, "line": 3}, {"description": "Drive", "boundingPoly": {"vertices": [{"x": 577.0, "y": 220.0}, {"x": 613.0, "y": 220.0}, {"x": 613.0, "y": 235.0}, {"x": 577.0, "y": 235.0}]}, "line": 3}, {"description": "Cambridge,", "boundingPoly": {"vertices": [{"x": 483.0, "y": 237.0}, {"x": 558.0, "y": 237.0}, {"x": 558.0, "y": 256.0}, {"x": 483.0, "y": 256.0}]}, "line": 4}, {"description": "MA", "boundingPoly": {"vertices": [{"x": 559.0, "y": 237.0}, {"x": 584.0, "y": 237.0}, {"x": 584.0, "y": 253.0}, {"x": 559.0, "y": 253.0}]}, "line": 4}, {"description": "12210", "boundingPoly": {"vertices": [{"x": 584.0, "y": 237.0}, {"x": 626.0, "y": 237.0}, {"x": 626.0, "y": 253.0}, {"x": 584.0, "y": 253.0}]}, "line": 4}], "page": 0}, "shipping-addr": {"multi_page": {}, "value": "", "value_raw": "", "confidence": 0.0, "boxes": [], "page": 0}, "invoice-no": {"multi_page": {}, "value": "", "value_raw": "", "confidence": 0.0, "boxes": [], "page": 0}, "po-no": {"multi_page": {}, "value": "", "value_raw": "", "confidence": 0.0, "boxes": [], "page": 0}, "vendor-vat-no": {"multi_page": {}, "value": "", "value_raw": "", "confidence": 0.0, "boxes": [], "page": 0}, "date": {"multi_page": {"0": {"value": "2019-11-02", "value_raw": "11/02/2019", "confidence": 0.9337595105171204, "boxes": [{"description": "11/02/2019", "boundingPoly": {"vertices": [{"x": 209.0, "y": 369.0}, {"x": 281.0, "y": 369.0}, {"x": 281.0, "y": 385.0}, {"x": 209.0, "y": 385.0}]}, "line": 6}], "date_potentially_ambiguous": true, "page": 0}}, "value": "2019-02-11", "value_raw": "11/02/2019", "confidence": 0.9337595105171204, "boxes": [{"description": "11/02/2019", "boundingPoly": {"vertices": [{"x": 209.0, "y": 369.0}, {"x": 281.0, "y": 369.0}, {"x": 281.0, "y": 385.0}, {"x": 209.0, "y": 385.0}]}, "line": 6}], "page": 0}, "tax": {"multi_page": {"0": {"value": "9.06", "value_raw": "9.06", "confidence": 0.9292834401130676, "boxes": [{"description": "9.06", "boundingPoly": {"vertices": [{"x": 676.0, "y": 565.0}, {"x": 707.0, "y": 565.0}, {"x": 707.0, "y": 581.0}, {"x": 676.0, "y": 581.0}]}, "line": 12}], "page": 0}}, "value": "9.06", "value_raw": "9.06", "confidence": 0.9292834401130676, "boxes": [{"description": "9.06", "boundingPoly": {"vertices": [{"x": 676.0, "y": 565.0}, {"x": 707.0, "y": 565.0}, {"x": 707.0, "y": 581.0}, {"x": 676.0, "y": 581.0}]}, "line": 12}], "page": 0}, "total": {"multi_page": {"0": {"value": "154.06", "value_raw": "$154.06", "confidence": 0.9732113480567932, "boxes": [{"description": "$154.06", "boundingPoly": {"vertices": [{"x": 648.0, "y": 598.0}, {"x": 707.0, "y": 598.0}, {"x": 707.0, "y": 616.0}, {"x": 648.0, "y": 616.0}]}, "line": 13}], "page": 0}}, "value": "154.06", "value_raw": "$154.06", "confidence": 0.9732113480567932, "boxes": [{"description": "$154.06", "boundingPoly": {"vertices": [{"x": 648.0, "y": 598.0}, {"x": 707.0, "y": 598.0}, {"x": 707.0, "y": 616.0}, {"x": 648.0, "y": 616.0}]}, "line": 13}], "page": 0}, "payment-terms": {"multi_page": {"0": {"value": "within 15 days", "value_raw": "within 15 days", "confidence": 0.6505864262580872, "boxes": [{"description": "within", "boundingPoly": {"vertices": [{"x": 142.0, "y": 900.0}, {"x": 182.0, "y": 900.0}, {"x": 182.0, "y": 914.0}, {"x": 142.0, "y": 914.0}]}, "line": 15}, {"description": "15", "boundingPoly": {"vertices": [{"x": 183.0, "y": 900.0}, {"x": 201.0, "y": 900.0}, {"x": 201.0, "y": 914.0}, {"x": 183.0, "y": 914.0}]}, "line": 15}, {"description": "days", "boundingPoly": {"vertices": [{"x": 202.0, "y": 899.0}, {"x": 234.0, "y": 899.0}, {"x": 234.0, "y": 917.0}, {"x": 202.0, "y": 917.0}]}, "line": 15}], "page": 0}}, "value": "within 15 days", "value_raw": "within 15 days", "confidence": 0.6505864262580872, "boxes": [{"description": "within", "boundingPoly": {"vertices": [{"x": 142.0, "y": 900.0}, {"x": 182.0, "y": 900.0}, {"x": 182.0, "y": 914.0}, {"x": 142.0, "y": 914.0}]}, "line": 15}, {"description": "15", "boundingPoly": {"vertices": [{"x": 183.0, "y": 900.0}, {"x": 201.0, "y": 900.0}, {"x": 201.0, "y": 914.0}, {"x": 183.0, "y": 914.0}]}, "line": 15}, {"description": "days", "boundingPoly": {"vertices": [{"x": 202.0, "y": 899.0}, {"x": 234.0, "y": 899.0}, {"x": 234.0, "y": 917.0}, {"x": 202.0, "y": 917.0}]}, "line": 15}], "page": 0}, "net-amount": {"multi_page": {"0": {"value": "145.00", "value_raw": "145.00", "confidence": 0.9745871424674988, "boxes": [{"description": "145.00", "boundingPoly": {"vertices": [{"x": 662.0, "y": 541.0}, {"x": 707.0, "y": 541.0}, {"x": 707.0, "y": 556.0}, {"x": 662.0, "y": 556.0}]}, "line": 11}], "page": 0}}, "value": "145.00", "value_raw": "145.00", "confidence": 0.9745871424674988, "boxes": [{"description": "145.00", "boundingPoly": {"vertices": [{"x": 662.0, "y": 541.0}, {"x": 707.0, "y": 541.0}, {"x": 707.0, "y": 556.0}, {"x": 662.0, "y": 556.0}]}, "line": 11}], "page": 0}, "due-date": {"multi_page": {"0": {"value": "2019-02-26", "value_raw": "26/02/2019", "confidence": 0.8976064324378967, "boxes": [{"description": "26/02/2019", "boundingPoly": {"vertices": [{"x": 632.0, "y": 370.0}, {"x": 706.0, "y": 370.0}, {"x": 706.0, "y": 385.0}, {"x": 632.0, "y": 385.0}]}, "line": 6}], "date_potentially_ambiguous": false, "page": 0}}, "value": "2019-02-26", "value_raw": "26/02/2019", "confidence": 0.8976064324378967, "boxes": [{"description": "26/02/2019", "boundingPoly": {"vertices": [{"x": 632.0, "y": 370.0}, {"x": 706.0, "y": 370.0}, {"x": 706.0, "y": 385.0}, {"x": 632.0, "y": 385.0}]}, "line": 6}], "page": 0}, "discount": {"multi_page": {}, "value": "", "value_raw": "", "confidence": 0.0, "boxes": [], "page": 0}, "shipping-charges": {"multi_page": {}, "value": "", "value_raw": "", "confidence": 0.0, "boxes": [], "page": 0}, "payment-addr": {"multi_page": {}, "value": "", "value_raw": "", "confidence": 0.0, "boxes": [], "page": 0}, "billing-vat-no": {"multi_page": {}, "value": "", "value_raw": "", "confidence": 0.0, "boxes": [], "page": 0}, "items": [{"quantity": {"value": "1", "confidence": 0.8780032396316528, "boxes": [{"description": "1", "boundingPoly": {"vertices": [{"x": 52.0, "y": 456.0}, {"x": 61.0, "y": 456.0}, {"x": 61.0, "y": 471.0}, {"x": 52.0, "y": 471.0}]}, "line": 8}], "page": 0}, "description": {"value": "Front and rear brake cables", "confidence": 0.9750375747680664, "boxes": [{"description": "Front", "boundingPoly": {"vertices": [{"x": 108.0, "y": 456.0}, {"x": 145.0, "y": 456.0}, {"x": 145.0, "y": 471.0}, {"x": 108.0, "y": 471.0}]}, "line": 8}, {"description": "and", "boundingPoly": {"vertices": [{"x": 144.0, "y": 456.0}, {"x": 172.0, "y": 456.0}, {"x": 172.0, "y": 471.0}, {"x": 144.0, "y": 471.0}]}, "line": 8}, {"description": "rear", "boundingPoly": {"vertices": [{"x": 172.0, "y": 458.0}, {"x": 200.0, "y": 458.0}, {"x": 200.0, "y": 472.0}, {"x": 172.0, "y": 472.0}]}, "line": 8}, {"description": "brake", "boundingPoly": {"vertices": [{"x": 200.0, "y": 456.0}, {"x": 239.0, "y": 456.0}, {"x": 239.0, "y": 471.0}, {"x": 200.0, "y": 471.0}]}, "line": 8}, {"description": "cables", "boundingPoly": {"vertices": [{"x": 238.0, "y": 456.0}, {"x": 282.0, "y": 456.0}, {"x": 282.0, "y": 472.0}, {"x": 238.0, "y": 472.0}]}, "line": 8}], "page": 0}, "unit-price": {"value": "100.00", "confidence": 0.9931897521018982, "boxes": [{"description": "100.00", "boundingPoly": {"vertices": [{"x": 497.0, "y": 457.0}, {"x": 542.0, "y": 457.0}, {"x": 542.0, "y": 471.0}, {"x": 497.0, "y": 471.0}]}, "line": 8}], "page": 0}, "line-amount": {"value": "100.00", "confidence": 0.9905216693878174, "boxes": [{"description": "100.00", "boundingPoly": {"vertices": [{"x": 662.0, "y": 456.0}, {"x": 707.0, "y": 456.0}, {"x": 707.0, "y": 471.0}, {"x": 662.0, "y": 471.0}]}, "line": 8}], "page": 0}, "item-po-no": {"value": "", "confidence": 0.0, "boxes": [], "page": 0}, "line-no": {"value": "", "confidence": 0.0, "boxes": [], "page": 0}, "part-no": {"value": "", "confidence": 0.0, "boxes": [], "page": 0}}, {"quantity": {"value": "2", "confidence": 0.9480417370796204, "boxes": [{"description": "2", "boundingPoly": {"vertices": [{"x": 50.0, "y": 480.0}, {"x": 63.0, "y": 480.0}, {"x": 63.0, "y": 496.0}, {"x": 50.0, "y": 496.0}]}, "line": 9}], "page": 0}, "description": {"value": "New set of pedal arms", "confidence": 0.9827995300292969, "boxes": [{"description": "New", "boundingPoly": {"vertices": [{"x": 109.0, "y": 481.0}, {"x": 141.0, "y": 481.0}, {"x": 141.0, "y": 495.0}, {"x": 109.0, "y": 495.0}]}, "line": 9}, {"description": "set", "boundingPoly": {"vertices": [{"x": 140.0, "y": 481.0}, {"x": 163.0, "y": 481.0}, {"x": 163.0, "y": 495.0}, {"x": 140.0, "y": 495.0}]}, "line": 9}, {"description": "of", "boundingPoly": {"vertices": [{"x": 162.0, "y": 480.0}, {"x": 178.0, "y": 480.0}, {"x": 178.0, "y": 496.0}, {"x": 162.0, "y": 496.0}]}, "line": 9}, {"description": "pedal", "boundingPoly": {"vertices": [{"x": 178.0, "y": 480.0}, {"x": 216.0, "y": 480.0}, {"x": 216.0, "y": 498.0}, {"x": 178.0, "y": 498.0}]}, "line": 9}, {"description": "arms", "boundingPoly": {"vertices": [{"x": 215.0, "y": 482.0}, {"x": 251.0, "y": 482.0}, {"x": 251.0, "y": 496.0}, {"x": 215.0, "y": 496.0}]}, "line": 9}], "page": 0}, "unit-price": {"value": "15.00", "confidence": 0.9916833639144897, "boxes": [{"description": "15.00", "boundingPoly": {"vertices": [{"x": 505.0, "y": 480.0}, {"x": 542.0, "y": 480.0}, {"x": 542.0, "y": 496.0}, {"x": 505.0, "y": 496.0}]}, "line": 9}], "page": 0}, "line-amount": {"value": "30.00", "confidence": 0.9895119071006775, "boxes": [{"description": "30.00", "boundingPoly": {"vertices": [{"x": 669.0, "y": 480.0}, {"x": 707.0, "y": 480.0}, {"x": 707.0, "y": 496.0}, {"x": 669.0, "y": 496.0}]}, "line": 9}], "page": 0}, "item-po-no": {"value": "", "confidence": 0.0, "boxes": [], "page": 0}, "line-no": {"value": "", "confidence": 0.0, "boxes": [], "page": 0}, "part-no": {"value": "", "confidence": 0.0, "boxes": [], "page": 0}}, {"quantity": {"value": "3", "confidence": 0.9019851684570312, "boxes": [{"description": "3", "boundingPoly": {"vertices": [{"x": 50.0, "y": 504.0}, {"x": 63.0, "y": 504.0}, {"x": 63.0, "y": 520.0}, {"x": 50.0, "y": 520.0}]}, "line": 10}], "page": 0}, "description": {"value": "Labor 3hrs", "confidence": 0.9858200550079346, "boxes": [{"description": "Labor", "boundingPoly": {"vertices": [{"x": 108.0, "y": 504.0}, {"x": 148.0, "y": 504.0}, {"x": 148.0, "y": 520.0}, {"x": 108.0, "y": 520.0}]}, "line": 10}, {"description": "3hrs", "boundingPoly": {"vertices": [{"x": 147.0, "y": 504.0}, {"x": 179.0, "y": 504.0}, {"x": 179.0, "y": 520.0}, {"x": 147.0, "y": 520.0}]}, "line": 10}], "page": 0}, "unit-price": {"value": "5.00", "confidence": 0.9831007719039917, "boxes": [{"description": "5.00", "boundingPoly": {"vertices": [{"x": 511.0, "y": 504.0}, {"x": 542.0, "y": 504.0}, {"x": 542.0, "y": 520.0}, {"x": 511.0, "y": 520.0}]}, "line": 10}], "page": 0}, "line-amount": {"value": "15.00", "confidence": 0.9928873181343079, "boxes": [{"description": "15.00", "boundingPoly": {"vertices": [{"x": 669.0, "y": 504.0}, {"x": 707.0, "y": 504.0}, {"x": 707.0, "y": 520.0}, {"x": 669.0, "y": 520.0}]}, "line": 10}], "page": 0}, "item-po-no": {"value": "", "confidence": 0.0, "boxes": [], "page": 0}, "line-no": {"value": "", "confidence": 0.0, "boxes": [], "page": 0}, "part-no": {"value": "", "confidence": 0.0, "boxes": [], "page": 0}}], "currency": {"value": "USD", "confidence": 0.9827002286911011}}, "pages": [{"page_rotation": 0, "boxes": [[{"confidence": 0.95, "description": "INVOICE", "boundingPoly": {"vertices": [{"x": 42, "y": 59}, {"x": 242, "y": 59}, {"x": 242, "y": 129}, {"x": 42, "y": 129}]}}], [{"confidence": 0.979999959, "description": "FROM", "boundingPoly": {"vertices": [{"x": 42, "y": 181}, {"x": 75, "y": 181}, {"x": 75, "y": 198}, {"x": 42, "y": 198}]}}, {"confidence": 0.849999964, "description": "BILLTO", "boundingPoly": {"vertices": [{"x": 268, "y": 181}, {"x": 309, "y": 181}, {"x": 309, "y": 198}, {"x": 268, "y": 198}]}}, {"confidence": 0.93, "description": "SHIPTO", "boundingPoly": {"vertices": [{"x": 483, "y": 181}, {"x": 525, "y": 181}, {"x": 525, "y": 198}, {"x": 483, "y": 198}]}}], [{"confidence": 0.98999995, "description": "East", "boundingPoly": {"vertices": [{"x": 43, "y": 201}, {"x": 75, "y": 201}, {"x": 75, "y": 217}, {"x": 43, "y": 217}]}}, {"confidence": 0.969999969, "description": "Repair", "boundingPoly": {"vertices": [{"x": 75, "y": 201}, {"x": 121, "y": 201}, {"x": 121, "y": 219}, {"x": 75, "y": 219}]}}, {"confidence": 0.979999959, "description": "Inc.", "boundingPoly": {"vertices": [{"x": 119, "y": 201}, {"x": 145, "y": 201}, {"x": 145, "y": 217}, {"x": 119, "y": 217}]}}, {"confidence": 0.969999969, "description": "John", "boundingPoly": {"vertices": [{"x": 269, "y": 201}, {"x": 304, "y": 201}, {"x": 304, "y": 218}, {"x": 269, "y": 218}]}}, {"confidence": 0.98999995, "description": "Smith", "boundingPoly": {"vertices": [{"x": 303, "y": 201}, {"x": 343, "y": 201}, {"x": 343, "y": 217}, {"x": 303, "y": 217}]}}, {"confidence": 0.98999995, "description": "John", "boundingPoly": {"vertices": [{"x": 483, "y": 201}, {"x": 517, "y": 201}, {"x": 517, "y": 217}, {"x": 483, "y": 217}]}}, {"confidence": 0.98999995, "description": "Smith", "boundingPoly": {"vertices": [{"x": 517, "y": 201}, {"x": 556, "y": 201}, {"x": 556, "y": 217}, {"x": 517, "y": 217}]}}], [{"confidence": 0.98999995, "description": "1912", "boundingPoly": {"vertices": [{"x": 44, "y": 219}, {"x": 80, "y": 219}, {"x": 80, "y": 235}, {"x": 44, "y": 235}]}}, {"confidence": 0.969999969, "description": "Harvest", "boundingPoly": {"vertices": [{"x": 77, "y": 219}, {"x": 131, "y": 219}, {"x": 131, "y": 236}, {"x": 77, "y": 236}]}}, {"confidence": 0.98999995, "description": "Lane", "boundingPoly": {"vertices": [{"x": 129, "y": 219}, {"x": 165, "y": 219}, {"x": 165, "y": 235}, {"x": 129, "y": 235}]}}, {"confidence": 0.98999995, "description": "2", "boundingPoly": {"vertices": [{"x": 268, "y": 218}, {"x": 282, "y": 218}, {"x": 282, "y": 235}, {"x": 268, "y": 235}]}}, {"confidence": 0.98999995, "description": "Court", "boundingPoly": {"vertices": [{"x": 281, "y": 219}, {"x": 319, "y": 219}, {"x": 319, "y": 235}, {"x": 281, "y": 235}]}}, {"confidence": 0.979999959, "description": "Square", "boundingPoly": {"vertices": [{"x": 319, "y": 219}, {"x": 368, "y": 219}, {"x": 368, "y": 237}, {"x": 319, "y": 237}]}}, {"confidence": 0.98999995, "description": "3787", "boundingPoly": {"vertices": [{"x": 483, "y": 219}, {"x": 518, "y": 219}, {"x": 518, "y": 235}, {"x": 483, "y": 235}]}}, {"confidence": 0.98999995, "description": "Pineview", "boundingPoly": {"vertices": [{"x": 518, "y": 219}, {"x": 577, "y": 219}, {"x": 577, "y": 235}, {"x": 518, "y": 235}]}}, {"confidence": 0.98999995, "description": "Drive", "boundingPoly": {"vertices": [{"x": 577, "y": 220}, {"x": 613, "y": 220}, {"x": 613, "y": 235}, {"x": 577, "y": 235}]}}], [{"confidence": 0.98999995, "description": "New", "boundingPoly": {"vertices": [{"x": 43, "y": 237}, {"x": 75, "y": 237}, {"x": 75, "y": 253}, {"x": 43, "y": 253}]}}, {"confidence": 0.979999959, "description": "York,", "boundingPoly": {"vertices": [{"x": 74, "y": 237}, {"x": 111, "y": 237}, {"x": 111, "y": 255}, {"x": 74, "y": 255}]}}, {"confidence": 0.98999995, "description": "NY", "boundingPoly": {"vertices": [{"x": 110, "y": 236}, {"x": 135, "y": 236}, {"x": 135, "y": 254}, {"x": 110, "y": 254}]}}, {"confidence": 0.98999995, "description": "12210", "boundingPoly": {"vertices": [{"x": 134, "y": 237}, {"x": 178, "y": 237}, {"x": 178, "y": 254}, {"x": 134, "y": 254}]}}, {"confidence": 0.98999995, "description": "New", "boundingPoly": {"vertices": [{"x": 269, "y": 237}, {"x": 302, "y": 237}, {"x": 302, "y": 254}, {"x": 269, "y": 254}]}}, {"confidence": 0.98999995, "description": "York,", "boundingPoly": {"vertices": [{"x": 300, "y": 237}, {"x": 337, "y": 237}, {"x": 337, "y": 255}, {"x": 300, "y": 255}]}}, {"confidence": 0.98999995, "description": "NY", "boundingPoly": {"vertices": [{"x": 337, "y": 237}, {"x": 360, "y": 237}, {"x": 360, "y": 253}, {"x": 337, "y": 253}]}}, {"confidence": 0.979999959, "description": "12210", "boundingPoly": {"vertices": [{"x": 361, "y": 237}, {"x": 403, "y": 237}, {"x": 403, "y": 253}, {"x": 361, "y": 253}]}}, {"confidence": 0.979999959, "description": "Cambridge,", "boundingPoly": {"vertices": [{"x": 483, "y": 237}, {"x": 558, "y": 237}, {"x": 558, "y": 256}, {"x": 483, "y": 256}]}}, {"confidence": 0.98999995, "description": "MA", "boundingPoly": {"vertices": [{"x": 559, "y": 237}, {"x": 584, "y": 237}, {"x": 584, "y": 253}, {"x": 559, "y": 253}]}}, {"confidence": 0.979999959, "description": "12210", "boundingPoly": {"vertices": [{"x": 584, "y": 237}, {"x": 626, "y": 237}, {"x": 626, "y": 253}, {"x": 584, "y": 253}]}}], [{"confidence": 0.919999957, "description": "INVOICE", "boundingPoly": {"vertices": [{"x": 43, "y": 348}, {"x": 86, "y": 348}, {"x": 86, "y": 365}, {"x": 43, "y": 365}]}}, {"confidence": 0.98999995, "description": "#", "boundingPoly": {"vertices": [{"x": 85, "y": 348}, {"x": 95, "y": 348}, {"x": 95, "y": 365}, {"x": 85, "y": 365}]}}, {"confidence": 0.93, "description": "INVOICE", "boundingPoly": {"vertices": [{"x": 208, "y": 349}, {"x": 250, "y": 349}, {"x": 250, "y": 365}, {"x": 208, "y": 365}]}}, {"confidence": 0.98999995, "description": "DATE", "boundingPoly": {"vertices": [{"x": 249, "y": 349}, {"x": 278, "y": 349}, {"x": 278, "y": 365}, {"x": 249, "y": 365}]}}, {"confidence": 0.25, "description": "PO.#", "boundingPoly": {"vertices": [{"x": 512, "y": 349}, {"x": 540, "y": 349}, {"x": 540, "y": 365}, {"x": 512, "y": 365}]}}, {"confidence": 0.98999995, "description": "DUE", "boundingPoly": {"vertices": [{"x": 655, "y": 349}, {"x": 679, "y": 349}, {"x": 679, "y": 365}, {"x": 655, "y": 365}]}}, {"confidence": 0.98999995, "description": "DATE", "boundingPoly": {"vertices": [{"x": 677, "y": 349}, {"x": 706, "y": 349}, {"x": 706, "y": 365}, {"x": 677, "y": 365}]}}], [{"confidence": 0.969999969, "description": "US-001", "boundingPoly": {"vertices": [{"x": 43, "y": 369}, {"x": 93, "y": 369}, {"x": 93, "y": 385}, {"x": 43, "y": 385}]}}, {"confidence": 0.98999995, "description": "11/02/2019", "boundingPoly": {"vertices": [{"x": 209, "y": 369}, {"x": 281, "y": 369}, {"x": 281, "y": 385}, {"x": 209, "y": 385}]}}, {"confidence": 0.98999995, "description": "2312/2019", "boundingPoly": {"vertices": [{"x": 471, "y": 370}, {"x": 541, "y": 370}, {"x": 541, "y": 385}, {"x": 471, "y": 385}]}}, {"confidence": 0.98999995, "description": "26/02/2019", "boundingPoly": {"vertices": [{"x": 632, "y": 370}, {"x": 706, "y": 370}, {"x": 706, "y": 385}, {"x": 632, "y": 385}]}}], [{"confidence": 0.87, "description": "QTY", "boundingPoly": {"vertices": [{"x": 45, "y": 428}, {"x": 68, "y": 428}, {"x": 68, "y": 445}, {"x": 45, "y": 445}]}}, {"confidence": 0.859999955, "description": "DESCRIPTION", "boundingPoly": {"vertices": [{"x": 208, "y": 428}, {"x": 277, "y": 428}, {"x": 277, "y": 445}, {"x": 208, "y": 445}]}}, {"confidence": 0.93, "description": "UNITPRICE", "boundingPoly": {"vertices": [{"x": 484, "y": 429}, {"x": 541, "y": 429}, {"x": 541, "y": 445}, {"x": 484, "y": 445}]}}, {"confidence": 0.969999969, "description": "AMOUNT", "boundingPoly": {"vertices": [{"x": 660, "y": 429}, {"x": 705, "y": 429}, {"x": 705, "y": 444}, {"x": 660, "y": 444}]}}], [{"confidence": 0.98999995, "description": "1", "boundingPoly": {"vertices": [{"x": 52, "y": 456}, {"x": 61, "y": 456}, {"x": 61, "y": 471}, {"x": 52, "y": 471}]}}, {"confidence": 0.98999995, "description": "Front", "boundingPoly": {"vertices": [{"x": 108, "y": 456}, {"x": 145, "y": 456}, {"x": 145, "y": 471}, {"x": 108, "y": 471}]}}, {"confidence": 0.98999995, "description": "and", "boundingPoly": {"vertices": [{"x": 144, "y": 456}, {"x": 172, "y": 456}, {"x": 172, "y": 471}, {"x": 144, "y": 471}]}}, {"confidence": 0.98999995, "description": "rear", "boundingPoly": {"vertices": [{"x": 172, "y": 458}, {"x": 200, "y": 458}, {"x": 200, "y": 472}, {"x": 172, "y": 472}]}}, {"confidence": 0.98999995, "description": "brake", "boundingPoly": {"vertices": [{"x": 200, "y": 456}, {"x": 239, "y": 456}, {"x": 239, "y": 471}, {"x": 200, "y": 471}]}}, {"confidence": 0.98999995, "description": "cables", "boundingPoly": {"vertices": [{"x": 238, "y": 456}, {"x": 282, "y": 456}, {"x": 282, "y": 472}, {"x": 238, "y": 472}]}}, {"confidence": 0.98999995, "description": "100.00", "boundingPoly": {"vertices": [{"x": 497, "y": 457}, {"x": 542, "y": 457}, {"x": 542, "y": 471}, {"x": 497, "y": 471}]}}, {"confidence": 0.969999969, "description": "100.00", "boundingPoly": {"vertices": [{"x": 662, "y": 456}, {"x": 707, "y": 456}, {"x": 707, "y": 471}, {"x": 662, "y": 471}]}}], [{"confidence": 0.98999995, "description": "2", "boundingPoly": {"vertices": [{"x": 50, "y": 480}, {"x": 63, "y": 480}, {"x": 63, "y": 496}, {"x": 50, "y": 496}]}}, {"confidence": 0.98999995, "description": "New", "boundingPoly": {"vertices": [{"x": 109, "y": 481}, {"x": 141, "y": 481}, {"x": 141, "y": 495}, {"x": 109, "y": 495}]}}, {"confidence": 0.98999995, "description": "set", "boundingPoly": {"vertices": [{"x": 140, "y": 481}, {"x": 163, "y": 481}, {"x": 163, "y": 495}, {"x": 140, "y": 495}]}}, {"confidence": 0.98999995, "description": "of", "boundingPoly": {"vertices": [{"x": 162, "y": 480}, {"x": 178, "y": 480}, {"x": 178, "y": 496}, {"x": 162, "y": 496}]}}, {"confidence": 0.98999995, "description": "pedal", "boundingPoly": {"vertices": [{"x": 178, "y": 480}, {"x": 216, "y": 480}, {"x": 216, "y": 498}, {"x": 178, "y": 498}]}}, {"confidence": 0.979999959, "description": "arms", "boundingPoly": {"vertices": [{"x": 215, "y": 482}, {"x": 251, "y": 482}, {"x": 251, "y": 496}, {"x": 215, "y": 496}]}}, {"confidence": 0.98999995, "description": "15.00", "boundingPoly": {"vertices": [{"x": 505, "y": 480}, {"x": 542, "y": 480}, {"x": 542, "y": 496}, {"x": 505, "y": 496}]}}, {"confidence": 0.98999995, "description": "30.00", "boundingPoly": {"vertices": [{"x": 669, "y": 480}, {"x": 707, "y": 480}, {"x": 707, "y": 496}, {"x": 669, "y": 496}]}}], [{"confidence": 0.98999995, "description": "3", "boundingPoly": {"vertices": [{"x": 50, "y": 504}, {"x": 63, "y": 504}, {"x": 63, "y": 520}, {"x": 50, "y": 520}]}}, {"confidence": 0.98999995, "description": "Labor", "boundingPoly": {"vertices": [{"x": 108, "y": 504}, {"x": 148, "y": 504}, {"x": 148, "y": 520}, {"x": 108, "y": 520}]}}, {"confidence": 0.98999995, "description": "3hrs", "boundingPoly": {"vertices": [{"x": 147, "y": 504}, {"x": 179, "y": 504}, {"x": 179, "y": 520}, {"x": 147, "y": 520}]}}, {"confidence": 0.98999995, "description": "5.00", "boundingPoly": {"vertices": [{"x": 511, "y": 504}, {"x": 542, "y": 504}, {"x": 542, "y": 520}, {"x": 511, "y": 520}]}}, {"confidence": 0.98999995, "description": "15.00", "boundingPoly": {"vertices": [{"x": 669, "y": 504}, {"x": 707, "y": 504}, {"x": 707, "y": 520}, {"x": 669, "y": 520}]}}], [{"confidence": 0.98999995, "description": "Subtotal", "boundingPoly": {"vertices": [{"x": 487, "y": 541}, {"x": 541, "y": 541}, {"x": 541, "y": 556}, {"x": 487, "y": 556}]}}, {"confidence": 0.95, "description": "145.00", "boundingPoly": {"vertices": [{"x": 662, "y": 541}, {"x": 707, "y": 541}, {"x": 707, "y": 556}, {"x": 662, "y": 556}]}}], [{"confidence": 0.98999995, "description": "Sales", "boundingPoly": {"vertices": [{"x": 433, "y": 565}, {"x": 471, "y": 565}, {"x": 471, "y": 580}, {"x": 433, "y": 580}]}}, {"confidence": 0.98999995, "description": "Tax", "boundingPoly": {"vertices": [{"x": 471, "y": 565}, {"x": 499, "y": 565}, {"x": 499, "y": 580}, {"x": 471, "y": 580}]}}, {"confidence": 0.98999995, "description": "6.25%", "boundingPoly": {"vertices": [{"x": 498, "y": 565}, {"x": 542, "y": 565}, {"x": 542, "y": 581}, {"x": 498, "y": 581}]}}, {"confidence": 0.98999995, "description": "9.06", "boundingPoly": {"vertices": [{"x": 676, "y": 565}, {"x": 707, "y": 565}, {"x": 707, "y": 581}, {"x": 676, "y": 581}]}}], [{"confidence": 0.979999959, "description": "Total", "boundingPoly": {"vertices": [{"x": 501, "y": 599}, {"x": 542, "y": 599}, {"x": 542, "y": 615}, {"x": 501, "y": 615}]}}, {"confidence": 0.98999995, "description": "$154.06", "boundingPoly": {"vertices": [{"x": 648, "y": 598}, {"x": 707, "y": 598}, {"x": 707, "y": 616}, {"x": 648, "y": 616}]}}], [{"confidence": 0.98999995, "description": "TERMS", "boundingPoly": {"vertices": [{"x": 43, "y": 878}, {"x": 78, "y": 878}, {"x": 78, "y": 893}, {"x": 43, "y": 893}]}}, {"confidence": 0.81, "description": "a", "boundingPoly": {"vertices": [{"x": 76, "y": 878}, {"x": 86, "y": 878}, {"x": 86, "y": 892}, {"x": 76, "y": 892}]}}, {"confidence": 0.87, "description": "CONOITIONS", "boundingPoly": {"vertices": [{"x": 86, "y": 878}, {"x": 143, "y": 878}, {"x": 143, "y": 893}, {"x": 86, "y": 893}]}}], [{"confidence": 0.98999995, "description": "Payment", "boundingPoly": {"vertices": [{"x": 44, "y": 899}, {"x": 102, "y": 899}, {"x": 102, "y": 917}, {"x": 44, "y": 917}]}}, {"confidence": 0.81, "description": "is", "boundingPoly": {"vertices": [{"x": 102, "y": 899}, {"x": 116, "y": 899}, {"x": 116, "y": 914}, {"x": 102, "y": 914}]}}, {"confidence": 0.98999995, "description": "due", "boundingPoly": {"vertices": [{"x": 116, "y": 899}, {"x": 143, "y": 899}, {"x": 143, "y": 914}, {"x": 116, "y": 914}]}}, {"confidence": 0.98999995, "description": "within", "boundingPoly": {"vertices": [{"x": 142, "y": 900}, {"x": 182, "y": 900}, {"x": 182, "y": 914}, {"x": 142, "y": 914}]}}, {"confidence": 0.98999995, "description": "15", "boundingPoly": {"vertices": [{"x": 183, "y": 900}, {"x": 201, "y": 900}, {"x": 201, "y": 914}, {"x": 183, "y": 914}]}}, {"confidence": 0.98999995, "description": "days", "boundingPoly": {"vertices": [{"x": 202, "y": 899}, {"x": 234, "y": 899}, {"x": 234, "y": 917}, {"x": 202, "y": 917}]}}], [{"confidence": 0.98999995, "description": "Please", "boundingPoly": {"vertices": [{"x": 44, "y": 935}, {"x": 89, "y": 935}, {"x": 89, "y": 951}, {"x": 44, "y": 951}]}}, {"confidence": 0.98999995, "description": "make", "boundingPoly": {"vertices": [{"x": 89, "y": 935}, {"x": 127, "y": 935}, {"x": 127, "y": 951}, {"x": 89, "y": 951}]}}, {"confidence": 0.979999959, "description": "checks", "boundingPoly": {"vertices": [{"x": 127, "y": 935}, {"x": 175, "y": 935}, {"x": 175, "y": 951}, {"x": 127, "y": 951}]}}, {"confidence": 0.979999959, "description": "payable", "boundingPoly": {"vertices": [{"x": 175, "y": 936}, {"x": 226, "y": 936}, {"x": 226, "y": 954}, {"x": 175, "y": 954}]}}, {"confidence": 0.98999995, "description": "to:", "boundingPoly": {"vertices": [{"x": 226, "y": 935}, {"x": 245, "y": 935}, {"x": 245, "y": 951}, {"x": 226, "y": 951}]}}, {"confidence": 0.98999995, "description": "East", "boundingPoly": {"vertices": [{"x": 247, "y": 935}, {"x": 278, "y": 935}, {"x": 278, "y": 951}, {"x": 247, "y": 951}]}}, {"confidence": 0.98999995, "description": "Repair", "boundingPoly": {"vertices": [{"x": 278, "y": 935}, {"x": 323, "y": 935}, {"x": 323, "y": 954}, {"x": 278, "y": 954}]}}, {"confidence": 0.98999995, "description": "Inc.", "boundingPoly": {"vertices": [{"x": 323, "y": 935}, {"x": 348, "y": 935}, {"x": 348, "y": 951}, {"x": 323, "y": 951}]}}]], "width": 750, "height": 1061}], "page_count": 1}