{"api_version": "1.2", "fields": {"page_size": [[750, 1061]], "name": {"multi_page": {"0": {"value": "East Repair Inc. LOGO", "value_raw": "East Repair Inc. LOGO", "confidence": 0.8234738707542419, "boxes": [{"description": "East", "boundingPoly": {"vertices": [{"x": 98.0, "y": 75.0}, {"x": 143.0, "y": 75.0}, {"x": 143.0, "y": 96.0}, {"x": 98.0, "y": 96.0}]}, "line": 0}, {"description": "Repair", "boundingPoly": {"vertices": [{"x": 144.0, "y": 76.0}, {"x": 208.0, "y": 76.0}, {"x": 208.0, "y": 100.0}, {"x": 144.0, "y": 100.0}]}, "line": 0}, {"description": "Inc.", "boundingPoly": {"vertices": [{"x": 209.0, "y": 76.0}, {"x": 244.0, "y": 76.0}, {"x": 244.0, "y": 96.0}, {"x": 209.0, "y": 96.0}]}, "line": 0}, {"description": "LOGO", "boundingPoly": {"vertices": [{"x": 615.0, "y": 110.0}, {"x": 686.0, "y": 110.0}, {"x": 686.0, "y": 137.0}, {"x": 615.0, "y": 137.0}]}, "line": 1}], "page": 0}}, "value": "East Repair Inc. LOGO", "value_raw": "East Repair Inc. LOGO", "confidence": 0.8234738707542419, "boxes": [{"description": "East", "boundingPoly": {"vertices": [{"x": 98.0, "y": 75.0}, {"x": 143.0, "y": 75.0}, {"x": 143.0, "y": 96.0}, {"x": 98.0, "y": 96.0}]}, "line": 0}, {"description": "Repair", "boundingPoly": {"vertices": [{"x": 144.0, "y": 76.0}, {"x": 208.0, "y": 76.0}, {"x": 208.0, "y": 100.0}, {"x": 144.0, "y": 100.0}]}, "line": 0}, {"description": "Inc.", "boundingPoly": {"vertices": [{"x": 209.0, "y": 76.0}, {"x": 244.0, "y": 76.0}, {"x": 244.0, "y": 96.0}, {"x": 209.0, "y": 96.0}]}, "line": 0}, {"description": "LOGO", "boundingPoly": {"vertices": [{"x": 615.0, "y": 110.0}, {"x": 686.0, "y": 110.0}, {"x": 686.0, "y": 137.0}, {"x": 615.0, "y": 137.0}]}, "line": 1}], "page": 0}, "vendor-addr": {"multi_page": {"0": {"value": "1912 Harvest Lane New York, NY 12210", "value_raw": "1912 Harvest Lane New York, NY 12210", "confidence": 0.9668936431407928, "boxes": [{"description": "1912", "boundingPoly": {"vertices": [{"x": 98.0, "y": 115.0}, {"x": 130.0, "y": 115.0}, {"x": 130.0, "y": 131.0}, {"x": 98.0, "y": 131.0}]}, "line": 1}, {"description": "Harvest", "boundingPoly": {"vertices": [{"x": 129.0, "y": 116.0}, {"x": 177.0, "y": 116.0}, {"x": 177.0, "y": 130.0}, {"x": 129.0, "y": 130.0}]}, "line": 1}, {"description": "Lane", "boundingPoly": {"vertices": [{"x": 176.0, "y": 116.0}, {"x": 209.0, "y": 116.0}, {"x": 209.0, "y": 131.0}, {"x": 176.0, "y": 131.0}]}, "line": 1}, {"description": "New", "boundingPoly": {"vertices": [{"x": 98.0, "y": 133.0}, {"x": 127.0, "y": 133.0}, {"x": 127.0, "y": 148.0}, {"x": 98.0, "y": 148.0}]}, "line": 2}, {"description": "York,", "boundingPoly": {"vertices": [{"x": 126.0, "y": 133.0}, {"x": 159.0, "y": 133.0}, {"x": 159.0, "y": 150.0}, {"x": 126.0, "y": 150.0}]}, "line": 2}, {"description": "NY", "boundingPoly": {"vertices": [{"x": 159.0, "y": 133.0}, {"x": 181.0, "y": 133.0}, {"x": 181.0, "y": 148.0}, {"x": 159.0, "y": 148.0}]}, "line": 2}, {"description": "12210", "boundingPoly": {"vertices": [{"x": 181.0, "y": 134.0}, {"x": 220.0, "y": 134.0}, {"x": 220.0, "y": 149.0}, {"x": 181.0, "y": 149.0}]}, "line": 2}], "page": 0}}, "value": "1912 Harvest Lane New York, NY 12210", "value_raw": "1912 Harvest Lane New York, NY 12210", "confidence": 0.9668936431407928, "boxes": [{"description": "1912", "boundingPoly": {"vertices": [{"x": 98.0, "y": 115.0}, {"x": 130.0, "y": 115.0}, {"x": 130.0, "y": 131.0}, {"x": 98.0, "y": 131.0}]}, "line": 1}, {"description": "Harvest", "boundingPoly": {"vertices": [{"x": 129.0, "y": 116.0}, {"x": 177.0, "y": 116.0}, {"x": 177.0, "y": 130.0}, {"x": 129.0, "y": 130.0}]}, "line": 1}, {"description": "Lane", "boundingPoly": {"vertices": [{"x": 176.0, "y": 116.0}, {"x": 209.0, "y": 116.0}, {"x": 209.0, "y": 131.0}, {"x": 176.0, "y": 131.0}]}, "line": 1}, {"description": "New", "boundingPoly": {"vertices": [{"x": 98.0, "y": 133.0}, {"x": 127.0, "y": 133.0}, {"x": 127.0, "y": 148.0}, {"x": 98.0, "y": 148.0}]}, "line": 2}, {"description": "York,", "boundingPoly": {"vertices": [{"x": 126.0, "y": 133.0}, {"x": 159.0, "y": 133.0}, {"x": 159.0, "y": 150.0}, {"x": 126.0, "y": 150.0}]}, "line": 2}, {"description": "NY", "boundingPoly": {"vertices": [{"x": 159.0, "y": 133.0}, {"x": 181.0, "y": 133.0}, {"x": 181.0, "y": 148.0}, {"x": 159.0, "y": 148.0}]}, "line": 2}, {"description": "12210", "boundingPoly": {"vertices": [{"x": 181.0, "y": 134.0}, {"x": 220.0, "y": 134.0}, {"x": 220.0, "y": 149.0}, {"x": 181.0, "y": 149.0}]}, "line": 2}], "page": 0}, "billing-name": {"multi_page": {"0": {"value": "John Smith", "value_raw": "John Smith", "confidence": 0.9355319142341614, "boxes": [{"description": "John", "boundingPoly": {"vertices": [{"x": 97.0, "y": 245.0}, {"x": 129.0, "y": 245.0}, {"x": 129.0, "y": 260.0}, {"x": 97.0, "y": 260.0}]}, "line": 4}, {"description": "Smith", "boundingPoly": {"vertices": [{"x": 128.0, "y": 245.0}, {"x": 165.0, "y": 245.0}, {"x": 165.0, "y": 260.0}, {"x": 128.0, "y": 260.0}]}, "line": 4}], "page": 0}}, "value": "John Smith", "value_raw": "John Smith", "confidence": 0.9355319142341614, "boxes": [{"description": "John", "boundingPoly": {"vertices": [{"x": 97.0, "y": 245.0}, {"x": 129.0, "y": 245.0}, {"x": 129.0, "y": 260.0}, {"x": 97.0, "y": 260.0}]}, "line": 4}, {"description": "Smith", "boundingPoly": {"vertices": [{"x": 128.0, "y": 245.0}, {"x": 165.0, "y": 245.0}, {"x": 165.0, "y": 260.0}, {"x": 128.0, "y": 260.0}]}, "line": 4}], "page": 0}, "billing-addr": {"multi_page": {"0": {"value": "2 Court Square New York, NY 12210", "value_raw": "2 Court Square New York, NY 12210", "confidence": 0.9647805690765381, "boxes": [{"description": "2", "boundingPoly": {"vertices": [{"x": 97.0, "y": 263.0}, {"x": 110.0, "y": 263.0}, {"x": 110.0, "y": 278.0}, {"x": 97.0, "y": 278.0}]}, "line": 5}, {"description": "Court", "boundingPoly": {"vertices": [{"x": 108.0, "y": 263.0}, {"x": 143.0, "y": 263.0}, {"x": 143.0, "y": 279.0}, {"x": 108.0, "y": 279.0}]}, "line": 5}, {"description": "Square", "boundingPoly": {"vertices": [{"x": 142.0, "y": 263.0}, {"x": 187.0, "y": 263.0}, {"x": 187.0, "y": 280.0}, {"x": 142.0, "y": 280.0}]}, "line": 5}, {"description": "New", "boundingPoly": {"vertices": [{"x": 98.0, "y": 281.0}, {"x": 127.0, "y": 281.0}, {"x": 127.0, "y": 297.0}, {"x": 98.0, "y": 297.0}]}, "line": 6}, {"description": "York,", "boundingPoly": {"vertices": [{"x": 126.0, "y": 281.0}, {"x": 159.0, "y": 281.0}, {"x": 159.0, "y": 298.0}, {"x": 126.0, "y": 298.0}]}, "line": 6}, {"description": "NY", "boundingPoly": {"vertices": [{"x": 159.0, "y": 282.0}, {"x": 181.0, "y": 282.0}, {"x": 181.0, "y": 296.0}, {"x": 159.0, "y": 296.0}]}, "line": 6}, {"description": "12210", "boundingPoly": {"vertices": [{"x": 181.0, "y": 281.0}, {"x": 219.0, "y": 281.0}, {"x": 219.0, "y": 296.0}, {"x": 181.0, "y": 296.0}]}, "line": 6}], "page": 0}}, "value": "2 Court Square New York, NY 12210", "value_raw": "2 Court Square New York, NY 12210", "confidence": 0.9647805690765381, "boxes": [{"description": "2", "boundingPoly": {"vertices": [{"x": 97.0, "y": 263.0}, {"x": 110.0, "y": 263.0}, {"x": 110.0, "y": 278.0}, {"x": 97.0, "y": 278.0}]}, "line": 5}, {"description": "Court", "boundingPoly": {"vertices": [{"x": 108.0, "y": 263.0}, {"x": 143.0, "y": 263.0}, {"x": 143.0, "y": 279.0}, {"x": 108.0, "y": 279.0}]}, "line": 5}, {"description": "Square", "boundingPoly": {"vertices": [{"x": 142.0, "y": 263.0}, {"x": 187.0, "y": 263.0}, {"x": 187.0, "y": 280.0}, {"x": 142.0, "y": 280.0}]}, "line": 5}, {"description": "New", "boundingPoly": {"vertices": [{"x": 98.0, "y": 281.0}, {"x": 127.0, "y": 281.0}, {"x": 127.0, "y": 297.0}, {"x": 98.0, "y": 297.0}]}, "line": 6}, {"description": "York,", "boundingPoly": {"vertices": [{"x": 126.0, "y": 281.0}, {"x": 159.0, "y": 281.0}, {"x": 159.0, "y": 298.0}, {"x": 126.0, "y": 298.0}]}, "line": 6}, {"description": "NY", "boundingPoly": {"vertices": [{"x": 159.0, "y": 282.0}, {"x": 181.0, "y": 282.0}, {"x": 181.0, "y": 296.0}, {"x": 159.0, "y": 296.0}]}, "line": 6}, {"description": "12210", "boundingPoly": {"vertices": [{"x": 181.0, "y": 281.0}, {"x": 219.0, "y": 281.0}, {"x": 219.0, "y": 296.0}, {"x": 181.0, "y": 296.0}]}, "line": 6}], "page": 0}, "shipping-addr": {"multi_page": {"0": {"value": "John Smith 3787 Pineview Drive Cambridge, MA 12210", "value_raw": "John Smith 3787 Pineview Drive Cambridge, MA 12210", "confidence": 0.9247565269470215, "boxes": [{"description": "John", "boundingPoly": {"vertices": [{"x": 301.0, "y": 245.0}, {"x": 334.0, "y": 245.0}, {"x": 334.0, "y": 260.0}, {"x": 301.0, "y": 260.0}]}, "line": 4}, {"description": "Smith", "boundingPoly": {"vertices": [{"x": 333.0, "y": 245.0}, {"x": 369.0, "y": 245.0}, {"x": 369.0, "y": 260.0}, {"x": 333.0, "y": 260.0}]}, "line": 4}, {"description": "3787", "boundingPoly": {"vertices": [{"x": 302.0, "y": 263.0}, {"x": 334.0, "y": 263.0}, {"x": 334.0, "y": 279.0}, {"x": 302.0, "y": 279.0}]}, "line": 5}, {"description": "Pineview", "boundingPoly": {"vertices": [{"x": 334.0, "y": 263.0}, {"x": 388.0, "y": 263.0}, {"x": 388.0, "y": 278.0}, {"x": 334.0, "y": 278.0}]}, "line": 5}, {"description": "Drive", "boundingPoly": {"vertices": [{"x": 387.0, "y": 263.0}, {"x": 421.0, "y": 263.0}, {"x": 421.0, "y": 278.0}, {"x": 387.0, "y": 278.0}]}, "line": 5}, {"description": "Cambridge,", "boundingPoly": {"vertices": [{"x": 302.0, "y": 281.0}, {"x": 370.0, "y": 281.0}, {"x": 370.0, "y": 299.0}, {"x": 302.0, "y": 299.0}]}, "line": 6}, {"description": "MA", "boundingPoly": {"vertices": [{"x": 371.0, "y": 281.0}, {"x": 393.0, "y": 281.0}, {"x": 393.0, "y": 296.0}, {"x": 371.0, "y": 296.0}]}, "line": 6}, {"description": "12210", "boundingPoly": {"vertices": [{"x": 394.0, "y": 282.0}, {"x": 432.0, "y": 282.0}, {"x": 432.0, "y": 297.0}, {"x": 394.0, "y": 297.0}]}, "line": 6}], "page": 0}}, "value": "John Smith 3787 Pineview Drive Cambridge, MA 12210", "value_raw": "John Smith 3787 Pineview Drive Cambridge, MA 12210", "confidence": 0.9247565269470215, "boxes": [{"description": "John", "boundingPoly": {"vertices": [{"x": 301.0, "y": 245.0}, {"x": 334.0, "y": 245.0}, {"x": 334.0, "y": 260.0}, {"x": 301.0, "y": 260.0}]}, "line": 4}, {"description": "Smith", "boundingPoly": {"vertices": [{"x": 333.0, "y": 245.0}, {"x": 369.0, "y": 245.0}, {"x": 369.0, "y": 260.0}, {"x": 333.0, "y": 260.0}]}, "line": 4}, {"description": "3787", "boundingPoly": {"vertices": [{"x": 302.0, "y": 263.0}, {"x": 334.0, "y": 263.0}, {"x": 334.0, "y": 279.0}, {"x": 302.0, "y": 279.0}]}, "line": 5}, {"description": "Pineview", "boundingPoly": {"vertices": [{"x": 334.0, "y": 263.0}, {"x": 388.0, "y": 263.0}, {"x": 388.0, "y": 278.0}, {"x": 334.0, "y": 278.0}]}, "line": 5}, {"description": "Drive", "boundingPoly": {"vertices": [{"x": 387.0, "y": 263.0}, {"x": 421.0, "y": 263.0}, {"x": 421.0, "y": 278.0}, {"x": 387.0, "y": 278.0}]}, "line": 5}, {"description": "Cambridge,", "boundingPoly": {"vertices": [{"x": 302.0, "y": 281.0}, {"x": 370.0, "y": 281.0}, {"x": 370.0, "y": 299.0}, {"x": 302.0, "y": 299.0}]}, "line": 6}, {"description": "MA", "boundingPoly": {"vertices": [{"x": 371.0, "y": 281.0}, {"x": 393.0, "y": 281.0}, {"x": 393.0, "y": 296.0}, {"x": 371.0, "y": 296.0}]}, "line": 6}, {"description": "12210", "boundingPoly": {"vertices": [{"x": 394.0, "y": 282.0}, {"x": 432.0, "y": 282.0}, {"x": 432.0, "y": 297.0}, {"x": 394.0, "y": 297.0}]}, "line": 6}], "page": 0}, "invoice-no": {"multi_page": {}, "value": "", "value_raw": "", "confidence": 0.0, "boxes": [], "page": 0}, "po-no": {"multi_page": {}, "value": "", "value_raw": "", "confidence": 0.0, "boxes": [], "page": 0}, "vendor-vat-no": {"multi_page": {}, "value": "", "value_raw": "", "confidence": 0.0, "boxes": [], "page": 0}, "date": {"multi_page": {"0": {"value": "2019-11-02", "value_raw": "11/02/2019", "confidence": 0.9540694355964661, "boxes": [{"description": "11/02/2019", "boundingPoly": {"vertices": [{"x": 632.0, "y": 218.0}, {"x": 698.0, "y": 218.0}, {"x": 698.0, "y": 233.0}, {"x": 632.0, "y": 233.0}]}, "line": 3}], "date_potentially_ambiguous": true, "page": 0}}, "value": "2019-02-11", "value_raw": "11/02/2019", "confidence": 0.9540694355964661, "boxes": [{"description": "11/02/2019", "boundingPoly": {"vertices": [{"x": 632.0, "y": 218.0}, {"x": 698.0, "y": 218.0}, {"x": 698.0, "y": 233.0}, {"x": 632.0, "y": 233.0}]}, "line": 3}], "page": 0}, "tax": {"multi_page": {"0": {"value": "9.06", "value_raw": "9.06", "confidence": 0.9378467798233032, "boxes": [{"description": "9.06", "boundingPoly": {"vertices": [{"x": 662.0, "y": 536.0}, {"x": 691.0, "y": 536.0}, {"x": 691.0, "y": 551.0}, {"x": 662.0, "y": 551.0}]}, "line": 12}], "page": 0}}, "value": "9.06", "value_raw": "9.06", "confidence": 0.9378467798233032, "boxes": [{"description": "9.06", "boundingPoly": {"vertices": [{"x": 662.0, "y": 536.0}, {"x": 691.0, "y": 536.0}, {"x": 691.0, "y": 551.0}, {"x": 662.0, "y": 551.0}]}, "line": 12}], "page": 0}, "total": {"multi_page": {"0": {"value": "154.06", "value_raw": "$154.06", "confidence": 0.9785197377204895, "boxes": [{"description": "$154.06", "boundingPoly": {"vertices": [{"x": 623.0, "y": 568.0}, {"x": 691.0, "y": 568.0}, {"x": 691.0, "y": 588.0}, {"x": 623.0, "y": 588.0}]}, "line": 13}], "page": 0}}, "value": "154.06", "value_raw": "$154.06", "confidence": 0.9785197377204895, "boxes": [{"description": "$154.06", "boundingPoly": {"vertices": [{"x": 623.0, "y": 568.0}, {"x": 691.0, "y": 568.0}, {"x": 691.0, "y": 588.0}, {"x": 623.0, "y": 588.0}]}, "line": 13}], "page": 0}, "payment-terms": {"multi_page": {"0": {"value": "within 15 days", "value_raw": "within 15 days", "confidence": 0.6551524996757507, "boxes": [{"description": "within", "boundingPoly": {"vertices": [{"x": 188.0, "y": 940.0}, {"x": 224.0, "y": 940.0}, {"x": 224.0, "y": 954.0}, {"x": 188.0, "y": 954.0}]}, "line": 16}, {"description": "15", "boundingPoly": {"vertices": [{"x": 225.0, "y": 940.0}, {"x": 242.0, "y": 940.0}, {"x": 242.0, "y": 954.0}, {"x": 225.0, "y": 954.0}]}, "line": 16}, {"description": "days", "boundingPoly": {"vertices": [{"x": 242.0, "y": 940.0}, {"x": 272.0, "y": 940.0}, {"x": 272.0, "y": 957.0}, {"x": 242.0, "y": 957.0}]}, "line": 16}], "page": 0}}, "value": "within 15 days", "value_raw": "within 15 days", "confidence": 0.6551524996757507, "boxes": [{"description": "within", "boundingPoly": {"vertices": [{"x": 188.0, "y": 940.0}, {"x": 224.0, "y": 940.0}, {"x": 224.0, "y": 954.0}, {"x": 188.0, "y": 954.0}]}, "line": 16}, {"description": "15", "boundingPoly": {"vertices": [{"x": 225.0, "y": 940.0}, {"x": 242.0, "y": 940.0}, {"x": 242.0, "y": 954.0}, {"x": 225.0, "y": 954.0}]}, "line": 16}, {"description": "days", "boundingPoly": {"vertices": [{"x": 242.0, "y": 940.0}, {"x": 272.0, "y": 940.0}, {"x": 272.0, "y": 957.0}, {"x": 242.0, "y": 957.0}]}, "line": 16}], "page": 0}, "net-amount": {"multi_page": {"0": {"value": "145.00", "value_raw": "145.00", "confidence": 0.9753299355506897, "boxes": [{"description": "145.00", "boundingPoly": {"vertices": [{"x": 649.0, "y": 504.0}, {"x": 691.0, "y": 504.0}, {"x": 691.0, "y": 518.0}, {"x": 649.0, "y": 518.0}]}, "line": 11}], "page": 0}}, "value": "145.00", "value_raw": "145.00", "confidence": 0.9753299355506897, "boxes": [{"description": "145.00", "boundingPoly": {"vertices": [{"x": 649.0, "y": 504.0}, {"x": 691.0, "y": 504.0}, {"x": 691.0, "y": 518.0}, {"x": 649.0, "y": 518.0}]}, "line": 11}], "page": 0}, "due-date": {"multi_page": {"0": {"value": "2019-02-26", "value_raw": "26/02/2019", "confidence": 0.9709047079086304, "boxes": [{"description": "26/02/2019", "boundingPoly": {"vertices": [{"x": 631.0, "y": 273.0}, {"x": 699.0, "y": 273.0}, {"x": 699.0, "y": 287.0}, {"x": 631.0, "y": 287.0}]}, "line": 5}], "date_potentially_ambiguous": false, "page": 0}}, "value": "2019-02-26", "value_raw": "26/02/2019", "confidence": 0.9709047079086304, "boxes": [{"description": "26/02/2019", "boundingPoly": {"vertices": [{"x": 631.0, "y": 273.0}, {"x": 699.0, "y": 273.0}, {"x": 699.0, "y": 287.0}, {"x": 631.0, "y": 287.0}]}, "line": 5}], "page": 0}, "discount": {"multi_page": {}, "value": "", "value_raw": "", "confidence": 0.0, "boxes": [], "page": 0}, "shipping-charges": {"multi_page": {}, "value": "", "value_raw": "", "confidence": 0.0, "boxes": [], "page": 0}, "payment-addr": {"multi_page": {}, "value": "", "value_raw": "", "confidence": 0.0, "boxes": [], "page": 0}, "billing-vat-no": {"multi_page": {}, "value": "", "value_raw": "", "confidence": 0.0, "boxes": [], "page": 0}, "items": [{"quantity": {"value": "1", "confidence": 0.9442664384841919, "boxes": [{"description": "1", "boundingPoly": {"vertices": [{"x": 106.0, "y": 381.0}, {"x": 115.0, "y": 381.0}, {"x": 115.0, "y": 394.0}, {"x": 106.0, "y": 394.0}]}, "line": 8}], "page": 0}, "description": {"value": "Front and rear brake cables", "confidence": 0.9769721031188965, "boxes": [{"description": "Front", "boundingPoly": {"vertices": [{"x": 164.0, "y": 381.0}, {"x": 198.0, "y": 381.0}, {"x": 198.0, "y": 395.0}, {"x": 164.0, "y": 395.0}]}, "line": 8}, {"description": "and", "boundingPoly": {"vertices": [{"x": 197.0, "y": 380.0}, {"x": 222.0, "y": 380.0}, {"x": 222.0, "y": 394.0}, {"x": 197.0, "y": 394.0}]}, "line": 8}, {"description": "rear", "boundingPoly": {"vertices": [{"x": 221.0, "y": 382.0}, {"x": 248.0, "y": 382.0}, {"x": 248.0, "y": 395.0}, {"x": 221.0, "y": 395.0}]}, "line": 8}, {"description": "brake", "boundingPoly": {"vertices": [{"x": 247.0, "y": 380.0}, {"x": 282.0, "y": 380.0}, {"x": 282.0, "y": 395.0}, {"x": 247.0, "y": 395.0}]}, "line": 8}, {"description": "cables", "boundingPoly": {"vertices": [{"x": 282.0, "y": 380.0}, {"x": 323.0, "y": 380.0}, {"x": 323.0, "y": 395.0}, {"x": 282.0, "y": 395.0}]}, "line": 8}], "page": 0}, "unit-price": {"value": "100.00", "confidence": 0.9936286807060242, "boxes": [{"description": "100.00", "boundingPoly": {"vertices": [{"x": 540.0, "y": 381.0}, {"x": 582.0, "y": 381.0}, {"x": 582.0, "y": 395.0}, {"x": 540.0, "y": 395.0}]}, "line": 8}], "page": 0}, "line-amount": {"value": "100.00", "confidence": 0.9901752471923828, "boxes": [{"description": "100.00", "boundingPoly": {"vertices": [{"x": 649.0, "y": 380.0}, {"x": 691.0, "y": 380.0}, {"x": 691.0, "y": 395.0}, {"x": 649.0, "y": 395.0}]}, "line": 8}], "page": 0}, "item-po-no": {"value": "", "confidence": 0.0, "boxes": [], "page": 0}, "line-no": {"value": "", "confidence": 0.0, "boxes": [], "page": 0}, "part-no": {"value": "", "confidence": 0.0, "boxes": [], "page": 0}}, {"quantity": {"value": "2", "confidence": 0.937939465045929, "boxes": [{"description": "2", "boundingPoly": {"vertices": [{"x": 104.0, "y": 417.0}, {"x": 116.0, "y": 417.0}, {"x": 116.0, "y": 432.0}, {"x": 104.0, "y": 432.0}]}, "line": 9}], "page": 0}, "description": {"value": "New set of pedal arms", "confidence": 0.9785962104797363, "boxes": [{"description": "New", "boundingPoly": {"vertices": [{"x": 164.0, "y": 418.0}, {"x": 193.0, "y": 418.0}, {"x": 193.0, "y": 431.0}, {"x": 164.0, "y": 431.0}]}, "line": 9}, {"description": "set", "boundingPoly": {"vertices": [{"x": 193.0, "y": 418.0}, {"x": 213.0, "y": 418.0}, {"x": 213.0, "y": 432.0}, {"x": 193.0, "y": 432.0}]}, "line": 9}, {"description": "of", "boundingPoly": {"vertices": [{"x": 213.0, "y": 417.0}, {"x": 228.0, "y": 417.0}, {"x": 228.0, "y": 432.0}, {"x": 213.0, "y": 432.0}]}, "line": 9}, {"description": "pedal", "boundingPoly": {"vertices": [{"x": 227.0, "y": 417.0}, {"x": 262.0, "y": 417.0}, {"x": 262.0, "y": 434.0}, {"x": 227.0, "y": 434.0}]}, "line": 9}, {"description": "arms", "boundingPoly": {"vertices": [{"x": 262.0, "y": 419.0}, {"x": 293.0, "y": 419.0}, {"x": 293.0, "y": 432.0}, {"x": 262.0, "y": 432.0}]}, "line": 9}], "page": 0}, "unit-price": {"value": "15.00", "confidence": 0.9902383089065552, "boxes": [{"description": "15.00", "boundingPoly": {"vertices": [{"x": 547.0, "y": 417.0}, {"x": 582.0, "y": 417.0}, {"x": 582.0, "y": 432.0}, {"x": 547.0, "y": 432.0}]}, "line": 9}], "page": 0}, "line-amount": {"value": "30.00", "confidence": 0.9920929074287415, "boxes": [{"description": "30.00", "boundingPoly": {"vertices": [{"x": 655.0, "y": 417.0}, {"x": 691.0, "y": 417.0}, {"x": 691.0, "y": 432.0}, {"x": 655.0, "y": 432.0}]}, "line": 9}], "page": 0}, "item-po-no": {"value": "", "confidence": 0.0, "boxes": [], "page": 0}, "line-no": {"value": "", "confidence": 0.0, "boxes": [], "page": 0}, "part-no": {"value": "", "confidence": 0.0, "boxes": [], "page": 0}}, {"quantity": {"value": "3", "confidence": 0.8890539407730103, "boxes": [{"description": "3", "boundingPoly": {"vertices": [{"x": 105.0, "y": 454.0}, {"x": 117.0, "y": 454.0}, {"x": 117.0, "y": 469.0}, {"x": 105.0, "y": 469.0}]}, "line": 10}], "page": 0}, "description": {"value": "Labor 3hrs", "confidence": 0.9837127923965454, "boxes": [{"description": "Labor", "boundingPoly": {"vertices": [{"x": 164.0, "y": 454.0}, {"x": 200.0, "y": 454.0}, {"x": 200.0, "y": 469.0}, {"x": 164.0, "y": 469.0}]}, "line": 10}, {"description": "3hrs", "boundingPoly": {"vertices": [{"x": 200.0, "y": 454.0}, {"x": 228.0, "y": 454.0}, {"x": 228.0, "y": 469.0}, {"x": 200.0, "y": 469.0}]}, "line": 10}], "page": 0}, "unit-price": {"value": "5.00", "confidence": 0.9794493913650513, "boxes": [{"description": "5.00", "boundingPoly": {"vertices": [{"x": 553.0, "y": 454.0}, {"x": 582.0, "y": 454.0}, {"x": 582.0, "y": 469.0}, {"x": 553.0, "y": 469.0}]}, "line": 10}], "page": 0}, "line-amount": {"value": "15.00", "confidence": 0.9927277565002441, "boxes": [{"description": "15.00", "boundingPoly": {"vertices": [{"x": 655.0, "y": 454.0}, {"x": 691.0, "y": 454.0}, {"x": 691.0, "y": 469.0}, {"x": 655.0, "y": 469.0}]}, "line": 10}], "page": 0}, "item-po-no": {"value": "", "confidence": 0.0, "boxes": [], "page": 0}, "line-no": {"value": "", "confidence": 0.0, "boxes": [], "page": 0}, "part-no": {"value": "", "confidence": 0.0, "boxes": [], "page": 0}}], "currency": {"value": "USD", "confidence": 0.9764670729637146}}, "pages": [{"page_rotation": 0, "boxes": [[{"confidence": 0.98999995, "description": "East", "boundingPoly": {"vertices": [{"x": 98, "y": 75}, {"x": 143, "y": 75}, {"x": 143, "y": 96}, {"x": 98, "y": 96}]}}, {"confidence": 0.98999995, "description": "Repair", "boundingPoly": {"vertices": [{"x": 144, "y": 76}, {"x": 208, "y": 76}, {"x": 208, "y": 100}, {"x": 144, "y": 100}]}}, {"confidence": 0.979999959, "description": "Inc.", "boundingPoly": {"vertices": [{"x": 209, "y": 76}, {"x": 244, "y": 76}, {"x": 244, "y": 96}, {"x": 209, "y": 96}]}}], [{"confidence": 0.98999995, "description": "1912", "boundingPoly": {"vertices": [{"x": 98, "y": 115}, {"x": 130, "y": 115}, {"x": 130, "y": 131}, {"x": 98, "y": 131}]}}, {"confidence": 0.979999959, "description": "Harvest", "boundingPoly": {"vertices": [{"x": 129, "y": 116}, {"x": 177, "y": 116}, {"x": 177, "y": 130}, {"x": 129, "y": 130}]}}, {"confidence": 0.98999995, "description": "Lane", "boundingPoly": {"vertices": [{"x": 176, "y": 116}, {"x": 209, "y": 116}, {"x": 209, "y": 131}, {"x": 176, "y": 131}]}}, {"confidence": 0.979999959, "description": "LOGO", "boundingPoly": {"vertices": [{"x": 615, "y": 110}, {"x": 686, "y": 110}, {"x": 686, "y": 137}, {"x": 615, "y": 137}]}}], [{"confidence": 0.98999995, "description": "New", "boundingPoly": {"vertices": [{"x": 98, "y": 133}, {"x": 127, "y": 133}, {"x": 127, "y": 148}, {"x": 98, "y": 148}]}}, {"confidence": 0.98999995, "description": "York,", "boundingPoly": {"vertices": [{"x": 126, "y": 133}, {"x": 159, "y": 133}, {"x": 159, "y": 150}, {"x": 126, "y": 150}]}}, {"confidence": 0.98999995, "description": "NY", "boundingPoly": {"vertices": [{"x": 159, "y": 133}, {"x": 181, "y": 133}, {"x": 181, "y": 148}, {"x": 159, "y": 148}]}}, {"confidence": 0.979999959, "description": "12210", "boundingPoly": {"vertices": [{"x": 181, "y": 134}, {"x": 220, "y": 134}, {"x": 220, "y": 149}, {"x": 181, "y": 149}]}}], [{"confidence": 0.98999995, "description": "Bill", "boundingPoly": {"vertices": [{"x": 98, "y": 219}, {"x": 122, "y": 219}, {"x": 122, "y": 232}, {"x": 98, "y": 232}]}}, {"confidence": 0.98999995, "description": "To", "boundingPoly": {"vertices": [{"x": 121, "y": 218}, {"x": 140, "y": 218}, {"x": 140, "y": 233}, {"x": 121, "y": 233}]}}, {"confidence": 0.98999995, "description": "Ship", "boundingPoly": {"vertices": [{"x": 302, "y": 218}, {"x": 333, "y": 218}, {"x": 333, "y": 235}, {"x": 302, "y": 235}]}}, {"confidence": 0.98999995, "description": "To", "boundingPoly": {"vertices": [{"x": 332, "y": 219}, {"x": 352, "y": 219}, {"x": 352, "y": 233}, {"x": 332, "y": 233}]}}, {"confidence": 0.98999995, "description": "Invoice", "boundingPoly": {"vertices": [{"x": 512, "y": 219}, {"x": 559, "y": 219}, {"x": 559, "y": 233}, {"x": 512, "y": 233}]}}, {"confidence": 0.98999995, "description": "Date", "boundingPoly": {"vertices": [{"x": 559, "y": 219}, {"x": 590, "y": 219}, {"x": 590, "y": 233}, {"x": 559, "y": 233}]}}, {"confidence": 0.98999995, "description": "11/02/2019", "boundingPoly": {"vertices": [{"x": 632, "y": 218}, {"x": 698, "y": 218}, {"x": 698, "y": 233}, {"x": 632, "y": 233}]}}], [{"confidence": 0.98999995, "description": "John", "boundingPoly": {"vertices": [{"x": 97, "y": 245}, {"x": 129, "y": 245}, {"x": 129, "y": 260}, {"x": 97, "y": 260}]}}, {"confidence": 0.98999995, "description": "Smith", "boundingPoly": {"vertices": [{"x": 128, "y": 245}, {"x": 165, "y": 245}, {"x": 165, "y": 260}, {"x": 128, "y": 260}]}}, {"confidence": 0.98999995, "description": "John", "boundingPoly": {"vertices": [{"x": 301, "y": 245}, {"x": 334, "y": 245}, {"x": 334, "y": 260}, {"x": 301, "y": 260}]}}, {"confidence": 0.98999995, "description": "Smith", "boundingPoly": {"vertices": [{"x": 333, "y": 245}, {"x": 369, "y": 245}, {"x": 369, "y": 260}, {"x": 333, "y": 260}]}}, {"confidence": 0.95, "description": "P.O.#", "boundingPoly": {"vertices": [{"x": 555, "y": 245}, {"x": 591, "y": 245}, {"x": 591, "y": 260}, {"x": 555, "y": 260}]}}, {"confidence": 0.98999995, "description": "2312/2019", "boundingPoly": {"vertices": [{"x": 634, "y": 245}, {"x": 698, "y": 245}, {"x": 698, "y": 261}, {"x": 634, "y": 261}]}}], [{"confidence": 0.98999995, "description": "2", "boundingPoly": {"vertices": [{"x": 97, "y": 263}, {"x": 110, "y": 263}, {"x": 110, "y": 278}, {"x": 97, "y": 278}]}}, {"confidence": 0.98999995, "description": "Court", "boundingPoly": {"vertices": [{"x": 108, "y": 263}, {"x": 143, "y": 263}, {"x": 143, "y": 279}, {"x": 108, "y": 279}]}}, {"confidence": 0.979999959, "description": "Square", "boundingPoly": {"vertices": [{"x": 142, "y": 263}, {"x": 187, "y": 263}, {"x": 187, "y": 280}, {"x": 142, "y": 280}]}}, {"confidence": 0.98999995, "description": "3787", "boundingPoly": {"vertices": [{"x": 302, "y": 263}, {"x": 334, "y": 263}, {"x": 334, "y": 279}, {"x": 302, "y": 279}]}}, {"confidence": 0.979999959, "description": "Pineview", "boundingPoly": {"vertices": [{"x": 334, "y": 263}, {"x": 388, "y": 263}, {"x": 388, "y": 278}, {"x": 334, "y": 278}]}}, {"confidence": 0.979999959, "description": "Drive", "boundingPoly": {"vertices": [{"x": 387, "y": 263}, {"x": 421, "y": 263}, {"x": 421, "y": 278}, {"x": 387, "y": 278}]}}, {"confidence": 0.98999995, "description": "Due", "boundingPoly": {"vertices": [{"x": 532, "y": 273}, {"x": 559, "y": 273}, {"x": 559, "y": 287}, {"x": 532, "y": 287}]}}, {"confidence": 0.98999995, "description": "Date", "boundingPoly": {"vertices": [{"x": 559, "y": 273}, {"x": 590, "y": 273}, {"x": 590, "y": 287}, {"x": 559, "y": 287}]}}, {"confidence": 0.98999995, "description": "26/02/2019", "boundingPoly": {"vertices": [{"x": 631, "y": 273}, {"x": 699, "y": 273}, {"x": 699, "y": 287}, {"x": 631, "y": 287}]}}], [{"confidence": 0.98999995, "description": "New", "boundingPoly": {"vertices": [{"x": 98, "y": 281}, {"x": 127, "y": 281}, {"x": 127, "y": 297}, {"x": 98, "y": 297}]}}, {"confidence": 0.98999995, "description": "York,", "boundingPoly": {"vertices": [{"x": 126, "y": 281}, {"x": 159, "y": 281}, {"x": 159, "y": 298}, {"x": 126, "y": 298}]}}, {"confidence": 0.98999995, "description": "NY", "boundingPoly": {"vertices": [{"x": 159, "y": 282}, {"x": 181, "y": 282}, {"x": 181, "y": 296}, {"x": 159, "y": 296}]}}, {"confidence": 0.979999959, "description": "12210", "boundingPoly": {"vertices": [{"x": 181, "y": 281}, {"x": 219, "y": 281}, {"x": 219, "y": 296}, {"x": 181, "y": 296}]}}, {"confidence": 0.979999959, "description": "Cambridge,", "boundingPoly": {"vertices": [{"x": 302, "y": 281}, {"x": 370, "y": 281}, {"x": 370, "y": 299}, {"x": 302, "y": 299}]}}, {"confidence": 0.98999995, "description": "MA", "boundingPoly": {"vertices": [{"x": 371, "y": 281}, {"x": 393, "y": 281}, {"x": 393, "y": 296}, {"x": 371, "y": 296}]}}, {"confidence": 0.979999959, "description": "12210", "boundingPoly": {"vertices": [{"x": 394, "y": 282}, {"x": 432, "y": 282}, {"x": 432, "y": 297}, {"x": 394, "y": 297}]}}], [{"confidence": 0.0, "description": "AO", "boundingPoly": {"vertices": [{"x": 39, "y": 263}, {"x": 79, "y": 263}, {"x": 79, "y": 392}, {"x": 39, "y": 392}]}}, {"confidence": 0.98999995, "description": "Qty", "boundingPoly": {"vertices": [{"x": 117, "y": 347}, {"x": 142, "y": 347}, {"x": 142, "y": 365}, {"x": 117, "y": 365}]}}, {"confidence": 0.98999995, "description": "Description", "boundingPoly": {"vertices": [{"x": 282, "y": 347}, {"x": 355, "y": 347}, {"x": 355, "y": 365}, {"x": 282, "y": 365}]}}, {"confidence": 0.98999995, "description": "Unit", "boundingPoly": {"vertices": [{"x": 501, "y": 347}, {"x": 530, "y": 347}, {"x": 530, "y": 362}, {"x": 501, "y": 362}]}}, {"confidence": 0.98999995, "description": "Price", "boundingPoly": {"vertices": [{"x": 529, "y": 347}, {"x": 564, "y": 347}, {"x": 564, "y": 362}, {"x": 529, "y": 362}]}}, {"confidence": 0.98999995, "description": "Amount", "boundingPoly": {"vertices": [{"x": 613, "y": 348}, {"x": 666, "y": 348}, {"x": 666, "y": 362}, {"x": 613, "y": 362}]}}], [{"confidence": 0.98999995, "description": "1", "boundingPoly": {"vertices": [{"x": 106, "y": 381}, {"x": 115, "y": 381}, {"x": 115, "y": 394}, {"x": 106, "y": 394}]}}, {"confidence": 0.98999995, "description": "Front", "boundingPoly": {"vertices": [{"x": 164, "y": 381}, {"x": 198, "y": 381}, {"x": 198, "y": 395}, {"x": 164, "y": 395}]}}, {"confidence": 0.98999995, "description": "and", "boundingPoly": {"vertices": [{"x": 197, "y": 380}, {"x": 222, "y": 380}, {"x": 222, "y": 394}, {"x": 197, "y": 394}]}}, {"confidence": 0.98999995, "description": "rear", "boundingPoly": {"vertices": [{"x": 221, "y": 382}, {"x": 248, "y": 382}, {"x": 248, "y": 395}, {"x": 221, "y": 395}]}}, {"confidence": 0.98999995, "description": "brake", "boundingPoly": {"vertices": [{"x": 247, "y": 380}, {"x": 282, "y": 380}, {"x": 282, "y": 395}, {"x": 247, "y": 395}]}}, {"confidence": 0.98999995, "description": "cables", "boundingPoly": {"vertices": [{"x": 282, "y": 380}, {"x": 323, "y": 380}, {"x": 323, "y": 395}, {"x": 282, "y": 395}]}}, {"confidence": 0.95, "description": "100.00", "boundingPoly": {"vertices": [{"x": 540, "y": 381}, {"x": 582, "y": 381}, {"x": 582, "y": 395}, {"x": 540, "y": 395}]}}, {"confidence": 0.98999995, "description": "100.00", "boundingPoly": {"vertices": [{"x": 649, "y": 380}, {"x": 691, "y": 380}, {"x": 691, "y": 395}, {"x": 649, "y": 395}]}}], [{"confidence": 0.98999995, "description": "2", "boundingPoly": {"vertices": [{"x": 104, "y": 417}, {"x": 116, "y": 417}, {"x": 116, "y": 432}, {"x": 104, "y": 432}]}}, {"confidence": 0.98999995, "description": "New", "boundingPoly": {"vertices": [{"x": 164, "y": 418}, {"x": 193, "y": 418}, {"x": 193, "y": 431}, {"x": 164, "y": 431}]}}, {"confidence": 0.98999995, "description": "set", "boundingPoly": {"vertices": [{"x": 193, "y": 418}, {"x": 213, "y": 418}, {"x": 213, "y": 432}, {"x": 193, "y": 432}]}}, {"confidence": 0.98999995, "description": "of", "boundingPoly": {"vertices": [{"x": 213, "y": 417}, {"x": 228, "y": 417}, {"x": 228, "y": 432}, {"x": 213, "y": 432}]}}, {"confidence": 0.98999995, "description": "pedal", "boundingPoly": {"vertices": [{"x": 227, "y": 417}, {"x": 262, "y": 417}, {"x": 262, "y": 434}, {"x": 227, "y": 434}]}}, {"confidence": 0.979999959, "description": "arms", "boundingPoly": {"vertices": [{"x": 262, "y": 419}, {"x": 293, "y": 419}, {"x": 293, "y": 432}, {"x": 262, "y": 432}]}}, {"confidence": 0.98999995, "description": "15.00", "boundingPoly": {"vertices": [{"x": 547, "y": 417}, {"x": 582, "y": 417}, {"x": 582, "y": 432}, {"x": 547, "y": 432}]}}, {"confidence": 0.98999995, "description": "30.00", "boundingPoly": {"vertices": [{"x": 655, "y": 417}, {"x": 691, "y": 417}, {"x": 691, "y": 432}, {"x": 655, "y": 432}]}}], [{"confidence": 0.98999995, "description": "3", "boundingPoly": {"vertices": [{"x": 105, "y": 454}, {"x": 117, "y": 454}, {"x": 117, "y": 469}, {"x": 105, "y": 469}]}}, {"confidence": 0.98999995, "description": "Labor", "boundingPoly": {"vertices": [{"x": 164, "y": 454}, {"x": 200, "y": 454}, {"x": 200, "y": 469}, {"x": 164, "y": 469}]}}, {"confidence": 0.98999995, "description": "3hrs", "boundingPoly": {"vertices": [{"x": 200, "y": 454}, {"x": 228, "y": 454}, {"x": 228, "y": 469}, {"x": 200, "y": 469}]}}, {"confidence": 0.98999995, "description": "5.00", "boundingPoly": {"vertices": [{"x": 553, "y": 454}, {"x": 582, "y": 454}, {"x": 582, "y": 469}, {"x": 553, "y": 469}]}}, {"confidence": 0.98999995, "description": "15.00", "boundingPoly": {"vertices": [{"x": 655, "y": 454}, {"x": 691, "y": 454}, {"x": 691, "y": 469}, {"x": 655, "y": 469}]}}], [{"confidence": 0.98999995, "description": "Subtotal", "boundingPoly": {"vertices": [{"x": 477, "y": 503}, {"x": 528, "y": 503}, {"x": 528, "y": 518}, {"x": 477, "y": 518}]}}, {"confidence": 0.969999969, "description": "145.00", "boundingPoly": {"vertices": [{"x": 649, "y": 504}, {"x": 691, "y": 504}, {"x": 691, "y": 518}, {"x": 649, "y": 518}]}}], [{"confidence": 0.98999995, "description": "Sales", "boundingPoly": {"vertices": [{"x": 428, "y": 536}, {"x": 463, "y": 536}, {"x": 463, "y": 551}, {"x": 428, "y": 551}]}}, {"confidence": 0.98999995, "description": "Tax", "boundingPoly": {"vertices": [{"x": 463, "y": 536}, {"x": 488, "y": 536}, {"x": 488, "y": 551}, {"x": 463, "y": 551}]}}, {"confidence": 0.98999995, "description": "6.25%", "boundingPoly": {"vertices": [{"x": 487, "y": 537}, {"x": 527, "y": 537}, {"x": 527, "y": 551}, {"x": 487, "y": 551}]}}, {"confidence": 0.98999995, "description": "9.06", "boundingPoly": {"vertices": [{"x": 662, "y": 536}, {"x": 691, "y": 536}, {"x": 691, "y": 551}, {"x": 662, "y": 551}]}}], [{"confidence": 0.98999995, "description": "Total", "boundingPoly": {"vertices": [{"x": 481, "y": 569}, {"x": 528, "y": 569}, {"x": 528, "y": 587}, {"x": 481, "y": 587}]}}, {"confidence": 0.94, "description": "$154.06", "boundingPoly": {"vertices": [{"x": 623, "y": 568}, {"x": 691, "y": 568}, {"x": 691, "y": 588}, {"x": 623, "y": 588}]}}], [{"confidence": 0.0, "description": "DNNSw", "boundingPoly": {"vertices": [{"x": 557, "y": 624}, {"x": 699, "y": 624}, {"x": 699, "y": 680}, {"x": 557, "y": 680}]}}], [{"confidence": 0.98999995, "description": "Terms", "boundingPoly": {"vertices": [{"x": 98, "y": 900}, {"x": 138, "y": 900}, {"x": 138, "y": 914}, {"x": 98, "y": 914}]}}, {"confidence": 0.98999995, "description": "&", "boundingPoly": {"vertices": [{"x": 139, "y": 900}, {"x": 152, "y": 900}, {"x": 152, "y": 914}, {"x": 139, "y": 914}]}}, {"confidence": 0.98999995, "description": "Conditions", "boundingPoly": {"vertices": [{"x": 152, "y": 900}, {"x": 221, "y": 900}, {"x": 221, "y": 914}, {"x": 152, "y": 914}]}}], [{"confidence": 0.98999995, "description": "Payment", "boundingPoly": {"vertices": [{"x": 98, "y": 940}, {"x": 152, "y": 940}, {"x": 152, "y": 957}, {"x": 98, "y": 957}]}}, {"confidence": 0.98999995, "description": "is", "boundingPoly": {"vertices": [{"x": 152, "y": 940}, {"x": 164, "y": 940}, {"x": 164, "y": 954}, {"x": 152, "y": 954}]}}, {"confidence": 0.98999995, "description": "due", "boundingPoly": {"vertices": [{"x": 164, "y": 940}, {"x": 188, "y": 940}, {"x": 188, "y": 954}, {"x": 164, "y": 954}]}}, {"confidence": 0.979999959, "description": "within", "boundingPoly": {"vertices": [{"x": 188, "y": 940}, {"x": 224, "y": 940}, {"x": 224, "y": 954}, {"x": 188, "y": 954}]}}, {"confidence": 0.98999995, "description": "15", "boundingPoly": {"vertices": [{"x": 225, "y": 940}, {"x": 242, "y": 940}, {"x": 242, "y": 954}, {"x": 225, "y": 954}]}}, {"confidence": 0.98999995, "description": "days", "boundingPoly": {"vertices": [{"x": 242, "y": 940}, {"x": 272, "y": 940}, {"x": 272, "y": 957}, {"x": 242, "y": 957}]}}], [{"confidence": 0.979999959, "description": "Please", "boundingPoly": {"vertices": [{"x": 98, "y": 976}, {"x": 140, "y": 976}, {"x": 140, "y": 990}, {"x": 98, "y": 990}]}}, {"confidence": 0.98999995, "description": "make", "boundingPoly": {"vertices": [{"x": 140, "y": 976}, {"x": 175, "y": 976}, {"x": 175, "y": 991}, {"x": 140, "y": 991}]}}, {"confidence": 0.979999959, "description": "checks", "boundingPoly": {"vertices": [{"x": 174, "y": 976}, {"x": 217, "y": 976}, {"x": 217, "y": 990}, {"x": 174, "y": 990}]}}, {"confidence": 0.98999995, "description": "payable", "boundingPoly": {"vertices": [{"x": 217, "y": 976}, {"x": 265, "y": 976}, {"x": 265, "y": 993}, {"x": 217, "y": 993}]}}, {"confidence": 0.98999995, "description": "to:", "boundingPoly": {"vertices": [{"x": 264, "y": 976}, {"x": 282, "y": 976}, {"x": 282, "y": 991}, {"x": 264, "y": 991}]}}, {"confidence": 0.98999995, "description": "East", "boundingPoly": {"vertices": [{"x": 282, "y": 976}, {"x": 311, "y": 976}, {"x": 311, "y": 991}, {"x": 282, "y": 991}]}}, {"confidence": 0.98999995, "description": "Repair", "boundingPoly": {"vertices": [{"x": 310, "y": 976}, {"x": 352, "y": 976}, {"x": 352, "y": 993}, {"x": 310, "y": 993}]}}, {"confidence": 0.98999995, "description": "Inc.", "boundingPoly": {"vertices": [{"x": 351, "y": 976}, {"x": 375, "y": 976}, {"x": 375, "y": 991}, {"x": 351, "y": 991}]}}]], "width": 750, "height": 1061}], "page_count": 1}