{"api_version": "1.2", "fields": {"page_size": [[750, 1061]], "name": {"multi_page": {"0": {"value": "East Repair Inc.", "value_raw": "East Repair Inc.", "confidence": 0.9389324188232422, "boxes": [{"description": "East", "boundingPoly": {"vertices": [{"x": 53.0, "y": 70.0}, {"x": 99.0, "y": 70.0}, {"x": 99.0, "y": 90.0}, {"x": 53.0, "y": 90.0}]}, "line": 0}, {"description": "Repair", "boundingPoly": {"vertices": [{"x": 101.0, "y": 70.0}, {"x": 168.0, "y": 70.0}, {"x": 168.0, "y": 94.0}, {"x": 101.0, "y": 94.0}]}, "line": 0}, {"description": "Inc.", "boundingPoly": {"vertices": [{"x": 169.0, "y": 70.0}, {"x": 207.0, "y": 70.0}, {"x": 207.0, "y": 90.0}, {"x": 169.0, "y": 90.0}]}, "line": 0}], "page": 0}}, "value": "East Repair Inc.", "value_raw": "East Repair Inc.", "confidence": 0.9389324188232422, "boxes": [{"description": "East", "boundingPoly": {"vertices": [{"x": 53.0, "y": 70.0}, {"x": 99.0, "y": 70.0}, {"x": 99.0, "y": 90.0}, {"x": 53.0, "y": 90.0}]}, "line": 0}, {"description": "Repair", "boundingPoly": {"vertices": [{"x": 101.0, "y": 70.0}, {"x": 168.0, "y": 70.0}, {"x": 168.0, "y": 94.0}, {"x": 101.0, "y": 94.0}]}, "line": 0}, {"description": "Inc.", "boundingPoly": {"vertices": [{"x": 169.0, "y": 70.0}, {"x": 207.0, "y": 70.0}, {"x": 207.0, "y": 90.0}, {"x": 169.0, "y": 90.0}]}, "line": 0}], "page": 0}, "vendor-addr": {"multi_page": {"0": {"value": "1912 Harvest Lane New York, NY 12210", "value_raw": "1912 Harvest Lane New York, NY 12210", "confidence": 0.9597273468971252, "boxes": [{"description": "1912", "boundingPoly": {"vertices": [{"x": 53.0, "y": 112.0}, {"x": 84.0, "y": 112.0}, {"x": 84.0, "y": 127.0}, {"x": 53.0, "y": 127.0}]}, "line": 1}, {"description": "Harvest", "boundingPoly": {"vertices": [{"x": 84.0, "y": 113.0}, {"x": 132.0, "y": 113.0}, {"x": 132.0, "y": 127.0}, {"x": 84.0, "y": 127.0}]}, "line": 1}, {"description": "Lane", "boundingPoly": {"vertices": [{"x": 131.0, "y": 113.0}, {"x": 163.0, "y": 113.0}, {"x": 163.0, "y": 127.0}, {"x": 131.0, "y": 127.0}]}, "line": 1}, {"description": "New", "boundingPoly": {"vertices": [{"x": 52.0, "y": 131.0}, {"x": 82.0, "y": 131.0}, {"x": 82.0, "y": 146.0}, {"x": 52.0, "y": 146.0}]}, "line": 2}, {"description": "York,", "boundingPoly": {"vertices": [{"x": 81.0, "y": 130.0}, {"x": 115.0, "y": 130.0}, {"x": 115.0, "y": 147.0}, {"x": 81.0, "y": 147.0}]}, "line": 2}, {"description": "NY", "boundingPoly": {"vertices": [{"x": 114.0, "y": 130.0}, {"x": 135.0, "y": 130.0}, {"x": 135.0, "y": 145.0}, {"x": 114.0, "y": 145.0}]}, "line": 2}, {"description": "12210", "boundingPoly": {"vertices": [{"x": 135.0, "y": 130.0}, {"x": 174.0, "y": 130.0}, {"x": 174.0, "y": 145.0}, {"x": 135.0, "y": 145.0}]}, "line": 2}], "page": 0}}, "value": "1912 Harvest Lane New York, NY 12210", "value_raw": "1912 Harvest Lane New York, NY 12210", "confidence": 0.9597273468971252, "boxes": [{"description": "1912", "boundingPoly": {"vertices": [{"x": 53.0, "y": 112.0}, {"x": 84.0, "y": 112.0}, {"x": 84.0, "y": 127.0}, {"x": 53.0, "y": 127.0}]}, "line": 1}, {"description": "Harvest", "boundingPoly": {"vertices": [{"x": 84.0, "y": 113.0}, {"x": 132.0, "y": 113.0}, {"x": 132.0, "y": 127.0}, {"x": 84.0, "y": 127.0}]}, "line": 1}, {"description": "Lane", "boundingPoly": {"vertices": [{"x": 131.0, "y": 113.0}, {"x": 163.0, "y": 113.0}, {"x": 163.0, "y": 127.0}, {"x": 131.0, "y": 127.0}]}, "line": 1}, {"description": "New", "boundingPoly": {"vertices": [{"x": 52.0, "y": 131.0}, {"x": 82.0, "y": 131.0}, {"x": 82.0, "y": 146.0}, {"x": 52.0, "y": 146.0}]}, "line": 2}, {"description": "York,", "boundingPoly": {"vertices": [{"x": 81.0, "y": 130.0}, {"x": 115.0, "y": 130.0}, {"x": 115.0, "y": 147.0}, {"x": 81.0, "y": 147.0}]}, "line": 2}, {"description": "NY", "boundingPoly": {"vertices": [{"x": 114.0, "y": 130.0}, {"x": 135.0, "y": 130.0}, {"x": 135.0, "y": 145.0}, {"x": 114.0, "y": 145.0}]}, "line": 2}, {"description": "12210", "boundingPoly": {"vertices": [{"x": 135.0, "y": 130.0}, {"x": 174.0, "y": 130.0}, {"x": 174.0, "y": 145.0}, {"x": 135.0, "y": 145.0}]}, "line": 2}], "page": 0}, "billing-name": {"multi_page": {"0": {"value": "John Smith", "value_raw": "John Smith", "confidence": 0.9502803087234497, "boxes": [{"description": "John", "boundingPoly": {"vertices": [{"x": 52.0, "y": 262.0}, {"x": 83.0, "y": 262.0}, {"x": 83.0, "y": 277.0}, {"x": 52.0, "y": 277.0}]}, "line": 4}, {"description": "Smith", "boundingPoly": {"vertices": [{"x": 83.0, "y": 262.0}, {"x": 119.0, "y": 262.0}, {"x": 119.0, "y": 277.0}, {"x": 83.0, "y": 277.0}]}, "line": 4}], "page": 0}}, "value": "John Smith", "value_raw": "John Smith", "confidence": 0.9502803087234497, "boxes": [{"description": "John", "boundingPoly": {"vertices": [{"x": 52.0, "y": 262.0}, {"x": 83.0, "y": 262.0}, {"x": 83.0, "y": 277.0}, {"x": 52.0, "y": 277.0}]}, "line": 4}, {"description": "Smith", "boundingPoly": {"vertices": [{"x": 83.0, "y": 262.0}, {"x": 119.0, "y": 262.0}, {"x": 119.0, "y": 277.0}, {"x": 83.0, "y": 277.0}]}, "line": 4}], "page": 0}, "billing-addr": {"multi_page": {"0": {"value": "2 Court Square New York, NY 12210", "value_raw": "2 Court Square New York, NY 12210", "confidence": 0.9726932644844055, "boxes": [{"description": "2", "boundingPoly": {"vertices": [{"x": 52.0, "y": 280.0}, {"x": 64.0, "y": 280.0}, {"x": 64.0, "y": 295.0}, {"x": 52.0, "y": 295.0}]}, "line": 5}, {"description": "Court", "boundingPoly": {"vertices": [{"x": 62.0, "y": 280.0}, {"x": 98.0, "y": 280.0}, {"x": 98.0, "y": 295.0}, {"x": 62.0, "y": 295.0}]}, "line": 5}, {"description": "Square", "boundingPoly": {"vertices": [{"x": 97.0, "y": 280.0}, {"x": 141.0, "y": 280.0}, {"x": 141.0, "y": 297.0}, {"x": 97.0, "y": 297.0}]}, "line": 5}, {"description": "New", "boundingPoly": {"vertices": [{"x": 53.0, "y": 298.0}, {"x": 82.0, "y": 298.0}, {"x": 82.0, "y": 313.0}, {"x": 53.0, "y": 313.0}]}, "line": 6}, {"description": "York,", "boundingPoly": {"vertices": [{"x": 81.0, "y": 298.0}, {"x": 114.0, "y": 298.0}, {"x": 114.0, "y": 315.0}, {"x": 81.0, "y": 315.0}]}, "line": 6}, {"description": "NY", "boundingPoly": {"vertices": [{"x": 114.0, "y": 299.0}, {"x": 135.0, "y": 299.0}, {"x": 135.0, "y": 313.0}, {"x": 114.0, "y": 313.0}]}, "line": 6}, {"description": "12210", "boundingPoly": {"vertices": [{"x": 135.0, "y": 299.0}, {"x": 174.0, "y": 299.0}, {"x": 174.0, "y": 313.0}, {"x": 135.0, "y": 313.0}]}, "line": 6}], "page": 0}}, "value": "2 Court Square New York, NY 12210", "value_raw": "2 Court Square New York, NY 12210", "confidence": 0.9726932644844055, "boxes": [{"description": "2", "boundingPoly": {"vertices": [{"x": 52.0, "y": 280.0}, {"x": 64.0, "y": 280.0}, {"x": 64.0, "y": 295.0}, {"x": 52.0, "y": 295.0}]}, "line": 5}, {"description": "Court", "boundingPoly": {"vertices": [{"x": 62.0, "y": 280.0}, {"x": 98.0, "y": 280.0}, {"x": 98.0, "y": 295.0}, {"x": 62.0, "y": 295.0}]}, "line": 5}, {"description": "Square", "boundingPoly": {"vertices": [{"x": 97.0, "y": 280.0}, {"x": 141.0, "y": 280.0}, {"x": 141.0, "y": 297.0}, {"x": 97.0, "y": 297.0}]}, "line": 5}, {"description": "New", "boundingPoly": {"vertices": [{"x": 53.0, "y": 298.0}, {"x": 82.0, "y": 298.0}, {"x": 82.0, "y": 313.0}, {"x": 53.0, "y": 313.0}]}, "line": 6}, {"description": "York,", "boundingPoly": {"vertices": [{"x": 81.0, "y": 298.0}, {"x": 114.0, "y": 298.0}, {"x": 114.0, "y": 315.0}, {"x": 81.0, "y": 315.0}]}, "line": 6}, {"description": "NY", "boundingPoly": {"vertices": [{"x": 114.0, "y": 299.0}, {"x": 135.0, "y": 299.0}, {"x": 135.0, "y": 313.0}, {"x": 114.0, "y": 313.0}]}, "line": 6}, {"description": "12210", "boundingPoly": {"vertices": [{"x": 135.0, "y": 299.0}, {"x": 174.0, "y": 299.0}, {"x": 174.0, "y": 313.0}, {"x": 135.0, "y": 313.0}]}, "line": 6}], "page": 0}, "shipping-addr": {"multi_page": {"0": {"value": "John Smith 3787 Pineview Drive Cambridge, MA 12210", "value_raw": "John Smith 3787 Pineview Drive Cambridge, MA 12210", "confidence": 0.9805264671643575, "boxes": [{"description": "John", "boundingPoly": {"vertices": [{"x": 279.0, "y": 262.0}, {"x": 311.0, "y": 262.0}, {"x": 311.0, "y": 277.0}, {"x": 279.0, "y": 277.0}]}, "line": 4}, {"description": "Smith", "boundingPoly": {"vertices": [{"x": 310.0, "y": 263.0}, {"x": 346.0, "y": 263.0}, {"x": 346.0, "y": 277.0}, {"x": 310.0, "y": 277.0}]}, "line": 4}, {"description": "3787", "boundingPoly": {"vertices": [{"x": 279.0, "y": 279.0}, {"x": 311.0, "y": 279.0}, {"x": 311.0, "y": 295.0}, {"x": 279.0, "y": 295.0}]}, "line": 5}, {"description": "Pineview", "boundingPoly": {"vertices": [{"x": 311.0, "y": 280.0}, {"x": 366.0, "y": 280.0}, {"x": 366.0, "y": 295.0}, {"x": 311.0, "y": 295.0}]}, "line": 5}, {"description": "Drive", "boundingPoly": {"vertices": [{"x": 365.0, "y": 280.0}, {"x": 398.0, "y": 280.0}, {"x": 398.0, "y": 295.0}, {"x": 365.0, "y": 295.0}]}, "line": 5}, {"description": "Cambridge,", "boundingPoly": {"vertices": [{"x": 280.0, "y": 298.0}, {"x": 348.0, "y": 298.0}, {"x": 348.0, "y": 316.0}, {"x": 280.0, "y": 316.0}]}, "line": 6}, {"description": "MA", "boundingPoly": {"vertices": [{"x": 348.0, "y": 299.0}, {"x": 371.0, "y": 299.0}, {"x": 371.0, "y": 313.0}, {"x": 348.0, "y": 313.0}]}, "line": 6}, {"description": "12210", "boundingPoly": {"vertices": [{"x": 371.0, "y": 299.0}, {"x": 409.0, "y": 299.0}, {"x": 409.0, "y": 313.0}, {"x": 371.0, "y": 313.0}]}, "line": 6}], "page": 0}}, "value": "John Smith 3787 Pineview Drive Cambridge, MA 12210", "value_raw": "John Smith 3787 Pineview Drive Cambridge, MA 12210", "confidence": 0.9805264671643575, "boxes": [{"description": "John", "boundingPoly": {"vertices": [{"x": 279.0, "y": 262.0}, {"x": 311.0, "y": 262.0}, {"x": 311.0, "y": 277.0}, {"x": 279.0, "y": 277.0}]}, "line": 4}, {"description": "Smith", "boundingPoly": {"vertices": [{"x": 310.0, "y": 263.0}, {"x": 346.0, "y": 263.0}, {"x": 346.0, "y": 277.0}, {"x": 310.0, "y": 277.0}]}, "line": 4}, {"description": "3787", "boundingPoly": {"vertices": [{"x": 279.0, "y": 279.0}, {"x": 311.0, "y": 279.0}, {"x": 311.0, "y": 295.0}, {"x": 279.0, "y": 295.0}]}, "line": 5}, {"description": "Pineview", "boundingPoly": {"vertices": [{"x": 311.0, "y": 280.0}, {"x": 366.0, "y": 280.0}, {"x": 366.0, "y": 295.0}, {"x": 311.0, "y": 295.0}]}, "line": 5}, {"description": "Drive", "boundingPoly": {"vertices": [{"x": 365.0, "y": 280.0}, {"x": 398.0, "y": 280.0}, {"x": 398.0, "y": 295.0}, {"x": 365.0, "y": 295.0}]}, "line": 5}, {"description": "Cambridge,", "boundingPoly": {"vertices": [{"x": 280.0, "y": 298.0}, {"x": 348.0, "y": 298.0}, {"x": 348.0, "y": 316.0}, {"x": 280.0, "y": 316.0}]}, "line": 6}, {"description": "MA", "boundingPoly": {"vertices": [{"x": 348.0, "y": 299.0}, {"x": 371.0, "y": 299.0}, {"x": 371.0, "y": 313.0}, {"x": 348.0, "y": 313.0}]}, "line": 6}, {"description": "12210", "boundingPoly": {"vertices": [{"x": 371.0, "y": 299.0}, {"x": 409.0, "y": 299.0}, {"x": 409.0, "y": 313.0}, {"x": 371.0, "y": 313.0}]}, "line": 6}], "page": 0}, "invoice-no": {"multi_page": {"0": {"value": "US-001", "value_raw": "US-001", "confidence": 0.9483526945114136, "boxes": [{"description": "US-001", "boundingPoly": {"vertices": [{"x": 652.0, "y": 241.0}, {"x": 697.0, "y": 241.0}, {"x": 697.0, "y": 255.0}, {"x": 652.0, "y": 255.0}]}, "line": 3}], "page": 0}}, "value": "US-001", "value_raw": "US-001", "confidence": 0.9483526945114136, "boxes": [{"description": "US-001", "boundingPoly": {"vertices": [{"x": 652.0, "y": 241.0}, {"x": 697.0, "y": 241.0}, {"x": 697.0, "y": 255.0}, {"x": 652.0, "y": 255.0}]}, "line": 3}], "page": 0}, "po-no": {"multi_page": {}, "value": "", "value_raw": "", "confidence": 0.0, "boxes": [], "page": 0}, "vendor-vat-no": {"multi_page": {}, "value": "", "value_raw": "", "confidence": 0.0, "boxes": [], "page": 0}, "date": {"multi_page": {"0": {"value": "2019-11-02", "value_raw": "11/02/2019", "confidence": 0.9723325967788696, "boxes": [{"description": "11/02/2019", "boundingPoly": {"vertices": [{"x": 632.0, "y": 266.0}, {"x": 698.0, "y": 266.0}, {"x": 698.0, "y": 281.0}, {"x": 632.0, "y": 281.0}]}, "line": 4}], "date_potentially_ambiguous": true, "page": 0}}, "value": "2019-02-11", "value_raw": "11/02/2019", "confidence": 0.9723325967788696, "boxes": [{"description": "11/02/2019", "boundingPoly": {"vertices": [{"x": 632.0, "y": 266.0}, {"x": 698.0, "y": 266.0}, {"x": 698.0, "y": 281.0}, {"x": 632.0, "y": 281.0}]}, "line": 4}], "page": 0}, "tax": {"multi_page": {"0": {"value": "9.06", "value_raw": "9.06", "confidence": 0.9355027079582214, "boxes": [{"description": "9.06", "boundingPoly": {"vertices": [{"x": 658.0, "y": 552.0}, {"x": 687.0, "y": 552.0}, {"x": 687.0, "y": 567.0}, {"x": 658.0, "y": 567.0}]}, "line": 13}], "page": 0}}, "value": "9.06", "value_raw": "9.06", "confidence": 0.9355027079582214, "boxes": [{"description": "9.06", "boundingPoly": {"vertices": [{"x": 658.0, "y": 552.0}, {"x": 687.0, "y": 552.0}, {"x": 687.0, "y": 567.0}, {"x": 658.0, "y": 567.0}]}, "line": 13}], "page": 0}, "total": {"multi_page": {"0": {"value": "154.06", "value_raw": "$154.06", "confidence": 0.9779532551765442, "boxes": [{"description": "$154.06", "boundingPoly": {"vertices": [{"x": 619.0, "y": 584.0}, {"x": 687.0, "y": 584.0}, {"x": 687.0, "y": 605.0}, {"x": 619.0, "y": 605.0}]}, "line": 14}], "page": 0}}, "value": "154.06", "value_raw": "$154.06", "confidence": 0.9779532551765442, "boxes": [{"description": "$154.06", "boundingPoly": {"vertices": [{"x": 619.0, "y": 584.0}, {"x": 687.0, "y": 584.0}, {"x": 687.0, "y": 605.0}, {"x": 619.0, "y": 605.0}]}, "line": 14}], "page": 0}, "payment-terms": {"multi_page": {"0": {"value": "within 15 days", "value_raw": "within 15 days", "confidence": 0.6774122714996338, "boxes": [{"description": "within", "boundingPoly": {"vertices": [{"x": 143.0, "y": 940.0}, {"x": 179.0, "y": 940.0}, {"x": 179.0, "y": 954.0}, {"x": 143.0, "y": 954.0}]}, "line": 17}, {"description": "15", "boundingPoly": {"vertices": [{"x": 180.0, "y": 940.0}, {"x": 196.0, "y": 940.0}, {"x": 196.0, "y": 954.0}, {"x": 180.0, "y": 954.0}]}, "line": 17}, {"description": "days", "boundingPoly": {"vertices": [{"x": 196.0, "y": 940.0}, {"x": 227.0, "y": 940.0}, {"x": 227.0, "y": 957.0}, {"x": 196.0, "y": 957.0}]}, "line": 17}], "page": 0}}, "value": "within 15 days", "value_raw": "within 15 days", "confidence": 0.6774122714996338, "boxes": [{"description": "within", "boundingPoly": {"vertices": [{"x": 143.0, "y": 940.0}, {"x": 179.0, "y": 940.0}, {"x": 179.0, "y": 954.0}, {"x": 143.0, "y": 954.0}]}, "line": 17}, {"description": "15", "boundingPoly": {"vertices": [{"x": 180.0, "y": 940.0}, {"x": 196.0, "y": 940.0}, {"x": 196.0, "y": 954.0}, {"x": 180.0, "y": 954.0}]}, "line": 17}, {"description": "days", "boundingPoly": {"vertices": [{"x": 196.0, "y": 940.0}, {"x": 227.0, "y": 940.0}, {"x": 227.0, "y": 957.0}, {"x": 196.0, "y": 957.0}]}, "line": 17}], "page": 0}, "net-amount": {"multi_page": {"0": {"value": "145.00", "value_raw": "145.00", "confidence": 0.9787190556526184, "boxes": [{"description": "145.00", "boundingPoly": {"vertices": [{"x": 645.0, "y": 520.0}, {"x": 687.0, "y": 520.0}, {"x": 687.0, "y": 534.0}, {"x": 645.0, "y": 534.0}]}, "line": 12}], "page": 0}}, "value": "145.00", "value_raw": "145.00", "confidence": 0.9787190556526184, "boxes": [{"description": "145.00", "boundingPoly": {"vertices": [{"x": 645.0, "y": 520.0}, {"x": 687.0, "y": 520.0}, {"x": 687.0, "y": 534.0}, {"x": 645.0, "y": 534.0}]}, "line": 12}], "page": 0}, "due-date": {"multi_page": {"0": {"value": "2019-02-26", "value_raw": "26/02/2019", "confidence": 0.9677675366401672, "boxes": [{"description": "26/02/2019", "boundingPoly": {"vertices": [{"x": 631.0, "y": 317.0}, {"x": 698.0, "y": 317.0}, {"x": 698.0, "y": 332.0}, {"x": 631.0, "y": 332.0}]}, "line": 7}], "date_potentially_ambiguous": false, "page": 0}}, "value": "2019-02-26", "value_raw": "26/02/2019", "confidence": 0.9677675366401672, "boxes": [{"description": "26/02/2019", "boundingPoly": {"vertices": [{"x": 631.0, "y": 317.0}, {"x": 698.0, "y": 317.0}, {"x": 698.0, "y": 332.0}, {"x": 631.0, "y": 332.0}]}, "line": 7}], "page": 0}, "discount": {"multi_page": {}, "value": "", "value_raw": "", "confidence": 0.0, "boxes": [], "page": 0}, "shipping-charges": {"multi_page": {}, "value": "", "value_raw": "", "confidence": 0.0, "boxes": [], "page": 0}, "payment-addr": {"multi_page": {}, "value": "", "value_raw": "", "confidence": 0.0, "boxes": [], "page": 0}, "billing-vat-no": {"multi_page": {}, "value": "", "value_raw": "", "confidence": 0.0, "boxes": [], "page": 0}, "items": [{"quantity": {"value": "1", "confidence": 0.9160184860229492, "boxes": [{"description": "1", "boundingPoly": {"vertices": [{"x": 77.0, "y": 420.0}, {"x": 86.0, "y": 420.0}, {"x": 86.0, "y": 434.0}, {"x": 77.0, "y": 434.0}]}, "line": 9}], "page": 0}, "description": {"value": "Front and rear brake cables", "confidence": 0.9752405881881714, "boxes": [{"description": "Front", "boundingPoly": {"vertices": [{"x": 119.0, "y": 420.0}, {"x": 152.0, "y": 420.0}, {"x": 152.0, "y": 434.0}, {"x": 119.0, "y": 434.0}]}, "line": 9}, {"description": "and", "boundingPoly": {"vertices": [{"x": 151.0, "y": 420.0}, {"x": 176.0, "y": 420.0}, {"x": 176.0, "y": 434.0}, {"x": 151.0, "y": 434.0}]}, "line": 9}, {"description": "rear", "boundingPoly": {"vertices": [{"x": 176.0, "y": 421.0}, {"x": 203.0, "y": 421.0}, {"x": 203.0, "y": 434.0}, {"x": 176.0, "y": 434.0}]}, "line": 9}, {"description": "brake", "boundingPoly": {"vertices": [{"x": 202.0, "y": 419.0}, {"x": 237.0, "y": 419.0}, {"x": 237.0, "y": 434.0}, {"x": 202.0, "y": 434.0}]}, "line": 9}, {"description": "cables", "boundingPoly": {"vertices": [{"x": 237.0, "y": 420.0}, {"x": 277.0, "y": 420.0}, {"x": 277.0, "y": 434.0}, {"x": 237.0, "y": 434.0}]}, "line": 9}], "page": 0}, "unit-price": {"value": "100.00", "confidence": 0.9946057200431824, "boxes": [{"description": "100.00", "boundingPoly": {"vertices": [{"x": 481.0, "y": 419.0}, {"x": 524.0, "y": 419.0}, {"x": 524.0, "y": 434.0}, {"x": 481.0, "y": 434.0}]}, "line": 9}], "page": 0}, "line-amount": {"value": "100.00", "confidence": 0.9890705347061157, "boxes": [{"description": "100.00", "boundingPoly": {"vertices": [{"x": 645.0, "y": 420.0}, {"x": 687.0, "y": 420.0}, {"x": 687.0, "y": 434.0}, {"x": 645.0, "y": 434.0}]}, "line": 9}], "page": 0}, "item-po-no": {"value": "", "confidence": 0.0, "boxes": [], "page": 0}, "line-no": {"value": "", "confidence": 0.0, "boxes": [], "page": 0}, "part-no": {"value": "", "confidence": 0.0, "boxes": [], "page": 0}}, {"quantity": {"value": "2", "confidence": 0.9096216559410095, "boxes": [{"description": "2", "boundingPoly": {"vertices": [{"x": 76.0, "y": 453.0}, {"x": 88.0, "y": 453.0}, {"x": 88.0, "y": 467.0}, {"x": 76.0, "y": 467.0}]}, "line": 10}], "page": 0}, "description": {"value": "New set of pedal arms", "confidence": 0.978059709072113, "boxes": [{"description": "New", "boundingPoly": {"vertices": [{"x": 119.0, "y": 453.0}, {"x": 148.0, "y": 453.0}, {"x": 148.0, "y": 468.0}, {"x": 119.0, "y": 468.0}]}, "line": 10}, {"description": "set", "boundingPoly": {"vertices": [{"x": 148.0, "y": 453.0}, {"x": 168.0, "y": 453.0}, {"x": 168.0, "y": 467.0}, {"x": 148.0, "y": 467.0}]}, "line": 10}, {"description": "of", "boundingPoly": {"vertices": [{"x": 168.0, "y": 453.0}, {"x": 183.0, "y": 453.0}, {"x": 183.0, "y": 468.0}, {"x": 168.0, "y": 468.0}]}, "line": 10}, {"description": "pedal", "boundingPoly": {"vertices": [{"x": 182.0, "y": 453.0}, {"x": 216.0, "y": 453.0}, {"x": 216.0, "y": 469.0}, {"x": 182.0, "y": 469.0}]}, "line": 10}, {"description": "arms", "boundingPoly": {"vertices": [{"x": 216.0, "y": 455.0}, {"x": 248.0, "y": 455.0}, {"x": 248.0, "y": 468.0}, {"x": 216.0, "y": 468.0}]}, "line": 10}], "page": 0}, "unit-price": {"value": "15.00", "confidence": 0.9911779761314392, "boxes": [{"description": "15.00", "boundingPoly": {"vertices": [{"x": 488.0, "y": 453.0}, {"x": 524.0, "y": 453.0}, {"x": 524.0, "y": 468.0}, {"x": 488.0, "y": 468.0}]}, "line": 10}], "page": 0}, "line-amount": {"value": "30.00", "confidence": 0.9906336069107056, "boxes": [{"description": "30.00", "boundingPoly": {"vertices": [{"x": 651.0, "y": 453.0}, {"x": 687.0, "y": 453.0}, {"x": 687.0, "y": 468.0}, {"x": 651.0, "y": 468.0}]}, "line": 10}], "page": 0}, "item-po-no": {"value": "", "confidence": 0.0, "boxes": [], "page": 0}, "line-no": {"value": "", "confidence": 0.0, "boxes": [], "page": 0}, "part-no": {"value": "", "confidence": 0.0, "boxes": [], "page": 0}}, {"quantity": {"value": "3", "confidence": 0.8911507725715637, "boxes": [{"description": "3", "boundingPoly": {"vertices": [{"x": 76.0, "y": 486.0}, {"x": 88.0, "y": 486.0}, {"x": 88.0, "y": 501.0}, {"x": 76.0, "y": 501.0}]}, "line": 11}], "page": 0}, "description": {"value": "Labor 3hrs", "confidence": 0.9799424409866333, "boxes": [{"description": "Labor", "boundingPoly": {"vertices": [{"x": 119.0, "y": 486.0}, {"x": 155.0, "y": 486.0}, {"x": 155.0, "y": 501.0}, {"x": 119.0, "y": 501.0}]}, "line": 11}, {"description": "3hrs", "boundingPoly": {"vertices": [{"x": 154.0, "y": 486.0}, {"x": 183.0, "y": 486.0}, {"x": 183.0, "y": 501.0}, {"x": 154.0, "y": 501.0}]}, "line": 11}], "page": 0}, "unit-price": {"value": "5.00", "confidence": 0.9834476709365845, "boxes": [{"description": "5.00", "boundingPoly": {"vertices": [{"x": 495.0, "y": 486.0}, {"x": 524.0, "y": 486.0}, {"x": 524.0, "y": 501.0}, {"x": 495.0, "y": 501.0}]}, "line": 11}], "page": 0}, "line-amount": {"value": "15.00", "confidence": 0.9934297204017639, "boxes": [{"description": "15.00", "boundingPoly": {"vertices": [{"x": 652.0, "y": 486.0}, {"x": 687.0, "y": 486.0}, {"x": 687.0, "y": 501.0}, {"x": 652.0, "y": 501.0}]}, "line": 11}], "page": 0}, "item-po-no": {"value": "", "confidence": 0.0, "boxes": [], "page": 0}, "line-no": {"value": "", "confidence": 0.0, "boxes": [], "page": 0}, "part-no": {"value": "", "confidence": 0.0, "boxes": [], "page": 0}}], "currency": {"value": "USD", "confidence": 0.9024962782859802}}, "pages": [{"page_rotation": 0, "boxes": [[{"confidence": 0.98999995, "description": "East", "boundingPoly": {"vertices": [{"x": 53, "y": 70}, {"x": 99, "y": 70}, {"x": 99, "y": 90}, {"x": 53, "y": 90}]}}, {"confidence": 0.98999995, "description": "Repair", "boundingPoly": {"vertices": [{"x": 101, "y": 70}, {"x": 168, "y": 70}, {"x": 168, "y": 94}, {"x": 101, "y": 94}]}}, {"confidence": 0.98999995, "description": "Inc.", "boundingPoly": {"vertices": [{"x": 169, "y": 70}, {"x": 207, "y": 70}, {"x": 207, "y": 90}, {"x": 169, "y": 90}]}}, {"confidence": 0.969999969, "description": "INVOICE", "boundingPoly": {"vertices": [{"x": 610, "y": 70}, {"x": 697, "y": 70}, {"x": 697, "y": 90}, {"x": 610, "y": 90}]}}], [{"confidence": 0.98999995, "description": "1912", "boundingPoly": {"vertices": [{"x": 53, "y": 112}, {"x": 84, "y": 112}, {"x": 84, "y": 127}, {"x": 53, "y": 127}]}}, {"confidence": 0.979999959, "description": "Harvest", "boundingPoly": {"vertices": [{"x": 84, "y": 113}, {"x": 132, "y": 113}, {"x": 132, "y": 127}, {"x": 84, "y": 127}]}}, {"confidence": 0.98999995, "description": "Lane", "boundingPoly": {"vertices": [{"x": 131, "y": 113}, {"x": 163, "y": 113}, {"x": 163, "y": 127}, {"x": 131, "y": 127}]}}], [{"confidence": 0.98999995, "description": "New", "boundingPoly": {"vertices": [{"x": 52, "y": 131}, {"x": 82, "y": 131}, {"x": 82, "y": 146}, {"x": 52, "y": 146}]}}, {"confidence": 0.98999995, "description": "York,", "boundingPoly": {"vertices": [{"x": 81, "y": 130}, {"x": 115, "y": 130}, {"x": 115, "y": 147}, {"x": 81, "y": 147}]}}, {"confidence": 0.98999995, "description": "NY", "boundingPoly": {"vertices": [{"x": 114, "y": 130}, {"x": 135, "y": 130}, {"x": 135, "y": 145}, {"x": 114, "y": 145}]}}, {"confidence": 0.98999995, "description": "12210", "boundingPoly": {"vertices": [{"x": 135, "y": 130}, {"x": 174, "y": 130}, {"x": 174, "y": 145}, {"x": 135, "y": 145}]}}], [{"confidence": 0.98999995, "description": "Bill", "boundingPoly": {"vertices": [{"x": 53, "y": 241}, {"x": 76, "y": 241}, {"x": 76, "y": 255}, {"x": 53, "y": 255}]}}, {"confidence": 0.98999995, "description": "To", "boundingPoly": {"vertices": [{"x": 75, "y": 241}, {"x": 95, "y": 241}, {"x": 95, "y": 255}, {"x": 75, "y": 255}]}}, {"confidence": 0.98999995, "description": "Ship", "boundingPoly": {"vertices": [{"x": 279, "y": 240}, {"x": 311, "y": 240}, {"x": 311, "y": 258}, {"x": 279, "y": 258}]}}, {"confidence": 0.98999995, "description": "To", "boundingPoly": {"vertices": [{"x": 309, "y": 240}, {"x": 330, "y": 240}, {"x": 330, "y": 254}, {"x": 309, "y": 254}]}}, {"confidence": 0.98999995, "description": "Invoice", "boundingPoly": {"vertices": [{"x": 536, "y": 241}, {"x": 582, "y": 241}, {"x": 582, "y": 255}, {"x": 536, "y": 255}]}}, {"confidence": 0.98999995, "description": "#", "boundingPoly": {"vertices": [{"x": 582, "y": 240}, {"x": 594, "y": 240}, {"x": 594, "y": 255}, {"x": 582, "y": 255}]}}, {"confidence": 0.98999995, "description": "US-001", "boundingPoly": {"vertices": [{"x": 652, "y": 241}, {"x": 697, "y": 241}, {"x": 697, "y": 255}, {"x": 652, "y": 255}]}}], [{"confidence": 0.98999995, "description": "John", "boundingPoly": {"vertices": [{"x": 52, "y": 262}, {"x": 83, "y": 262}, {"x": 83, "y": 277}, {"x": 52, "y": 277}]}}, {"confidence": 0.98999995, "description": "Smith", "boundingPoly": {"vertices": [{"x": 83, "y": 262}, {"x": 119, "y": 262}, {"x": 119, "y": 277}, {"x": 83, "y": 277}]}}, {"confidence": 0.98999995, "description": "John", "boundingPoly": {"vertices": [{"x": 279, "y": 262}, {"x": 311, "y": 262}, {"x": 311, "y": 277}, {"x": 279, "y": 277}]}}, {"confidence": 0.98999995, "description": "Smith", "boundingPoly": {"vertices": [{"x": 310, "y": 263}, {"x": 346, "y": 263}, {"x": 346, "y": 277}, {"x": 310, "y": 277}]}}, {"confidence": 0.979999959, "description": "Invoice", "boundingPoly": {"vertices": [{"x": 515, "y": 266}, {"x": 562, "y": 266}, {"x": 562, "y": 281}, {"x": 515, "y": 281}]}}, {"confidence": 0.98999995, "description": "Date", "boundingPoly": {"vertices": [{"x": 563, "y": 267}, {"x": 593, "y": 267}, {"x": 593, "y": 281}, {"x": 563, "y": 281}]}}, {"confidence": 0.979999959, "description": "11/02/2019", "boundingPoly": {"vertices": [{"x": 632, "y": 266}, {"x": 698, "y": 266}, {"x": 698, "y": 281}, {"x": 632, "y": 281}]}}], [{"confidence": 0.98999995, "description": "2", "boundingPoly": {"vertices": [{"x": 52, "y": 280}, {"x": 64, "y": 280}, {"x": 64, "y": 295}, {"x": 52, "y": 295}]}}, {"confidence": 0.98999995, "description": "Court", "boundingPoly": {"vertices": [{"x": 62, "y": 280}, {"x": 98, "y": 280}, {"x": 98, "y": 295}, {"x": 62, "y": 295}]}}, {"confidence": 0.98999995, "description": "Square", "boundingPoly": {"vertices": [{"x": 97, "y": 280}, {"x": 141, "y": 280}, {"x": 141, "y": 297}, {"x": 97, "y": 297}]}}, {"confidence": 0.98999995, "description": "3787", "boundingPoly": {"vertices": [{"x": 279, "y": 279}, {"x": 311, "y": 279}, {"x": 311, "y": 295}, {"x": 279, "y": 295}]}}, {"confidence": 0.979999959, "description": "Pineview", "boundingPoly": {"vertices": [{"x": 311, "y": 280}, {"x": 366, "y": 280}, {"x": 366, "y": 295}, {"x": 311, "y": 295}]}}, {"confidence": 0.979999959, "description": "Drive", "boundingPoly": {"vertices": [{"x": 365, "y": 280}, {"x": 398, "y": 280}, {"x": 398, "y": 295}, {"x": 365, "y": 295}]}}], [{"confidence": 0.98999995, "description": "New", "boundingPoly": {"vertices": [{"x": 53, "y": 298}, {"x": 82, "y": 298}, {"x": 82, "y": 313}, {"x": 53, "y": 313}]}}, {"confidence": 0.98999995, "description": "York,", "boundingPoly": {"vertices": [{"x": 81, "y": 298}, {"x": 114, "y": 298}, {"x": 114, "y": 315}, {"x": 81, "y": 315}]}}, {"confidence": 0.98999995, "description": "NY", "boundingPoly": {"vertices": [{"x": 114, "y": 299}, {"x": 135, "y": 299}, {"x": 135, "y": 313}, {"x": 114, "y": 313}]}}, {"confidence": 0.98999995, "description": "12210", "boundingPoly": {"vertices": [{"x": 135, "y": 299}, {"x": 174, "y": 299}, {"x": 174, "y": 313}, {"x": 135, "y": 313}]}}, {"confidence": 0.979999959, "description": "Cambridge,", "boundingPoly": {"vertices": [{"x": 280, "y": 298}, {"x": 348, "y": 298}, {"x": 348, "y": 316}, {"x": 280, "y": 316}]}}, {"confidence": 0.98999995, "description": "MA", "boundingPoly": {"vertices": [{"x": 348, "y": 299}, {"x": 371, "y": 299}, {"x": 371, "y": 313}, {"x": 348, "y": 313}]}}, {"confidence": 0.98999995, "description": "12210", "boundingPoly": {"vertices": [{"x": 371, "y": 299}, {"x": 409, "y": 299}, {"x": 409, "y": 313}, {"x": 371, "y": 313}]}}, {"confidence": 0.859999955, "description": "P.O#", "boundingPoly": {"vertices": [{"x": 557, "y": 292}, {"x": 594, "y": 292}, {"x": 594, "y": 306}, {"x": 557, "y": 306}]}}, {"confidence": 0.979999959, "description": "2312/2019", "boundingPoly": {"vertices": [{"x": 634, "y": 292}, {"x": 698, "y": 292}, {"x": 698, "y": 307}, {"x": 634, "y": 307}]}}], [{"confidence": 0.98999995, "description": "Due", "boundingPoly": {"vertices": [{"x": 535, "y": 318}, {"x": 562, "y": 318}, {"x": 562, "y": 332}, {"x": 535, "y": 332}]}}, {"confidence": 0.98999995, "description": "Date", "boundingPoly": {"vertices": [{"x": 562, "y": 318}, {"x": 594, "y": 318}, {"x": 594, "y": 332}, {"x": 562, "y": 332}]}}, {"confidence": 0.919999957, "description": "26/02/2019", "boundingPoly": {"vertices": [{"x": 631, "y": 317}, {"x": 698, "y": 317}, {"x": 698, "y": 332}, {"x": 631, "y": 332}]}}], [{"confidence": 0.979999959, "description": "QTY", "boundingPoly": {"vertices": [{"x": 67, "y": 386}, {"x": 97, "y": 386}, {"x": 97, "y": 401}, {"x": 67, "y": 401}]}}, {"confidence": 0.979999959, "description": "DESCRIPTION", "boundingPoly": {"vertices": [{"x": 222, "y": 386}, {"x": 312, "y": 386}, {"x": 312, "y": 401}, {"x": 222, "y": 401}]}}, {"confidence": 0.98999995, "description": "UNIT", "boundingPoly": {"vertices": [{"x": 438, "y": 386}, {"x": 472, "y": 386}, {"x": 472, "y": 401}, {"x": 438, "y": 401}]}}, {"confidence": 0.979999959, "description": "PRICE", "boundingPoly": {"vertices": [{"x": 472, "y": 386}, {"x": 514, "y": 386}, {"x": 514, "y": 401}, {"x": 472, "y": 401}]}}, {"confidence": 0.969999969, "description": "AMOUNT", "boundingPoly": {"vertices": [{"x": 582, "y": 386}, {"x": 642, "y": 386}, {"x": 642, "y": 401}, {"x": 582, "y": 401}]}}], [{"confidence": 0.98999995, "description": "1", "boundingPoly": {"vertices": [{"x": 77, "y": 420}, {"x": 86, "y": 420}, {"x": 86, "y": 434}, {"x": 77, "y": 434}]}}, {"confidence": 0.98999995, "description": "Front", "boundingPoly": {"vertices": [{"x": 119, "y": 420}, {"x": 152, "y": 420}, {"x": 152, "y": 434}, {"x": 119, "y": 434}]}}, {"confidence": 0.98999995, "description": "and", "boundingPoly": {"vertices": [{"x": 151, "y": 420}, {"x": 176, "y": 420}, {"x": 176, "y": 434}, {"x": 151, "y": 434}]}}, {"confidence": 0.98999995, "description": "rear", "boundingPoly": {"vertices": [{"x": 176, "y": 421}, {"x": 203, "y": 421}, {"x": 203, "y": 434}, {"x": 176, "y": 434}]}}, {"confidence": 0.98999995, "description": "brake", "boundingPoly": {"vertices": [{"x": 202, "y": 419}, {"x": 237, "y": 419}, {"x": 237, "y": 434}, {"x": 202, "y": 434}]}}, {"confidence": 0.98999995, "description": "cables", "boundingPoly": {"vertices": [{"x": 237, "y": 420}, {"x": 277, "y": 420}, {"x": 277, "y": 434}, {"x": 237, "y": 434}]}}, {"confidence": 0.98999995, "description": "100.00", "boundingPoly": {"vertices": [{"x": 481, "y": 419}, {"x": 524, "y": 419}, {"x": 524, "y": 434}, {"x": 481, "y": 434}]}}, {"confidence": 0.98999995, "description": "100.00", "boundingPoly": {"vertices": [{"x": 645, "y": 420}, {"x": 687, "y": 420}, {"x": 687, "y": 434}, {"x": 645, "y": 434}]}}], [{"confidence": 0.98999995, "description": "2", "boundingPoly": {"vertices": [{"x": 76, "y": 453}, {"x": 88, "y": 453}, {"x": 88, "y": 467}, {"x": 76, "y": 467}]}}, {"confidence": 0.98999995, "description": "New", "boundingPoly": {"vertices": [{"x": 119, "y": 453}, {"x": 148, "y": 453}, {"x": 148, "y": 468}, {"x": 119, "y": 468}]}}, {"confidence": 0.98999995, "description": "set", "boundingPoly": {"vertices": [{"x": 148, "y": 453}, {"x": 168, "y": 453}, {"x": 168, "y": 467}, {"x": 148, "y": 467}]}}, {"confidence": 0.98999995, "description": "of", "boundingPoly": {"vertices": [{"x": 168, "y": 453}, {"x": 183, "y": 453}, {"x": 183, "y": 468}, {"x": 168, "y": 468}]}}, {"confidence": 0.98999995, "description": "pedal", "boundingPoly": {"vertices": [{"x": 182, "y": 453}, {"x": 216, "y": 453}, {"x": 216, "y": 469}, {"x": 182, "y": 469}]}}, {"confidence": 0.98999995, "description": "arms", "boundingPoly": {"vertices": [{"x": 216, "y": 455}, {"x": 248, "y": 455}, {"x": 248, "y": 468}, {"x": 216, "y": 468}]}}, {"confidence": 0.98999995, "description": "15.00", "boundingPoly": {"vertices": [{"x": 488, "y": 453}, {"x": 524, "y": 453}, {"x": 524, "y": 468}, {"x": 488, "y": 468}]}}, {"confidence": 0.98999995, "description": "30.00", "boundingPoly": {"vertices": [{"x": 651, "y": 453}, {"x": 687, "y": 453}, {"x": 687, "y": 468}, {"x": 651, "y": 468}]}}], [{"confidence": 0.98999995, "description": "3", "boundingPoly": {"vertices": [{"x": 76, "y": 486}, {"x": 88, "y": 486}, {"x": 88, "y": 501}, {"x": 76, "y": 501}]}}, {"confidence": 0.98999995, "description": "Labor", "boundingPoly": {"vertices": [{"x": 119, "y": 486}, {"x": 155, "y": 486}, {"x": 155, "y": 501}, {"x": 119, "y": 501}]}}, {"confidence": 0.98999995, "description": "3hrs", "boundingPoly": {"vertices": [{"x": 154, "y": 486}, {"x": 183, "y": 486}, {"x": 183, "y": 501}, {"x": 154, "y": 501}]}}, {"confidence": 0.98999995, "description": "5.00", "boundingPoly": {"vertices": [{"x": 495, "y": 486}, {"x": 524, "y": 486}, {"x": 524, "y": 501}, {"x": 495, "y": 501}]}}, {"confidence": 0.98999995, "description": "15.00", "boundingPoly": {"vertices": [{"x": 652, "y": 486}, {"x": 687, "y": 486}, {"x": 687, "y": 501}, {"x": 652, "y": 501}]}}], [{"confidence": 0.979999959, "description": "Subtotal", "boundingPoly": {"vertices": [{"x": 473, "y": 519}, {"x": 524, "y": 519}, {"x": 524, "y": 534}, {"x": 473, "y": 534}]}}, {"confidence": 0.979999959, "description": "145.00", "boundingPoly": {"vertices": [{"x": 645, "y": 520}, {"x": 687, "y": 520}, {"x": 687, "y": 534}, {"x": 645, "y": 534}]}}], [{"confidence": 0.98999995, "description": "Sales", "boundingPoly": {"vertices": [{"x": 425, "y": 552}, {"x": 460, "y": 552}, {"x": 460, "y": 566}, {"x": 425, "y": 566}]}}, {"confidence": 0.98999995, "description": "Tax", "boundingPoly": {"vertices": [{"x": 459, "y": 552}, {"x": 484, "y": 552}, {"x": 484, "y": 566}, {"x": 459, "y": 566}]}}, {"confidence": 0.98999995, "description": "6.25%", "boundingPoly": {"vertices": [{"x": 484, "y": 552}, {"x": 523, "y": 552}, {"x": 523, "y": 566}, {"x": 484, "y": 566}]}}, {"confidence": 0.98999995, "description": "9.06", "boundingPoly": {"vertices": [{"x": 658, "y": 552}, {"x": 687, "y": 552}, {"x": 687, "y": 567}, {"x": 658, "y": 567}]}}], [{"confidence": 0.98999995, "description": "TOTAL", "boundingPoly": {"vertices": [{"x": 461, "y": 584}, {"x": 523, "y": 584}, {"x": 523, "y": 603}, {"x": 461, "y": 603}]}}, {"confidence": 0.98999995, "description": "$154.06", "boundingPoly": {"vertices": [{"x": 619, "y": 584}, {"x": 687, "y": 584}, {"x": 687, "y": 605}, {"x": 619, "y": 605}]}}], [{"confidence": 0.11, "description": "ANN", "boundingPoly": {"vertices": [{"x": 555, "y": 653}, {"x": 606, "y": 653}, {"x": 606, "y": 685}, {"x": 555, "y": 685}]}}, {"confidence": 0.02, "description": "Swi", "boundingPoly": {"vertices": [{"x": 606, "y": 641}, {"x": 699, "y": 641}, {"x": 699, "y": 690}, {"x": 606, "y": 690}]}}], [{"confidence": 0.98999995, "description": "Terms", "boundingPoly": {"vertices": [{"x": 52, "y": 918}, {"x": 94, "y": 918}, {"x": 94, "y": 933}, {"x": 52, "y": 933}]}}, {"confidence": 0.98999995, "description": "&", "boundingPoly": {"vertices": [{"x": 94, "y": 918}, {"x": 107, "y": 918}, {"x": 107, "y": 933}, {"x": 94, "y": 933}]}}, {"confidence": 0.979999959, "description": "Conditions", "boundingPoly": {"vertices": [{"x": 107, "y": 918}, {"x": 175, "y": 918}, {"x": 175, "y": 933}, {"x": 107, "y": 933}]}}], [{"confidence": 0.98999995, "description": "Payment", "boundingPoly": {"vertices": [{"x": 53, "y": 940}, {"x": 106, "y": 940}, {"x": 106, "y": 957}, {"x": 53, "y": 957}]}}, {"confidence": 0.979999959, "description": "is", "boundingPoly": {"vertices": [{"x": 105, "y": 940}, {"x": 119, "y": 940}, {"x": 119, "y": 954}, {"x": 105, "y": 954}]}}, {"confidence": 0.98999995, "description": "due", "boundingPoly": {"vertices": [{"x": 118, "y": 940}, {"x": 143, "y": 940}, {"x": 143, "y": 954}, {"x": 118, "y": 954}]}}, {"confidence": 0.98999995, "description": "within", "boundingPoly": {"vertices": [{"x": 143, "y": 940}, {"x": 179, "y": 940}, {"x": 179, "y": 954}, {"x": 143, "y": 954}]}}, {"confidence": 0.98999995, "description": "15", "boundingPoly": {"vertices": [{"x": 180, "y": 940}, {"x": 196, "y": 940}, {"x": 196, "y": 954}, {"x": 180, "y": 954}]}}, {"confidence": 0.95, "description": "days", "boundingPoly": {"vertices": [{"x": 196, "y": 940}, {"x": 227, "y": 940}, {"x": 227, "y": 957}, {"x": 196, "y": 957}]}}], [{"confidence": 0.98999995, "description": "Please", "boundingPoly": {"vertices": [{"x": 53, "y": 976}, {"x": 95, "y": 976}, {"x": 95, "y": 990}, {"x": 53, "y": 990}]}}, {"confidence": 0.98999995, "description": "make", "boundingPoly": {"vertices": [{"x": 94, "y": 976}, {"x": 129, "y": 976}, {"x": 129, "y": 991}, {"x": 94, "y": 991}]}}, {"confidence": 0.98999995, "description": "checks", "boundingPoly": {"vertices": [{"x": 129, "y": 976}, {"x": 172, "y": 976}, {"x": 172, "y": 991}, {"x": 129, "y": 991}]}}, {"confidence": 0.979999959, "description": "payable", "boundingPoly": {"vertices": [{"x": 171, "y": 977}, {"x": 219, "y": 977}, {"x": 219, "y": 993}, {"x": 171, "y": 993}]}}, {"confidence": 0.98999995, "description": "to:", "boundingPoly": {"vertices": [{"x": 218, "y": 976}, {"x": 236, "y": 976}, {"x": 236, "y": 991}, {"x": 218, "y": 991}]}}, {"confidence": 0.98999995, "description": "East", "boundingPoly": {"vertices": [{"x": 237, "y": 976}, {"x": 266, "y": 976}, {"x": 266, "y": 990}, {"x": 237, "y": 990}]}}, {"confidence": 0.98999995, "description": "Repair", "boundingPoly": {"vertices": [{"x": 265, "y": 977}, {"x": 307, "y": 977}, {"x": 307, "y": 993}, {"x": 265, "y": 993}]}}, {"confidence": 0.98999995, "description": "Inc.", "boundingPoly": {"vertices": [{"x": 307, "y": 976}, {"x": 330, "y": 976}, {"x": 330, "y": 990}, {"x": 307, "y": 990}]}}]], "width": 750, "height": 1061}], "page_count": 1}