{"api_version": "1.2", "fields": {"page_size": [[750, 1061]], "name": {"multi_page": {"0": {"value": "East Repair Inc.", "value_raw": "East Repair Inc.", "confidence": 0.9611044526100159, "boxes": [{"description": "East", "boundingPoly": {"vertices": [{"x": 44.0, "y": 130.0}, {"x": 79.0, "y": 130.0}, {"x": 79.0, "y": 146.0}, {"x": 44.0, "y": 146.0}]}, "line": 1}, {"description": "Repair", "boundingPoly": {"vertices": [{"x": 79.0, "y": 130.0}, {"x": 127.0, "y": 130.0}, {"x": 127.0, "y": 149.0}, {"x": 79.0, "y": 149.0}]}, "line": 1}, {"description": "Inc.", "boundingPoly": {"vertices": [{"x": 127.0, "y": 129.0}, {"x": 155.0, "y": 129.0}, {"x": 155.0, "y": 146.0}, {"x": 127.0, "y": 146.0}]}, "line": 1}], "page": 0}}, "value": "East Repair Inc.", "value_raw": "East Repair Inc.", "confidence": 0.9611044526100159, "boxes": [{"description": "East", "boundingPoly": {"vertices": [{"x": 44.0, "y": 130.0}, {"x": 79.0, "y": 130.0}, {"x": 79.0, "y": 146.0}, {"x": 44.0, "y": 146.0}]}, "line": 1}, {"description": "Repair", "boundingPoly": {"vertices": [{"x": 79.0, "y": 130.0}, {"x": 127.0, "y": 130.0}, {"x": 127.0, "y": 149.0}, {"x": 79.0, "y": 149.0}]}, "line": 1}, {"description": "Inc.", "boundingPoly": {"vertices": [{"x": 127.0, "y": 129.0}, {"x": 155.0, "y": 129.0}, {"x": 155.0, "y": 146.0}, {"x": 127.0, "y": 146.0}]}, "line": 1}], "page": 0}, "vendor-addr": {"multi_page": {"0": {"value": "1912 Harvest Lane New York, NY 12210", "value_raw": "1912 Harvest Lane New York, NY 12210", "confidence": 0.9600315392017365, "boxes": [{"description": "1912", "boundingPoly": {"vertices": [{"x": 44.0, "y": 150.0}, {"x": 79.0, "y": 150.0}, {"x": 79.0, "y": 166.0}, {"x": 44.0, "y": 166.0}]}, "line": 2}, {"description": "Harvest", "boundingPoly": {"vertices": [{"x": 78.0, "y": 150.0}, {"x": 130.0, "y": 150.0}, {"x": 130.0, "y": 166.0}, {"x": 78.0, "y": 166.0}]}, "line": 2}, {"description": "Lane", "boundingPoly": {"vertices": [{"x": 130.0, "y": 150.0}, {"x": 165.0, "y": 150.0}, {"x": 165.0, "y": 166.0}, {"x": 130.0, "y": 166.0}]}, "line": 2}, {"description": "New", "boundingPoly": {"vertices": [{"x": 44.0, "y": 168.0}, {"x": 76.0, "y": 168.0}, {"x": 76.0, "y": 184.0}, {"x": 44.0, "y": 184.0}]}, "line": 3}, {"description": "York,", "boundingPoly": {"vertices": [{"x": 75.0, "y": 168.0}, {"x": 110.0, "y": 168.0}, {"x": 110.0, "y": 186.0}, {"x": 75.0, "y": 186.0}]}, "line": 3}, {"description": "NY", "boundingPoly": {"vertices": [{"x": 111.0, "y": 169.0}, {"x": 134.0, "y": 169.0}, {"x": 134.0, "y": 184.0}, {"x": 111.0, "y": 184.0}]}, "line": 3}, {"description": "12210", "boundingPoly": {"vertices": [{"x": 135.0, "y": 168.0}, {"x": 177.0, "y": 168.0}, {"x": 177.0, "y": 184.0}, {"x": 135.0, "y": 184.0}]}, "line": 3}], "page": 0}}, "value": "1912 Harvest Lane New York, NY 12210", "value_raw": "1912 Harvest Lane New York, NY 12210", "confidence": 0.9600315392017365, "boxes": [{"description": "1912", "boundingPoly": {"vertices": [{"x": 44.0, "y": 150.0}, {"x": 79.0, "y": 150.0}, {"x": 79.0, "y": 166.0}, {"x": 44.0, "y": 166.0}]}, "line": 2}, {"description": "Harvest", "boundingPoly": {"vertices": [{"x": 78.0, "y": 150.0}, {"x": 130.0, "y": 150.0}, {"x": 130.0, "y": 166.0}, {"x": 78.0, "y": 166.0}]}, "line": 2}, {"description": "Lane", "boundingPoly": {"vertices": [{"x": 130.0, "y": 150.0}, {"x": 165.0, "y": 150.0}, {"x": 165.0, "y": 166.0}, {"x": 130.0, "y": 166.0}]}, "line": 2}, {"description": "New", "boundingPoly": {"vertices": [{"x": 44.0, "y": 168.0}, {"x": 76.0, "y": 168.0}, {"x": 76.0, "y": 184.0}, {"x": 44.0, "y": 184.0}]}, "line": 3}, {"description": "York,", "boundingPoly": {"vertices": [{"x": 75.0, "y": 168.0}, {"x": 110.0, "y": 168.0}, {"x": 110.0, "y": 186.0}, {"x": 75.0, "y": 186.0}]}, "line": 3}, {"description": "NY", "boundingPoly": {"vertices": [{"x": 111.0, "y": 169.0}, {"x": 134.0, "y": 169.0}, {"x": 134.0, "y": 184.0}, {"x": 111.0, "y": 184.0}]}, "line": 3}, {"description": "12210", "boundingPoly": {"vertices": [{"x": 135.0, "y": 168.0}, {"x": 177.0, "y": 168.0}, {"x": 177.0, "y": 184.0}, {"x": 135.0, "y": 184.0}]}, "line": 3}], "page": 0}, "billing-name": {"multi_page": {"0": {"value": "John", "value_raw": "John", "confidence": 0.5969212651252747, "boxes": [{"description": "John", "boundingPoly": {"vertices": [{"x": 43.0, "y": 251.0}, {"x": 77.0, "y": 251.0}, {"x": 77.0, "y": 267.0}, {"x": 43.0, "y": 267.0}]}, "line": 7}], "page": 0}}, "value": "John", "value_raw": "John", "confidence": 0.5969212651252747, "boxes": [{"description": "John", "boundingPoly": {"vertices": [{"x": 43.0, "y": 251.0}, {"x": 77.0, "y": 251.0}, {"x": 77.0, "y": 267.0}, {"x": 43.0, "y": 267.0}]}, "line": 7}], "page": 0}, "billing-addr": {"multi_page": {"0": {"value": "2 Court Square New York, NY 12210", "value_raw": "2 Court Square New York, NY 12210", "confidence": 0.7009907066822052, "boxes": [{"description": "2", "boundingPoly": {"vertices": [{"x": 43.0, "y": 270.0}, {"x": 55.0, "y": 270.0}, {"x": 55.0, "y": 285.0}, {"x": 43.0, "y": 285.0}]}, "line": 8}, {"description": "Court", "boundingPoly": {"vertices": [{"x": 56.0, "y": 269.0}, {"x": 93.0, "y": 269.0}, {"x": 93.0, "y": 285.0}, {"x": 56.0, "y": 285.0}]}, "line": 8}, {"description": "Square", "boundingPoly": {"vertices": [{"x": 94.0, "y": 269.0}, {"x": 141.0, "y": 269.0}, {"x": 141.0, "y": 287.0}, {"x": 94.0, "y": 287.0}]}, "line": 8}, {"description": "New", "boundingPoly": {"vertices": [{"x": 44.0, "y": 288.0}, {"x": 75.0, "y": 288.0}, {"x": 75.0, "y": 303.0}, {"x": 44.0, "y": 303.0}]}, "line": 9}, {"description": "York,", "boundingPoly": {"vertices": [{"x": 74.0, "y": 287.0}, {"x": 110.0, "y": 287.0}, {"x": 110.0, "y": 304.0}, {"x": 74.0, "y": 304.0}]}, "line": 9}, {"description": "NY", "boundingPoly": {"vertices": [{"x": 110.0, "y": 287.0}, {"x": 135.0, "y": 287.0}, {"x": 135.0, "y": 303.0}, {"x": 110.0, "y": 303.0}]}, "line": 9}, {"description": "12210", "boundingPoly": {"vertices": [{"x": 135.0, "y": 287.0}, {"x": 177.0, "y": 287.0}, {"x": 177.0, "y": 303.0}, {"x": 135.0, "y": 303.0}]}, "line": 9}], "page": 0}}, "value": "2 Court Square New York, NY 12210", "value_raw": "2 Court Square New York, NY 12210", "confidence": 0.7009907066822052, "boxes": [{"description": "2", "boundingPoly": {"vertices": [{"x": 43.0, "y": 270.0}, {"x": 55.0, "y": 270.0}, {"x": 55.0, "y": 285.0}, {"x": 43.0, "y": 285.0}]}, "line": 8}, {"description": "Court", "boundingPoly": {"vertices": [{"x": 56.0, "y": 269.0}, {"x": 93.0, "y": 269.0}, {"x": 93.0, "y": 285.0}, {"x": 56.0, "y": 285.0}]}, "line": 8}, {"description": "Square", "boundingPoly": {"vertices": [{"x": 94.0, "y": 269.0}, {"x": 141.0, "y": 269.0}, {"x": 141.0, "y": 287.0}, {"x": 94.0, "y": 287.0}]}, "line": 8}, {"description": "New", "boundingPoly": {"vertices": [{"x": 44.0, "y": 288.0}, {"x": 75.0, "y": 288.0}, {"x": 75.0, "y": 303.0}, {"x": 44.0, "y": 303.0}]}, "line": 9}, {"description": "York,", "boundingPoly": {"vertices": [{"x": 74.0, "y": 287.0}, {"x": 110.0, "y": 287.0}, {"x": 110.0, "y": 304.0}, {"x": 74.0, "y": 304.0}]}, "line": 9}, {"description": "NY", "boundingPoly": {"vertices": [{"x": 110.0, "y": 287.0}, {"x": 135.0, "y": 287.0}, {"x": 135.0, "y": 303.0}, {"x": 110.0, "y": 303.0}]}, "line": 9}, {"description": "12210", "boundingPoly": {"vertices": [{"x": 135.0, "y": 287.0}, {"x": 177.0, "y": 287.0}, {"x": 177.0, "y": 303.0}, {"x": 135.0, "y": 303.0}]}, "line": 9}], "page": 0}, "shipping-addr": {"multi_page": {"0": {"value": "John Smith 3787 Pineview Drive Cambridge, MA 12210", "value_raw": "John Smith 3787 Pineview Drive Cambridge, MA 12210", "confidence": 0.8251070578893026, "boxes": [{"description": "John", "boundingPoly": {"vertices": [{"x": 198.0, "y": 251.0}, {"x": 233.0, "y": 251.0}, {"x": 233.0, "y": 267.0}, {"x": 198.0, "y": 267.0}]}, "line": 7}, {"description": "Smith", "boundingPoly": {"vertices": [{"x": 232.0, "y": 251.0}, {"x": 272.0, "y": 251.0}, {"x": 272.0, "y": 266.0}, {"x": 232.0, "y": 266.0}]}, "line": 7}, {"description": "3787", "boundingPoly": {"vertices": [{"x": 199.0, "y": 269.0}, {"x": 233.0, "y": 269.0}, {"x": 233.0, "y": 285.0}, {"x": 199.0, "y": 285.0}]}, "line": 8}, {"description": "Pineview", "boundingPoly": {"vertices": [{"x": 234.0, "y": 269.0}, {"x": 294.0, "y": 269.0}, {"x": 294.0, "y": 285.0}, {"x": 234.0, "y": 285.0}]}, "line": 8}, {"description": "Drive", "boundingPoly": {"vertices": [{"x": 293.0, "y": 269.0}, {"x": 329.0, "y": 269.0}, {"x": 329.0, "y": 285.0}, {"x": 293.0, "y": 285.0}]}, "line": 8}, {"description": "Cambridge,", "boundingPoly": {"vertices": [{"x": 199.0, "y": 288.0}, {"x": 274.0, "y": 288.0}, {"x": 274.0, "y": 305.0}, {"x": 199.0, "y": 305.0}]}, "line": 9}, {"description": "MA", "boundingPoly": {"vertices": [{"x": 274.0, "y": 288.0}, {"x": 299.0, "y": 288.0}, {"x": 299.0, "y": 303.0}, {"x": 274.0, "y": 303.0}]}, "line": 9}, {"description": "12210", "boundingPoly": {"vertices": [{"x": 299.0, "y": 287.0}, {"x": 341.0, "y": 287.0}, {"x": 341.0, "y": 303.0}, {"x": 299.0, "y": 303.0}]}, "line": 9}], "page": 0}}, "value": "John Smith 3787 Pineview Drive Cambridge, MA 12210", "value_raw": "John Smith 3787 Pineview Drive Cambridge, MA 12210", "confidence": 0.8251070578893026, "boxes": [{"description": "John", "boundingPoly": {"vertices": [{"x": 198.0, "y": 251.0}, {"x": 233.0, "y": 251.0}, {"x": 233.0, "y": 267.0}, {"x": 198.0, "y": 267.0}]}, "line": 7}, {"description": "Smith", "boundingPoly": {"vertices": [{"x": 232.0, "y": 251.0}, {"x": 272.0, "y": 251.0}, {"x": 272.0, "y": 266.0}, {"x": 232.0, "y": 266.0}]}, "line": 7}, {"description": "3787", "boundingPoly": {"vertices": [{"x": 199.0, "y": 269.0}, {"x": 233.0, "y": 269.0}, {"x": 233.0, "y": 285.0}, {"x": 199.0, "y": 285.0}]}, "line": 8}, {"description": "Pineview", "boundingPoly": {"vertices": [{"x": 234.0, "y": 269.0}, {"x": 294.0, "y": 269.0}, {"x": 294.0, "y": 285.0}, {"x": 234.0, "y": 285.0}]}, "line": 8}, {"description": "Drive", "boundingPoly": {"vertices": [{"x": 293.0, "y": 269.0}, {"x": 329.0, "y": 269.0}, {"x": 329.0, "y": 285.0}, {"x": 293.0, "y": 285.0}]}, "line": 8}, {"description": "Cambridge,", "boundingPoly": {"vertices": [{"x": 199.0, "y": 288.0}, {"x": 274.0, "y": 288.0}, {"x": 274.0, "y": 305.0}, {"x": 199.0, "y": 305.0}]}, "line": 9}, {"description": "MA", "boundingPoly": {"vertices": [{"x": 274.0, "y": 288.0}, {"x": 299.0, "y": 288.0}, {"x": 299.0, "y": 303.0}, {"x": 274.0, "y": 303.0}]}, "line": 9}, {"description": "12210", "boundingPoly": {"vertices": [{"x": 299.0, "y": 287.0}, {"x": 341.0, "y": 287.0}, {"x": 341.0, "y": 303.0}, {"x": 299.0, "y": 303.0}]}, "line": 9}], "page": 0}, "invoice-no": {"multi_page": {"0": {"value": "2312/2019", "value_raw": "2312/2019", "confidence": 0.7280104160308838, "boxes": [{"description": "2312/2019", "boundingPoly": {"vertices": [{"x": 516.0, "y": 217.0}, {"x": 581.0, "y": 217.0}, {"x": 581.0, "y": 233.0}, {"x": 516.0, "y": 233.0}]}, "line": 5}], "page": 0}}, "value": "2312/2019", "value_raw": "2312/2019", "confidence": 0.7280104160308838, "boxes": [{"description": "2312/2019", "boundingPoly": {"vertices": [{"x": 516.0, "y": 217.0}, {"x": 581.0, "y": 217.0}, {"x": 581.0, "y": 233.0}, {"x": 516.0, "y": 233.0}]}, "line": 5}], "page": 0}, "po-no": {"multi_page": {}, "value": "", "value_raw": "", "confidence": 0.0, "boxes": [], "page": 0}, "vendor-vat-no": {"multi_page": {}, "value": "", "value_raw": "", "confidence": 0.0, "boxes": [], "page": 0}, "date": {"multi_page": {"0": {"value": "2019-11-02", "value_raw": "11/02/2019", "confidence": 0.9601818919181824, "boxes": [{"description": "11/02/2019", "boundingPoly": {"vertices": [{"x": 516.0, "y": 167.0}, {"x": 582.0, "y": 167.0}, {"x": 582.0, "y": 182.0}, {"x": 516.0, "y": 182.0}]}, "line": 3}], "date_potentially_ambiguous": true, "page": 0}}, "value": "2019-02-11", "value_raw": "11/02/2019", "confidence": 0.9601818919181824, "boxes": [{"description": "11/02/2019", "boundingPoly": {"vertices": [{"x": 516.0, "y": 167.0}, {"x": 582.0, "y": 167.0}, {"x": 582.0, "y": 182.0}, {"x": 516.0, "y": 182.0}]}, "line": 3}], "page": 0}, "tax": {"multi_page": {"0": {"value": "9.06", "value_raw": "9.06", "confidence": 0.9061986804008484, "boxes": [{"description": "9.06", "boundingPoly": {"vertices": [{"x": 671.0, "y": 570.0}, {"x": 702.0, "y": 570.0}, {"x": 702.0, "y": 585.0}, {"x": 671.0, "y": 585.0}]}, "line": 15}], "page": 0}}, "value": "9.06", "value_raw": "9.06", "confidence": 0.9061986804008484, "boxes": [{"description": "9.06", "boundingPoly": {"vertices": [{"x": 671.0, "y": 570.0}, {"x": 702.0, "y": 570.0}, {"x": 702.0, "y": 585.0}, {"x": 671.0, "y": 585.0}]}, "line": 15}], "page": 0}, "total": {"multi_page": {"0": {"value": "154.06", "value_raw": "$154.06", "confidence": 0.9779970049858093, "boxes": [{"description": "$154.06", "boundingPoly": {"vertices": [{"x": 609.0, "y": 613.0}, {"x": 704.0, "y": 613.0}, {"x": 704.0, "y": 635.0}, {"x": 609.0, "y": 635.0}]}, "line": 16}], "page": 0}}, "value": "154.06", "value_raw": "$154.06", "confidence": 0.9779970049858093, "boxes": [{"description": "$154.06", "boundingPoly": {"vertices": [{"x": 609.0, "y": 613.0}, {"x": 704.0, "y": 613.0}, {"x": 704.0, "y": 635.0}, {"x": 609.0, "y": 635.0}]}, "line": 16}], "page": 0}, "payment-terms": {"multi_page": {"0": {"value": "15 days", "value_raw": "15 days", "confidence": 0.8762397170066833, "boxes": [{"description": "15", "boundingPoly": {"vertices": [{"x": 538.0, "y": 880.0}, {"x": 554.0, "y": 880.0}, {"x": 554.0, "y": 894.0}, {"x": 538.0, "y": 894.0}]}, "line": 19}, {"description": "days", "boundingPoly": {"vertices": [{"x": 553.0, "y": 880.0}, {"x": 582.0, "y": 880.0}, {"x": 582.0, "y": 896.0}, {"x": 553.0, "y": 896.0}]}, "line": 19}], "page": 0}}, "value": "15 days", "value_raw": "15 days", "confidence": 0.8762397170066833, "boxes": [{"description": "15", "boundingPoly": {"vertices": [{"x": 538.0, "y": 880.0}, {"x": 554.0, "y": 880.0}, {"x": 554.0, "y": 894.0}, {"x": 538.0, "y": 894.0}]}, "line": 19}, {"description": "days", "boundingPoly": {"vertices": [{"x": 553.0, "y": 880.0}, {"x": 582.0, "y": 880.0}, {"x": 582.0, "y": 896.0}, {"x": 553.0, "y": 896.0}]}, "line": 19}], "page": 0}, "net-amount": {"multi_page": {"0": {"value": "145.00", "value_raw": "145.00", "confidence": 0.9675764441490173, "boxes": [{"description": "145.00", "boundingPoly": {"vertices": [{"x": 657.0, "y": 543.0}, {"x": 703.0, "y": 543.0}, {"x": 703.0, "y": 559.0}, {"x": 657.0, "y": 559.0}]}, "line": 14}], "page": 0}}, "value": "145.00", "value_raw": "145.00", "confidence": 0.9675764441490173, "boxes": [{"description": "145.00", "boundingPoly": {"vertices": [{"x": 657.0, "y": 543.0}, {"x": 703.0, "y": 543.0}, {"x": 703.0, "y": 559.0}, {"x": 657.0, "y": 559.0}]}, "line": 14}], "page": 0}, "due-date": {"multi_page": {"0": {"value": "2019-02-26", "value_raw": "26/02/2019", "confidence": 0.80568927526474, "boxes": [{"description": "26/02/2019", "boundingPoly": {"vertices": [{"x": 515.0, "y": 268.0}, {"x": 583.0, "y": 268.0}, {"x": 583.0, "y": 283.0}, {"x": 515.0, "y": 283.0}]}, "line": 8}], "date_potentially_ambiguous": false, "page": 0}}, "value": "2019-02-26", "value_raw": "26/02/2019", "confidence": 0.80568927526474, "boxes": [{"description": "26/02/2019", "boundingPoly": {"vertices": [{"x": 515.0, "y": 268.0}, {"x": 583.0, "y": 268.0}, {"x": 583.0, "y": 283.0}, {"x": 515.0, "y": 283.0}]}, "line": 8}], "page": 0}, "discount": {"multi_page": {}, "value": "", "value_raw": "", "confidence": 0.0, "boxes": [], "page": 0}, "shipping-charges": {"multi_page": {}, "value": "", "value_raw": "", "confidence": 0.0, "boxes": [], "page": 0}, "payment-addr": {"multi_page": {}, "value": "", "value_raw": "", "confidence": 0.0, "boxes": [], "page": 0}, "billing-vat-no": {"multi_page": {}, "value": "", "value_raw": "", "confidence": 0.0, "boxes": [], "page": 0}, "items": [{"quantity": {"value": "1", "confidence": 0.8688555955886841, "boxes": [{"description": "1", "boundingPoly": {"vertices": [{"x": 46.0, "y": 468.0}, {"x": 56.0, "y": 468.0}, {"x": 56.0, "y": 483.0}, {"x": 46.0, "y": 483.0}]}, "line": 11}], "page": 0}, "description": {"value": "Front and rear brake cables", "confidence": 0.9792044758796692, "boxes": [{"description": "Front", "boundingPoly": {"vertices": [{"x": 123.0, "y": 468.0}, {"x": 158.0, "y": 468.0}, {"x": 158.0, "y": 483.0}, {"x": 123.0, "y": 483.0}]}, "line": 11}, {"description": "and", "boundingPoly": {"vertices": [{"x": 158.0, "y": 468.0}, {"x": 185.0, "y": 468.0}, {"x": 185.0, "y": 483.0}, {"x": 158.0, "y": 483.0}]}, "line": 11}, {"description": "rear", "boundingPoly": {"vertices": [{"x": 185.0, "y": 471.0}, {"x": 215.0, "y": 471.0}, {"x": 215.0, "y": 484.0}, {"x": 185.0, "y": 484.0}]}, "line": 11}, {"description": "brake", "boundingPoly": {"vertices": [{"x": 214.0, "y": 468.0}, {"x": 252.0, "y": 468.0}, {"x": 252.0, "y": 483.0}, {"x": 214.0, "y": 483.0}]}, "line": 11}, {"description": "cables", "boundingPoly": {"vertices": [{"x": 252.0, "y": 468.0}, {"x": 297.0, "y": 468.0}, {"x": 297.0, "y": 483.0}, {"x": 252.0, "y": 483.0}]}, "line": 11}], "page": 0}, "unit-price": {"value": "100.00", "confidence": 0.9936519861221313, "boxes": [{"description": "100.00", "boundingPoly": {"vertices": [{"x": 541.0, "y": 468.0}, {"x": 586.0, "y": 468.0}, {"x": 586.0, "y": 484.0}, {"x": 541.0, "y": 484.0}]}, "line": 11}], "page": 0}, "line-amount": {"value": "100.00", "confidence": 0.9895040988922119, "boxes": [{"description": "100.00", "boundingPoly": {"vertices": [{"x": 657.0, "y": 468.0}, {"x": 702.0, "y": 468.0}, {"x": 702.0, "y": 483.0}, {"x": 657.0, "y": 483.0}]}, "line": 11}], "page": 0}, "item-po-no": {"value": "", "confidence": 0.0, "boxes": [], "page": 0}, "line-no": {"value": "", "confidence": 0.0, "boxes": [], "page": 0}, "part-no": {"value": "", "confidence": 0.0, "boxes": [], "page": 0}}, {"quantity": {"value": "2", "confidence": 0.9254370331764221, "boxes": [{"description": "2", "boundingPoly": {"vertices": [{"x": 44.0, "y": 492.0}, {"x": 57.0, "y": 492.0}, {"x": 57.0, "y": 508.0}, {"x": 44.0, "y": 508.0}]}, "line": 12}], "page": 0}, "description": {"value": "New set of pedal arms", "confidence": 0.9794048070907593, "boxes": [{"description": "New", "boundingPoly": {"vertices": [{"x": 123.0, "y": 493.0}, {"x": 154.0, "y": 493.0}, {"x": 154.0, "y": 508.0}, {"x": 123.0, "y": 508.0}]}, "line": 12}, {"description": "set", "boundingPoly": {"vertices": [{"x": 153.0, "y": 493.0}, {"x": 176.0, "y": 493.0}, {"x": 176.0, "y": 508.0}, {"x": 153.0, "y": 508.0}]}, "line": 12}, {"description": "of", "boundingPoly": {"vertices": [{"x": 176.0, "y": 493.0}, {"x": 192.0, "y": 493.0}, {"x": 192.0, "y": 508.0}, {"x": 176.0, "y": 508.0}]}, "line": 12}, {"description": "pedal", "boundingPoly": {"vertices": [{"x": 192.0, "y": 493.0}, {"x": 230.0, "y": 493.0}, {"x": 230.0, "y": 510.0}, {"x": 192.0, "y": 510.0}]}, "line": 12}, {"description": "arms", "boundingPoly": {"vertices": [{"x": 229.0, "y": 495.0}, {"x": 264.0, "y": 495.0}, {"x": 264.0, "y": 508.0}, {"x": 229.0, "y": 508.0}]}, "line": 12}], "page": 0}, "unit-price": {"value": "15.00", "confidence": 0.9890620112419128, "boxes": [{"description": "15.00", "boundingPoly": {"vertices": [{"x": 548.0, "y": 492.0}, {"x": 586.0, "y": 492.0}, {"x": 586.0, "y": 508.0}, {"x": 548.0, "y": 508.0}]}, "line": 12}], "page": 0}, "line-amount": {"value": "30.00", "confidence": 0.9911193251609802, "boxes": [{"description": "30.00", "boundingPoly": {"vertices": [{"x": 663.0, "y": 492.0}, {"x": 702.0, "y": 492.0}, {"x": 702.0, "y": 508.0}, {"x": 663.0, "y": 508.0}]}, "line": 12}], "page": 0}, "item-po-no": {"value": "", "confidence": 0.0, "boxes": [], "page": 0}, "line-no": {"value": "", "confidence": 0.0, "boxes": [], "page": 0}, "part-no": {"value": "", "confidence": 0.0, "boxes": [], "page": 0}}, {"quantity": {"value": "3", "confidence": 0.8960882425308228, "boxes": [{"description": "3", "boundingPoly": {"vertices": [{"x": 45.0, "y": 516.0}, {"x": 57.0, "y": 516.0}, {"x": 57.0, "y": 532.0}, {"x": 45.0, "y": 532.0}]}, "line": 13}], "page": 0}, "description": {"value": "Labor 3hrs", "confidence": 0.9832262396812439, "boxes": [{"description": "Labor", "boundingPoly": {"vertices": [{"x": 122.0, "y": 517.0}, {"x": 162.0, "y": 517.0}, {"x": 162.0, "y": 532.0}, {"x": 122.0, "y": 532.0}]}, "line": 13}, {"description": "3hrs", "boundingPoly": {"vertices": [{"x": 161.0, "y": 516.0}, {"x": 193.0, "y": 516.0}, {"x": 193.0, "y": 532.0}, {"x": 161.0, "y": 532.0}]}, "line": 13}], "page": 0}, "unit-price": {"value": "5.00", "confidence": 0.9764451384544373, "boxes": [{"description": "5.00", "boundingPoly": {"vertices": [{"x": 556.0, "y": 517.0}, {"x": 586.0, "y": 517.0}, {"x": 586.0, "y": 532.0}, {"x": 556.0, "y": 532.0}]}, "line": 13}], "page": 0}, "line-amount": {"value": "15.00", "confidence": 0.9905371069908142, "boxes": [{"description": "15.00", "boundingPoly": {"vertices": [{"x": 664.0, "y": 516.0}, {"x": 703.0, "y": 516.0}, {"x": 703.0, "y": 532.0}, {"x": 664.0, "y": 532.0}]}, "line": 13}], "page": 0}, "item-po-no": {"value": "", "confidence": 0.0, "boxes": [], "page": 0}, "line-no": {"value": "", "confidence": 0.0, "boxes": [], "page": 0}, "part-no": {"value": "", "confidence": 0.0, "boxes": [], "page": 0}}], "currency": {"value": "USD", "confidence": 0.9885879755020142}}, "pages": [{"page_rotation": 0, "boxes": [[{"confidence": 0.979999959, "description": "US-001", "boundingPoly": {"vertices": [{"x": 104, "y": 67}, {"x": 206, "y": 67}, {"x": 206, "y": 92}, {"x": 104, "y": 92}]}}], [{"confidence": 0.98999995, "description": "East", "boundingPoly": {"vertices": [{"x": 44, "y": 130}, {"x": 79, "y": 130}, {"x": 79, "y": 146}, {"x": 44, "y": 146}]}}, {"confidence": 0.98999995, "description": "Repair", "boundingPoly": {"vertices": [{"x": 79, "y": 130}, {"x": 127, "y": 130}, {"x": 127, "y": 149}, {"x": 79, "y": 149}]}}, {"confidence": 0.98999995, "description": "Inc.", "boundingPoly": {"vertices": [{"x": 127, "y": 129}, {"x": 155, "y": 129}, {"x": 155, "y": 146}, {"x": 127, "y": 146}]}}], [{"confidence": 0.98999995, "description": "1912", "boundingPoly": {"vertices": [{"x": 44, "y": 150}, {"x": 79, "y": 150}, {"x": 79, "y": 166}, {"x": 44, "y": 166}]}}, {"confidence": 0.979999959, "description": "Harvest", "boundingPoly": {"vertices": [{"x": 78, "y": 150}, {"x": 130, "y": 150}, {"x": 130, "y": 166}, {"x": 78, "y": 166}]}}, {"confidence": 0.98999995, "description": "Lane", "boundingPoly": {"vertices": [{"x": 130, "y": 150}, {"x": 165, "y": 150}, {"x": 165, "y": 166}, {"x": 130, "y": 166}]}}, {"confidence": 0.979999959, "description": "Invoice", "boundingPoly": {"vertices": [{"x": 510, "y": 151}, {"x": 557, "y": 151}, {"x": 557, "y": 165}, {"x": 510, "y": 165}]}}, {"confidence": 0.98999995, "description": "Date", "boundingPoly": {"vertices": [{"x": 558, "y": 150}, {"x": 588, "y": 150}, {"x": 588, "y": 165}, {"x": 558, "y": 165}]}}], [{"confidence": 0.98999995, "description": "New", "boundingPoly": {"vertices": [{"x": 44, "y": 168}, {"x": 76, "y": 168}, {"x": 76, "y": 184}, {"x": 44, "y": 184}]}}, {"confidence": 0.98999995, "description": "York,", "boundingPoly": {"vertices": [{"x": 75, "y": 168}, {"x": 110, "y": 168}, {"x": 110, "y": 186}, {"x": 75, "y": 186}]}}, {"confidence": 0.98999995, "description": "NY", "boundingPoly": {"vertices": [{"x": 111, "y": 169}, {"x": 134, "y": 169}, {"x": 134, "y": 184}, {"x": 111, "y": 184}]}}, {"confidence": 0.95, "description": "12210", "boundingPoly": {"vertices": [{"x": 135, "y": 168}, {"x": 177, "y": 168}, {"x": 177, "y": 184}, {"x": 135, "y": 184}]}}, {"confidence": 0.98999995, "description": "11/02/2019", "boundingPoly": {"vertices": [{"x": 516, "y": 167}, {"x": 582, "y": 167}, {"x": 582, "y": 182}, {"x": 516, "y": 182}]}}], [{"confidence": 0.969999969, "description": "P.O.#", "boundingPoly": {"vertices": [{"x": 531, "y": 201}, {"x": 568, "y": 201}, {"x": 568, "y": 215}, {"x": 531, "y": 215}]}}], [{"confidence": 0.98999995, "description": "2312/2019", "boundingPoly": {"vertices": [{"x": 516, "y": 217}, {"x": 581, "y": 217}, {"x": 581, "y": 233}, {"x": 516, "y": 233}]}}], [{"confidence": 0.98999995, "description": "Bill", "boundingPoly": {"vertices": [{"x": 44, "y": 230}, {"x": 68, "y": 230}, {"x": 68, "y": 246}, {"x": 44, "y": 246}]}}, {"confidence": 0.98999995, "description": "To", "boundingPoly": {"vertices": [{"x": 68, "y": 230}, {"x": 89, "y": 230}, {"x": 89, "y": 246}, {"x": 68, "y": 246}]}}, {"confidence": 0.98999995, "description": "Ship", "boundingPoly": {"vertices": [{"x": 199, "y": 230}, {"x": 233, "y": 230}, {"x": 233, "y": 249}, {"x": 199, "y": 249}]}}, {"confidence": 0.98999995, "description": "To", "boundingPoly": {"vertices": [{"x": 233, "y": 230}, {"x": 255, "y": 230}, {"x": 255, "y": 247}, {"x": 233, "y": 247}]}}], [{"confidence": 0.98999995, "description": "John", "boundingPoly": {"vertices": [{"x": 43, "y": 251}, {"x": 77, "y": 251}, {"x": 77, "y": 267}, {"x": 43, "y": 267}]}}, {"confidence": 0.98999995, "description": "Smith", "boundingPoly": {"vertices": [{"x": 77, "y": 251}, {"x": 117, "y": 251}, {"x": 117, "y": 267}, {"x": 77, "y": 267}]}}, {"confidence": 0.98999995, "description": "John", "boundingPoly": {"vertices": [{"x": 198, "y": 251}, {"x": 233, "y": 251}, {"x": 233, "y": 267}, {"x": 198, "y": 267}]}}, {"confidence": 0.98999995, "description": "Smith", "boundingPoly": {"vertices": [{"x": 232, "y": 251}, {"x": 272, "y": 251}, {"x": 272, "y": 266}, {"x": 232, "y": 266}]}}, {"confidence": 0.98999995, "description": "Due", "boundingPoly": {"vertices": [{"x": 520, "y": 252}, {"x": 548, "y": 252}, {"x": 548, "y": 266}, {"x": 520, "y": 266}]}}, {"confidence": 0.98999995, "description": "Date", "boundingPoly": {"vertices": [{"x": 548, "y": 252}, {"x": 579, "y": 252}, {"x": 579, "y": 266}, {"x": 548, "y": 266}]}}], [{"confidence": 0.98999995, "description": "2", "boundingPoly": {"vertices": [{"x": 43, "y": 270}, {"x": 55, "y": 270}, {"x": 55, "y": 285}, {"x": 43, "y": 285}]}}, {"confidence": 0.98999995, "description": "Court", "boundingPoly": {"vertices": [{"x": 56, "y": 269}, {"x": 93, "y": 269}, {"x": 93, "y": 285}, {"x": 56, "y": 285}]}}, {"confidence": 0.969999969, "description": "Square", "boundingPoly": {"vertices": [{"x": 94, "y": 269}, {"x": 141, "y": 269}, {"x": 141, "y": 287}, {"x": 94, "y": 287}]}}, {"confidence": 0.98999995, "description": "3787", "boundingPoly": {"vertices": [{"x": 199, "y": 269}, {"x": 233, "y": 269}, {"x": 233, "y": 285}, {"x": 199, "y": 285}]}}, {"confidence": 0.98999995, "description": "Pineview", "boundingPoly": {"vertices": [{"x": 234, "y": 269}, {"x": 294, "y": 269}, {"x": 294, "y": 285}, {"x": 234, "y": 285}]}}, {"confidence": 0.98999995, "description": "Drive", "boundingPoly": {"vertices": [{"x": 293, "y": 269}, {"x": 329, "y": 269}, {"x": 329, "y": 285}, {"x": 293, "y": 285}]}}, {"confidence": 0.98999995, "description": "26/02/2019", "boundingPoly": {"vertices": [{"x": 515, "y": 268}, {"x": 583, "y": 268}, {"x": 583, "y": 283}, {"x": 515, "y": 283}]}}], [{"confidence": 0.98999995, "description": "New", "boundingPoly": {"vertices": [{"x": 44, "y": 288}, {"x": 75, "y": 288}, {"x": 75, "y": 303}, {"x": 44, "y": 303}]}}, {"confidence": 0.98999995, "description": "York,", "boundingPoly": {"vertices": [{"x": 74, "y": 287}, {"x": 110, "y": 287}, {"x": 110, "y": 304}, {"x": 74, "y": 304}]}}, {"confidence": 0.98999995, "description": "NY", "boundingPoly": {"vertices": [{"x": 110, "y": 287}, {"x": 135, "y": 287}, {"x": 135, "y": 303}, {"x": 110, "y": 303}]}}, {"confidence": 0.969999969, "description": "12210", "boundingPoly": {"vertices": [{"x": 135, "y": 287}, {"x": 177, "y": 287}, {"x": 177, "y": 303}, {"x": 135, "y": 303}]}}, {"confidence": 0.979999959, "description": "Cambridge,", "boundingPoly": {"vertices": [{"x": 199, "y": 288}, {"x": 274, "y": 288}, {"x": 274, "y": 305}, {"x": 199, "y": 305}]}}, {"confidence": 0.98999995, "description": "MA", "boundingPoly": {"vertices": [{"x": 274, "y": 288}, {"x": 299, "y": 288}, {"x": 299, "y": 303}, {"x": 274, "y": 303}]}}, {"confidence": 0.98999995, "description": "12210", "boundingPoly": {"vertices": [{"x": 299, "y": 287}, {"x": 341, "y": 287}, {"x": 341, "y": 303}, {"x": 299, "y": 303}]}}], [{"confidence": 0.979999959, "description": "QTY", "boundingPoly": {"vertices": [{"x": 44, "y": 441}, {"x": 79, "y": 441}, {"x": 79, "y": 458}, {"x": 44, "y": 458}]}}, {"confidence": 0.98999995, "description": "DESCRIPTION", "boundingPoly": {"vertices": [{"x": 121, "y": 442}, {"x": 227, "y": 442}, {"x": 227, "y": 457}, {"x": 121, "y": 457}]}}, {"confidence": 0.98999995, "description": "UNIT", "boundingPoly": {"vertices": [{"x": 497, "y": 441}, {"x": 536, "y": 441}, {"x": 536, "y": 458}, {"x": 497, "y": 458}]}}, {"confidence": 0.98999995, "description": "PRICE", "boundingPoly": {"vertices": [{"x": 536, "y": 441}, {"x": 586, "y": 441}, {"x": 586, "y": 458}, {"x": 536, "y": 458}]}}, {"confidence": 0.979999959, "description": "AMOUNT", "boundingPoly": {"vertices": [{"x": 611, "y": 441}, {"x": 682, "y": 441}, {"x": 682, "y": 458}, {"x": 611, "y": 458}]}}], [{"confidence": 0.98999995, "description": "1", "boundingPoly": {"vertices": [{"x": 46, "y": 468}, {"x": 56, "y": 468}, {"x": 56, "y": 483}, {"x": 46, "y": 483}]}}, {"confidence": 0.98999995, "description": "Front", "boundingPoly": {"vertices": [{"x": 123, "y": 468}, {"x": 158, "y": 468}, {"x": 158, "y": 483}, {"x": 123, "y": 483}]}}, {"confidence": 0.98999995, "description": "and", "boundingPoly": {"vertices": [{"x": 158, "y": 468}, {"x": 185, "y": 468}, {"x": 185, "y": 483}, {"x": 158, "y": 483}]}}, {"confidence": 0.98999995, "description": "rear", "boundingPoly": {"vertices": [{"x": 185, "y": 471}, {"x": 215, "y": 471}, {"x": 215, "y": 484}, {"x": 185, "y": 484}]}}, {"confidence": 0.98999995, "description": "brake", "boundingPoly": {"vertices": [{"x": 214, "y": 468}, {"x": 252, "y": 468}, {"x": 252, "y": 483}, {"x": 214, "y": 483}]}}, {"confidence": 0.98999995, "description": "cables", "boundingPoly": {"vertices": [{"x": 252, "y": 468}, {"x": 297, "y": 468}, {"x": 297, "y": 483}, {"x": 252, "y": 483}]}}, {"confidence": 0.98999995, "description": "100.00", "boundingPoly": {"vertices": [{"x": 541, "y": 468}, {"x": 586, "y": 468}, {"x": 586, "y": 484}, {"x": 541, "y": 484}]}}, {"confidence": 0.98999995, "description": "100.00", "boundingPoly": {"vertices": [{"x": 657, "y": 468}, {"x": 702, "y": 468}, {"x": 702, "y": 483}, {"x": 657, "y": 483}]}}], [{"confidence": 0.98999995, "description": "2", "boundingPoly": {"vertices": [{"x": 44, "y": 492}, {"x": 57, "y": 492}, {"x": 57, "y": 508}, {"x": 44, "y": 508}]}}, {"confidence": 0.98999995, "description": "New", "boundingPoly": {"vertices": [{"x": 123, "y": 493}, {"x": 154, "y": 493}, {"x": 154, "y": 508}, {"x": 123, "y": 508}]}}, {"confidence": 0.98999995, "description": "set", "boundingPoly": {"vertices": [{"x": 153, "y": 493}, {"x": 176, "y": 493}, {"x": 176, "y": 508}, {"x": 153, "y": 508}]}}, {"confidence": 0.98999995, "description": "of", "boundingPoly": {"vertices": [{"x": 176, "y": 493}, {"x": 192, "y": 493}, {"x": 192, "y": 508}, {"x": 176, "y": 508}]}}, {"confidence": 0.98999995, "description": "pedal", "boundingPoly": {"vertices": [{"x": 192, "y": 493}, {"x": 230, "y": 493}, {"x": 230, "y": 510}, {"x": 192, "y": 510}]}}, {"confidence": 0.98999995, "description": "arms", "boundingPoly": {"vertices": [{"x": 229, "y": 495}, {"x": 264, "y": 495}, {"x": 264, "y": 508}, {"x": 229, "y": 508}]}}, {"confidence": 0.98999995, "description": "15.00", "boundingPoly": {"vertices": [{"x": 548, "y": 492}, {"x": 586, "y": 492}, {"x": 586, "y": 508}, {"x": 548, "y": 508}]}}, {"confidence": 0.98999995, "description": "30.00", "boundingPoly": {"vertices": [{"x": 663, "y": 492}, {"x": 702, "y": 492}, {"x": 702, "y": 508}, {"x": 663, "y": 508}]}}], [{"confidence": 0.98999995, "description": "3", "boundingPoly": {"vertices": [{"x": 45, "y": 516}, {"x": 57, "y": 516}, {"x": 57, "y": 532}, {"x": 45, "y": 532}]}}, {"confidence": 0.98999995, "description": "Labor", "boundingPoly": {"vertices": [{"x": 122, "y": 517}, {"x": 162, "y": 517}, {"x": 162, "y": 532}, {"x": 122, "y": 532}]}}, {"confidence": 0.98999995, "description": "3hrs", "boundingPoly": {"vertices": [{"x": 161, "y": 516}, {"x": 193, "y": 516}, {"x": 193, "y": 532}, {"x": 161, "y": 532}]}}, {"confidence": 0.98999995, "description": "5.00", "boundingPoly": {"vertices": [{"x": 556, "y": 517}, {"x": 586, "y": 517}, {"x": 586, "y": 532}, {"x": 556, "y": 532}]}}, {"confidence": 0.98999995, "description": "15.00", "boundingPoly": {"vertices": [{"x": 664, "y": 516}, {"x": 703, "y": 516}, {"x": 703, "y": 532}, {"x": 664, "y": 532}]}}], [{"confidence": 0.98999995, "description": "Subtotal", "boundingPoly": {"vertices": [{"x": 527, "y": 543}, {"x": 586, "y": 543}, {"x": 586, "y": 559}, {"x": 527, "y": 559}]}}, {"confidence": 0.98999995, "description": "145.00", "boundingPoly": {"vertices": [{"x": 657, "y": 543}, {"x": 703, "y": 543}, {"x": 703, "y": 559}, {"x": 657, "y": 559}]}}], [{"confidence": 0.98999995, "description": "Sales", "boundingPoly": {"vertices": [{"x": 475, "y": 569}, {"x": 515, "y": 569}, {"x": 515, "y": 585}, {"x": 475, "y": 585}]}}, {"confidence": 0.98999995, "description": "Tax", "boundingPoly": {"vertices": [{"x": 515, "y": 569}, {"x": 544, "y": 569}, {"x": 544, "y": 585}, {"x": 515, "y": 585}]}}, {"confidence": 0.98999995, "description": "6.25%", "boundingPoly": {"vertices": [{"x": 542, "y": 569}, {"x": 586, "y": 569}, {"x": 586, "y": 585}, {"x": 542, "y": 585}]}}, {"confidence": 0.98999995, "description": "9.06", "boundingPoly": {"vertices": [{"x": 671, "y": 570}, {"x": 702, "y": 570}, {"x": 702, "y": 585}, {"x": 671, "y": 585}]}}], [{"confidence": 0.979999959, "description": "Invoice", "boundingPoly": {"vertices": [{"x": 45, "y": 614}, {"x": 122, "y": 614}, {"x": 122, "y": 633}, {"x": 45, "y": 633}]}}, {"confidence": 0.98999995, "description": "Total:", "boundingPoly": {"vertices": [{"x": 125, "y": 614}, {"x": 187, "y": 614}, {"x": 187, "y": 633}, {"x": 125, "y": 633}]}}, {"confidence": 0.969999969, "description": "$154.06", "boundingPoly": {"vertices": [{"x": 609, "y": 613}, {"x": 704, "y": 613}, {"x": 704, "y": 635}, {"x": 609, "y": 635}]}}], [{"confidence": 0.0, "description": "SNNSAth", "boundingPoly": {"vertices": [{"x": 567, "y": 666}, {"x": 710, "y": 666}, {"x": 710, "y": 721}, {"x": 567, "y": 721}]}}], [{"confidence": 0.98999995, "description": "Terms", "boundingPoly": {"vertices": [{"x": 425, "y": 854}, {"x": 464, "y": 854}, {"x": 464, "y": 868}, {"x": 425, "y": 868}]}}, {"confidence": 0.98999995, "description": "&", "boundingPoly": {"vertices": [{"x": 464, "y": 854}, {"x": 476, "y": 854}, {"x": 476, "y": 868}, {"x": 464, "y": 868}]}}, {"confidence": 0.979999959, "description": "Conditions", "boundingPoly": {"vertices": [{"x": 476, "y": 854}, {"x": 539, "y": 854}, {"x": 539, "y": 868}, {"x": 476, "y": 868}]}}], [{"confidence": 0.98999995, "description": "Payment", "boundingPoly": {"vertices": [{"x": 425, "y": 881}, {"x": 474, "y": 881}, {"x": 474, "y": 896}, {"x": 425, "y": 896}]}}, {"confidence": 0.98999995, "description": "is", "boundingPoly": {"vertices": [{"x": 472, "y": 880}, {"x": 484, "y": 880}, {"x": 484, "y": 894}, {"x": 472, "y": 894}]}}, {"confidence": 0.98999995, "description": "due", "boundingPoly": {"vertices": [{"x": 483, "y": 881}, {"x": 507, "y": 881}, {"x": 507, "y": 894}, {"x": 483, "y": 894}]}}, {"confidence": 0.98999995, "description": "within", "boundingPoly": {"vertices": [{"x": 506, "y": 880}, {"x": 539, "y": 880}, {"x": 539, "y": 894}, {"x": 506, "y": 894}]}}, {"confidence": 0.98999995, "description": "15", "boundingPoly": {"vertices": [{"x": 538, "y": 880}, {"x": 554, "y": 880}, {"x": 554, "y": 894}, {"x": 538, "y": 894}]}}, {"confidence": 0.98999995, "description": "days", "boundingPoly": {"vertices": [{"x": 553, "y": 880}, {"x": 582, "y": 880}, {"x": 582, "y": 896}, {"x": 553, "y": 896}]}}], [{"confidence": 0.98999995, "description": "Please", "boundingPoly": {"vertices": [{"x": 425, "y": 906}, {"x": 463, "y": 906}, {"x": 463, "y": 920}, {"x": 425, "y": 920}]}}, {"confidence": 0.98999995, "description": "make", "boundingPoly": {"vertices": [{"x": 462, "y": 906}, {"x": 494, "y": 906}, {"x": 494, "y": 920}, {"x": 462, "y": 920}]}}, {"confidence": 0.979999959, "description": "checks", "boundingPoly": {"vertices": [{"x": 494, "y": 906}, {"x": 533, "y": 906}, {"x": 533, "y": 920}, {"x": 494, "y": 920}]}}, {"confidence": 0.979999959, "description": "payable", "boundingPoly": {"vertices": [{"x": 531, "y": 906}, {"x": 575, "y": 906}, {"x": 575, "y": 922}, {"x": 531, "y": 922}]}}, {"confidence": 0.98999995, "description": "to:", "boundingPoly": {"vertices": [{"x": 574, "y": 906}, {"x": 591, "y": 906}, {"x": 591, "y": 920}, {"x": 574, "y": 920}]}}, {"confidence": 0.98999995, "description": "East", "boundingPoly": {"vertices": [{"x": 590, "y": 906}, {"x": 617, "y": 906}, {"x": 617, "y": 919}, {"x": 590, "y": 919}]}}, {"confidence": 0.98999995, "description": "Repair", "boundingPoly": {"vertices": [{"x": 616, "y": 906}, {"x": 655, "y": 906}, {"x": 655, "y": 922}, {"x": 616, "y": 922}]}}, {"confidence": 0.98999995, "description": "Inc.", "boundingPoly": {"vertices": [{"x": 654, "y": 906}, {"x": 675, "y": 906}, {"x": 675, "y": 920}, {"x": 654, "y": 920}]}}]], "width": 750, "height": 1061}], "page_count": 1}