{"api_version": "1.2", "fields": {"page_size": [[750, 1061]], "name": {"multi_page": {"0": {"value": "East Repair Inc.", "value_raw": "East Repair Inc.", "confidence": 0.957446813583374, "boxes": [{"description": "East", "boundingPoly": {"vertices": [{"x": 52.0, "y": 128.0}, {"x": 83.0, "y": 128.0}, {"x": 83.0, "y": 142.0}, {"x": 52.0, "y": 142.0}]}, "line": 1}, {"description": "Repair", "boundingPoly": {"vertices": [{"x": 83.0, "y": 128.0}, {"x": 126.0, "y": 128.0}, {"x": 126.0, "y": 144.0}, {"x": 83.0, "y": 144.0}]}, "line": 1}, {"description": "Inc.", "boundingPoly": {"vertices": [{"x": 126.0, "y": 127.0}, {"x": 150.0, "y": 127.0}, {"x": 150.0, "y": 142.0}, {"x": 126.0, "y": 142.0}]}, "line": 1}], "page": 0}}, "value": "East Repair Inc.", "value_raw": "East Repair Inc.", "confidence": 0.957446813583374, "boxes": [{"description": "East", "boundingPoly": {"vertices": [{"x": 52.0, "y": 128.0}, {"x": 83.0, "y": 128.0}, {"x": 83.0, "y": 142.0}, {"x": 52.0, "y": 142.0}]}, "line": 1}, {"description": "Repair", "boundingPoly": {"vertices": [{"x": 83.0, "y": 128.0}, {"x": 126.0, "y": 128.0}, {"x": 126.0, "y": 144.0}, {"x": 83.0, "y": 144.0}]}, "line": 1}, {"description": "Inc.", "boundingPoly": {"vertices": [{"x": 126.0, "y": 127.0}, {"x": 150.0, "y": 127.0}, {"x": 150.0, "y": 142.0}, {"x": 126.0, "y": 142.0}]}, "line": 1}], "page": 0}, "vendor-addr": {"multi_page": {"0": {"value": "1912 Harvest Lane New York, NY 12210", "value_raw": "1912 Harvest Lane New York, NY 12210", "confidence": 0.9569700360298157, "boxes": [{"description": "1912", "boundingPoly": {"vertices": [{"x": 53.0, "y": 149.0}, {"x": 85.0, "y": 149.0}, {"x": 85.0, "y": 164.0}, {"x": 53.0, "y": 164.0}]}, "line": 2}, {"description": "Harvest", "boundingPoly": {"vertices": [{"x": 84.0, "y": 149.0}, {"x": 132.0, "y": 149.0}, {"x": 132.0, "y": 164.0}, {"x": 84.0, "y": 164.0}]}, "line": 2}, {"description": "Lane", "boundingPoly": {"vertices": [{"x": 131.0, "y": 150.0}, {"x": 163.0, "y": 150.0}, {"x": 163.0, "y": 164.0}, {"x": 131.0, "y": 164.0}]}, "line": 2}, {"description": "New", "boundingPoly": {"vertices": [{"x": 53.0, "y": 168.0}, {"x": 82.0, "y": 168.0}, {"x": 82.0, "y": 182.0}, {"x": 53.0, "y": 182.0}]}, "line": 3}, {"description": "York,", "boundingPoly": {"vertices": [{"x": 82.0, "y": 167.0}, {"x": 114.0, "y": 167.0}, {"x": 114.0, "y": 185.0}, {"x": 82.0, "y": 185.0}]}, "line": 3}, {"description": "NY", "boundingPoly": {"vertices": [{"x": 114.0, "y": 167.0}, {"x": 136.0, "y": 167.0}, {"x": 136.0, "y": 182.0}, {"x": 114.0, "y": 182.0}]}, "line": 3}, {"description": "12210", "boundingPoly": {"vertices": [{"x": 135.0, "y": 168.0}, {"x": 174.0, "y": 168.0}, {"x": 174.0, "y": 182.0}, {"x": 135.0, "y": 182.0}]}, "line": 3}], "page": 0}}, "value": "1912 Harvest Lane New York, NY 12210", "value_raw": "1912 Harvest Lane New York, NY 12210", "confidence": 0.9569700360298157, "boxes": [{"description": "1912", "boundingPoly": {"vertices": [{"x": 53.0, "y": 149.0}, {"x": 85.0, "y": 149.0}, {"x": 85.0, "y": 164.0}, {"x": 53.0, "y": 164.0}]}, "line": 2}, {"description": "Harvest", "boundingPoly": {"vertices": [{"x": 84.0, "y": 149.0}, {"x": 132.0, "y": 149.0}, {"x": 132.0, "y": 164.0}, {"x": 84.0, "y": 164.0}]}, "line": 2}, {"description": "Lane", "boundingPoly": {"vertices": [{"x": 131.0, "y": 150.0}, {"x": 163.0, "y": 150.0}, {"x": 163.0, "y": 164.0}, {"x": 131.0, "y": 164.0}]}, "line": 2}, {"description": "New", "boundingPoly": {"vertices": [{"x": 53.0, "y": 168.0}, {"x": 82.0, "y": 168.0}, {"x": 82.0, "y": 182.0}, {"x": 53.0, "y": 182.0}]}, "line": 3}, {"description": "York,", "boundingPoly": {"vertices": [{"x": 82.0, "y": 167.0}, {"x": 114.0, "y": 167.0}, {"x": 114.0, "y": 185.0}, {"x": 82.0, "y": 185.0}]}, "line": 3}, {"description": "NY", "boundingPoly": {"vertices": [{"x": 114.0, "y": 167.0}, {"x": 136.0, "y": 167.0}, {"x": 136.0, "y": 182.0}, {"x": 114.0, "y": 182.0}]}, "line": 3}, {"description": "12210", "boundingPoly": {"vertices": [{"x": 135.0, "y": 168.0}, {"x": 174.0, "y": 168.0}, {"x": 174.0, "y": 182.0}, {"x": 135.0, "y": 182.0}]}, "line": 3}], "page": 0}, "billing-name": {"multi_page": {"0": {"value": "John Smith", "value_raw": "John Smith", "confidence": 0.9460748434066772, "boxes": [{"description": "John", "boundingPoly": {"vertices": [{"x": 52.0, "y": 234.0}, {"x": 83.0, "y": 234.0}, {"x": 83.0, "y": 248.0}, {"x": 52.0, "y": 248.0}]}, "line": 5}, {"description": "Smith", "boundingPoly": {"vertices": [{"x": 83.0, "y": 233.0}, {"x": 119.0, "y": 233.0}, {"x": 119.0, "y": 248.0}, {"x": 83.0, "y": 248.0}]}, "line": 5}], "page": 0}}, "value": "John Smith", "value_raw": "John Smith", "confidence": 0.9460748434066772, "boxes": [{"description": "John", "boundingPoly": {"vertices": [{"x": 52.0, "y": 234.0}, {"x": 83.0, "y": 234.0}, {"x": 83.0, "y": 248.0}, {"x": 52.0, "y": 248.0}]}, "line": 5}, {"description": "Smith", "boundingPoly": {"vertices": [{"x": 83.0, "y": 233.0}, {"x": 119.0, "y": 233.0}, {"x": 119.0, "y": 248.0}, {"x": 83.0, "y": 248.0}]}, "line": 5}], "page": 0}, "billing-addr": {"multi_page": {"0": {"value": "2 Court Square New York, NY 12210", "value_raw": "2 Court Square New York, NY 12210", "confidence": 0.9746730029582977, "boxes": [{"description": "2", "boundingPoly": {"vertices": [{"x": 52.0, "y": 251.0}, {"x": 64.0, "y": 251.0}, {"x": 64.0, "y": 266.0}, {"x": 52.0, "y": 266.0}]}, "line": 6}, {"description": "Court", "boundingPoly": {"vertices": [{"x": 63.0, "y": 252.0}, {"x": 98.0, "y": 252.0}, {"x": 98.0, "y": 267.0}, {"x": 63.0, "y": 267.0}]}, "line": 6}, {"description": "Square", "boundingPoly": {"vertices": [{"x": 97.0, "y": 252.0}, {"x": 141.0, "y": 252.0}, {"x": 141.0, "y": 269.0}, {"x": 97.0, "y": 269.0}]}, "line": 6}, {"description": "New", "boundingPoly": {"vertices": [{"x": 52.0, "y": 270.0}, {"x": 82.0, "y": 270.0}, {"x": 82.0, "y": 284.0}, {"x": 52.0, "y": 284.0}]}, "line": 7}, {"description": "York,", "boundingPoly": {"vertices": [{"x": 81.0, "y": 270.0}, {"x": 114.0, "y": 270.0}, {"x": 114.0, "y": 286.0}, {"x": 81.0, "y": 286.0}]}, "line": 7}, {"description": "NY", "boundingPoly": {"vertices": [{"x": 114.0, "y": 270.0}, {"x": 136.0, "y": 270.0}, {"x": 136.0, "y": 284.0}, {"x": 114.0, "y": 284.0}]}, "line": 7}, {"description": "12210", "boundingPoly": {"vertices": [{"x": 135.0, "y": 271.0}, {"x": 174.0, "y": 271.0}, {"x": 174.0, "y": 285.0}, {"x": 135.0, "y": 285.0}]}, "line": 7}], "page": 0}}, "value": "2 Court Square New York, NY 12210", "value_raw": "2 Court Square New York, NY 12210", "confidence": 0.9746730029582977, "boxes": [{"description": "2", "boundingPoly": {"vertices": [{"x": 52.0, "y": 251.0}, {"x": 64.0, "y": 251.0}, {"x": 64.0, "y": 266.0}, {"x": 52.0, "y": 266.0}]}, "line": 6}, {"description": "Court", "boundingPoly": {"vertices": [{"x": 63.0, "y": 252.0}, {"x": 98.0, "y": 252.0}, {"x": 98.0, "y": 267.0}, {"x": 63.0, "y": 267.0}]}, "line": 6}, {"description": "Square", "boundingPoly": {"vertices": [{"x": 97.0, "y": 252.0}, {"x": 141.0, "y": 252.0}, {"x": 141.0, "y": 269.0}, {"x": 97.0, "y": 269.0}]}, "line": 6}, {"description": "New", "boundingPoly": {"vertices": [{"x": 52.0, "y": 270.0}, {"x": 82.0, "y": 270.0}, {"x": 82.0, "y": 284.0}, {"x": 52.0, "y": 284.0}]}, "line": 7}, {"description": "York,", "boundingPoly": {"vertices": [{"x": 81.0, "y": 270.0}, {"x": 114.0, "y": 270.0}, {"x": 114.0, "y": 286.0}, {"x": 81.0, "y": 286.0}]}, "line": 7}, {"description": "NY", "boundingPoly": {"vertices": [{"x": 114.0, "y": 270.0}, {"x": 136.0, "y": 270.0}, {"x": 136.0, "y": 284.0}, {"x": 114.0, "y": 284.0}]}, "line": 7}, {"description": "12210", "boundingPoly": {"vertices": [{"x": 135.0, "y": 271.0}, {"x": 174.0, "y": 271.0}, {"x": 174.0, "y": 285.0}, {"x": 135.0, "y": 285.0}]}, "line": 7}], "page": 0}, "shipping-addr": {"multi_page": {"0": {"value": "John Smith 3787 Pineview Drive Cambridge, MA 12210", "value_raw": "John Smith 3787 Pineview Drive Cambridge, MA 12210", "confidence": 0.9714967608451843, "boxes": [{"description": "John", "boundingPoly": {"vertices": [{"x": 259.0, "y": 233.0}, {"x": 291.0, "y": 233.0}, {"x": 291.0, "y": 248.0}, {"x": 259.0, "y": 248.0}]}, "line": 5}, {"description": "Smith", "boundingPoly": {"vertices": [{"x": 291.0, "y": 234.0}, {"x": 327.0, "y": 234.0}, {"x": 327.0, "y": 248.0}, {"x": 291.0, "y": 248.0}]}, "line": 5}, {"description": "3787", "boundingPoly": {"vertices": [{"x": 260.0, "y": 252.0}, {"x": 292.0, "y": 252.0}, {"x": 292.0, "y": 267.0}, {"x": 260.0, "y": 267.0}]}, "line": 6}, {"description": "Pineview", "boundingPoly": {"vertices": [{"x": 292.0, "y": 252.0}, {"x": 347.0, "y": 252.0}, {"x": 347.0, "y": 267.0}, {"x": 292.0, "y": 267.0}]}, "line": 6}, {"description": "Drive", "boundingPoly": {"vertices": [{"x": 346.0, "y": 252.0}, {"x": 379.0, "y": 252.0}, {"x": 379.0, "y": 266.0}, {"x": 346.0, "y": 266.0}]}, "line": 6}, {"description": "Cambridge,", "boundingPoly": {"vertices": [{"x": 260.0, "y": 270.0}, {"x": 329.0, "y": 270.0}, {"x": 329.0, "y": 287.0}, {"x": 260.0, "y": 287.0}]}, "line": 7}, {"description": "MA", "boundingPoly": {"vertices": [{"x": 329.0, "y": 270.0}, {"x": 351.0, "y": 270.0}, {"x": 351.0, "y": 285.0}, {"x": 329.0, "y": 285.0}]}, "line": 7}, {"description": "12210", "boundingPoly": {"vertices": [{"x": 351.0, "y": 270.0}, {"x": 390.0, "y": 270.0}, {"x": 390.0, "y": 285.0}, {"x": 351.0, "y": 285.0}]}, "line": 7}], "page": 0}}, "value": "John Smith 3787 Pineview Drive Cambridge, MA 12210", "value_raw": "John Smith 3787 Pineview Drive Cambridge, MA 12210", "confidence": 0.9714967608451843, "boxes": [{"description": "John", "boundingPoly": {"vertices": [{"x": 259.0, "y": 233.0}, {"x": 291.0, "y": 233.0}, {"x": 291.0, "y": 248.0}, {"x": 259.0, "y": 248.0}]}, "line": 5}, {"description": "Smith", "boundingPoly": {"vertices": [{"x": 291.0, "y": 234.0}, {"x": 327.0, "y": 234.0}, {"x": 327.0, "y": 248.0}, {"x": 291.0, "y": 248.0}]}, "line": 5}, {"description": "3787", "boundingPoly": {"vertices": [{"x": 260.0, "y": 252.0}, {"x": 292.0, "y": 252.0}, {"x": 292.0, "y": 267.0}, {"x": 260.0, "y": 267.0}]}, "line": 6}, {"description": "Pineview", "boundingPoly": {"vertices": [{"x": 292.0, "y": 252.0}, {"x": 347.0, "y": 252.0}, {"x": 347.0, "y": 267.0}, {"x": 292.0, "y": 267.0}]}, "line": 6}, {"description": "Drive", "boundingPoly": {"vertices": [{"x": 346.0, "y": 252.0}, {"x": 379.0, "y": 252.0}, {"x": 379.0, "y": 266.0}, {"x": 346.0, "y": 266.0}]}, "line": 6}, {"description": "Cambridge,", "boundingPoly": {"vertices": [{"x": 260.0, "y": 270.0}, {"x": 329.0, "y": 270.0}, {"x": 329.0, "y": 287.0}, {"x": 260.0, "y": 287.0}]}, "line": 7}, {"description": "MA", "boundingPoly": {"vertices": [{"x": 329.0, "y": 270.0}, {"x": 351.0, "y": 270.0}, {"x": 351.0, "y": 285.0}, {"x": 329.0, "y": 285.0}]}, "line": 7}, {"description": "12210", "boundingPoly": {"vertices": [{"x": 351.0, "y": 270.0}, {"x": 390.0, "y": 270.0}, {"x": 390.0, "y": 285.0}, {"x": 351.0, "y": 285.0}]}, "line": 7}], "page": 0}, "invoice-no": {"multi_page": {"0": {"value": "US-001", "value_raw": "US-001", "confidence": 0.9424020648002625, "boxes": [{"description": "US-001", "boundingPoly": {"vertices": [{"x": 651.0, "y": 211.0}, {"x": 697.0, "y": 211.0}, {"x": 697.0, "y": 227.0}, {"x": 651.0, "y": 227.0}]}, "line": 4}], "page": 0}}, "value": "US-001", "value_raw": "US-001", "confidence": 0.9424020648002625, "boxes": [{"description": "US-001", "boundingPoly": {"vertices": [{"x": 651.0, "y": 211.0}, {"x": 697.0, "y": 211.0}, {"x": 697.0, "y": 227.0}, {"x": 651.0, "y": 227.0}]}, "line": 4}], "page": 0}, "po-no": {"multi_page": {}, "value": "", "value_raw": "", "confidence": 0.0, "boxes": [], "page": 0}, "vendor-vat-no": {"multi_page": {}, "value": "", "value_raw": "", "confidence": 0.0, "boxes": [], "page": 0}, "date": {"multi_page": {"0": {"value": "2019-11-02", "value_raw": "11/02/2019", "confidence": 0.9717363119125366, "boxes": [{"description": "11/02/2019", "boundingPoly": {"vertices": [{"x": 632.0, "y": 237.0}, {"x": 699.0, "y": 237.0}, {"x": 699.0, "y": 253.0}, {"x": 632.0, "y": 253.0}]}, "line": 5}], "date_potentially_ambiguous": true, "page": 0}}, "value": "2019-02-11", "value_raw": "11/02/2019", "confidence": 0.9717363119125366, "boxes": [{"description": "11/02/2019", "boundingPoly": {"vertices": [{"x": 632.0, "y": 237.0}, {"x": 699.0, "y": 237.0}, {"x": 699.0, "y": 253.0}, {"x": 632.0, "y": 253.0}]}, "line": 5}], "page": 0}, "tax": {"multi_page": {"0": {"value": "9.06", "value_raw": "9.06", "confidence": 0.9319270253181458, "boxes": [{"description": "9.06", "boundingPoly": {"vertices": [{"x": 659.0, "y": 525.0}, {"x": 688.0, "y": 525.0}, {"x": 688.0, "y": 539.0}, {"x": 659.0, "y": 539.0}]}, "line": 14}], "page": 0}}, "value": "9.06", "value_raw": "9.06", "confidence": 0.9319270253181458, "boxes": [{"description": "9.06", "boundingPoly": {"vertices": [{"x": 659.0, "y": 525.0}, {"x": 688.0, "y": 525.0}, {"x": 688.0, "y": 539.0}, {"x": 659.0, "y": 539.0}]}, "line": 14}], "page": 0}, "total": {"multi_page": {"0": {"value": "154.06", "value_raw": "$154.06", "confidence": 0.9781744480133057, "boxes": [{"description": "$154.06", "boundingPoly": {"vertices": [{"x": 624.0, "y": 553.0}, {"x": 687.0, "y": 553.0}, {"x": 687.0, "y": 576.0}, {"x": 624.0, "y": 576.0}]}, "line": 15}], "page": 0}}, "value": "154.06", "value_raw": "$154.06", "confidence": 0.9781744480133057, "boxes": [{"description": "$154.06", "boundingPoly": {"vertices": [{"x": 624.0, "y": 553.0}, {"x": 687.0, "y": 553.0}, {"x": 687.0, "y": 576.0}, {"x": 624.0, "y": 576.0}]}, "line": 15}], "page": 0}, "payment-terms": {"multi_page": {"0": {"value": "due within 15 days", "value_raw": "due within 15 days", "confidence": 0.658656895160675, "boxes": [{"description": "due", "boundingPoly": {"vertices": [{"x": 453.0, "y": 956.0}, {"x": 478.0, "y": 956.0}, {"x": 478.0, "y": 971.0}, {"x": 453.0, "y": 971.0}]}, "line": 18}, {"description": "within", "boundingPoly": {"vertices": [{"x": 478.0, "y": 956.0}, {"x": 514.0, "y": 956.0}, {"x": 514.0, "y": 971.0}, {"x": 478.0, "y": 971.0}]}, "line": 18}, {"description": "15", "boundingPoly": {"vertices": [{"x": 515.0, "y": 956.0}, {"x": 531.0, "y": 956.0}, {"x": 531.0, "y": 971.0}, {"x": 515.0, "y": 971.0}]}, "line": 18}, {"description": "days", "boundingPoly": {"vertices": [{"x": 531.0, "y": 957.0}, {"x": 562.0, "y": 957.0}, {"x": 562.0, "y": 974.0}, {"x": 531.0, "y": 974.0}]}, "line": 18}], "page": 0}}, "value": "due within 15 days", "value_raw": "due within 15 days", "confidence": 0.658656895160675, "boxes": [{"description": "due", "boundingPoly": {"vertices": [{"x": 453.0, "y": 956.0}, {"x": 478.0, "y": 956.0}, {"x": 478.0, "y": 971.0}, {"x": 453.0, "y": 971.0}]}, "line": 18}, {"description": "within", "boundingPoly": {"vertices": [{"x": 478.0, "y": 956.0}, {"x": 514.0, "y": 956.0}, {"x": 514.0, "y": 971.0}, {"x": 478.0, "y": 971.0}]}, "line": 18}, {"description": "15", "boundingPoly": {"vertices": [{"x": 515.0, "y": 956.0}, {"x": 531.0, "y": 956.0}, {"x": 531.0, "y": 971.0}, {"x": 515.0, "y": 971.0}]}, "line": 18}, {"description": "days", "boundingPoly": {"vertices": [{"x": 531.0, "y": 957.0}, {"x": 562.0, "y": 957.0}, {"x": 562.0, "y": 974.0}, {"x": 531.0, "y": 974.0}]}, "line": 18}], "page": 0}, "net-amount": {"multi_page": {"0": {"value": "145.00", "value_raw": "145.00", "confidence": 0.9731773734092712, "boxes": [{"description": "145.00", "boundingPoly": {"vertices": [{"x": 645.0, "y": 493.0}, {"x": 687.0, "y": 493.0}, {"x": 687.0, "y": 507.0}, {"x": 645.0, "y": 507.0}]}, "line": 13}], "page": 0}}, "value": "145.00", "value_raw": "145.00", "confidence": 0.9731773734092712, "boxes": [{"description": "145.00", "boundingPoly": {"vertices": [{"x": 645.0, "y": 493.0}, {"x": 687.0, "y": 493.0}, {"x": 687.0, "y": 507.0}, {"x": 645.0, "y": 507.0}]}, "line": 13}], "page": 0}, "due-date": {"multi_page": {"0": {"value": "2019-02-26", "value_raw": "26/02/2019", "confidence": 0.965255618095398, "boxes": [{"description": "26/02/2019", "boundingPoly": {"vertices": [{"x": 631.0, "y": 290.0}, {"x": 698.0, "y": 290.0}, {"x": 698.0, "y": 304.0}, {"x": 631.0, "y": 304.0}]}, "line": 8}], "date_potentially_ambiguous": false, "page": 0}}, "value": "2019-02-26", "value_raw": "26/02/2019", "confidence": 0.965255618095398, "boxes": [{"description": "26/02/2019", "boundingPoly": {"vertices": [{"x": 631.0, "y": 290.0}, {"x": 698.0, "y": 290.0}, {"x": 698.0, "y": 304.0}, {"x": 631.0, "y": 304.0}]}, "line": 8}], "page": 0}, "discount": {"multi_page": {}, "value": "", "value_raw": "", "confidence": 0.0, "boxes": [], "page": 0}, "shipping-charges": {"multi_page": {}, "value": "", "value_raw": "", "confidence": 0.0, "boxes": [], "page": 0}, "payment-addr": {"multi_page": {}, "value": "", "value_raw": "", "confidence": 0.0, "boxes": [], "page": 0}, "billing-vat-no": {"multi_page": {}, "value": "", "value_raw": "", "confidence": 0.0, "boxes": [], "page": 0}, "items": [{"quantity": {"value": "1", "confidence": 0.9142941832542419, "boxes": [{"description": "1", "boundingPoly": {"vertices": [{"x": 81.0, "y": 384.0}, {"x": 90.0, "y": 384.0}, {"x": 90.0, "y": 398.0}, {"x": 81.0, "y": 398.0}]}, "line": 10}], "page": 0}, "description": {"value": "Front and rear brake cables", "confidence": 0.9729267954826355, "boxes": [{"description": "Front", "boundingPoly": {"vertices": [{"x": 126.0, "y": 383.0}, {"x": 160.0, "y": 383.0}, {"x": 160.0, "y": 398.0}, {"x": 126.0, "y": 398.0}]}, "line": 10}, {"description": "and", "boundingPoly": {"vertices": [{"x": 159.0, "y": 384.0}, {"x": 183.0, "y": 384.0}, {"x": 183.0, "y": 398.0}, {"x": 159.0, "y": 398.0}]}, "line": 10}, {"description": "rear", "boundingPoly": {"vertices": [{"x": 184.0, "y": 385.0}, {"x": 210.0, "y": 385.0}, {"x": 210.0, "y": 398.0}, {"x": 184.0, "y": 398.0}]}, "line": 10}, {"description": "brake", "boundingPoly": {"vertices": [{"x": 209.0, "y": 383.0}, {"x": 245.0, "y": 383.0}, {"x": 245.0, "y": 398.0}, {"x": 209.0, "y": 398.0}]}, "line": 10}, {"description": "cables", "boundingPoly": {"vertices": [{"x": 244.0, "y": 384.0}, {"x": 285.0, "y": 384.0}, {"x": 285.0, "y": 398.0}, {"x": 244.0, "y": 398.0}]}, "line": 10}], "page": 0}, "unit-price": {"value": "100.00", "confidence": 0.9947079420089722, "boxes": [{"description": "100.00", "boundingPoly": {"vertices": [{"x": 482.0, "y": 383.0}, {"x": 524.0, "y": 383.0}, {"x": 524.0, "y": 398.0}, {"x": 482.0, "y": 398.0}]}, "line": 10}], "page": 0}, "line-amount": {"value": "100.00", "confidence": 0.9882684946060181, "boxes": [{"description": "100.00", "boundingPoly": {"vertices": [{"x": 646.0, "y": 383.0}, {"x": 687.0, "y": 383.0}, {"x": 687.0, "y": 398.0}, {"x": 646.0, "y": 398.0}]}, "line": 10}], "page": 0}, "item-po-no": {"value": "", "confidence": 0.0, "boxes": [], "page": 0}, "line-no": {"value": "", "confidence": 0.0, "boxes": [], "page": 0}, "part-no": {"value": "", "confidence": 0.0, "boxes": [], "page": 0}}, {"quantity": {"value": "2", "confidence": 0.8941569924354553, "boxes": [{"description": "2", "boundingPoly": {"vertices": [{"x": 80.0, "y": 416.0}, {"x": 92.0, "y": 416.0}, {"x": 92.0, "y": 431.0}, {"x": 80.0, "y": 431.0}]}, "line": 11}], "page": 0}, "description": {"value": "New set of pedal arms", "confidence": 0.977573037147522, "boxes": [{"description": "New", "boundingPoly": {"vertices": [{"x": 126.0, "y": 416.0}, {"x": 156.0, "y": 416.0}, {"x": 156.0, "y": 430.0}, {"x": 126.0, "y": 430.0}]}, "line": 11}, {"description": "set", "boundingPoly": {"vertices": [{"x": 155.0, "y": 417.0}, {"x": 175.0, "y": 417.0}, {"x": 175.0, "y": 430.0}, {"x": 155.0, "y": 430.0}]}, "line": 11}, {"description": "of", "boundingPoly": {"vertices": [{"x": 175.0, "y": 416.0}, {"x": 190.0, "y": 416.0}, {"x": 190.0, "y": 431.0}, {"x": 175.0, "y": 431.0}]}, "line": 11}, {"description": "pedal", "boundingPoly": {"vertices": [{"x": 189.0, "y": 416.0}, {"x": 224.0, "y": 416.0}, {"x": 224.0, "y": 434.0}, {"x": 189.0, "y": 434.0}]}, "line": 11}, {"description": "arms", "boundingPoly": {"vertices": [{"x": 223.0, "y": 418.0}, {"x": 255.0, "y": 418.0}, {"x": 255.0, "y": 430.0}, {"x": 223.0, "y": 430.0}]}, "line": 11}], "page": 0}, "unit-price": {"value": "15.00", "confidence": 0.9906885623931885, "boxes": [{"description": "15.00", "boundingPoly": {"vertices": [{"x": 489.0, "y": 416.0}, {"x": 524.0, "y": 416.0}, {"x": 524.0, "y": 431.0}, {"x": 489.0, "y": 431.0}]}, "line": 11}], "page": 0}, "line-amount": {"value": "30.00", "confidence": 0.9917618036270142, "boxes": [{"description": "30.00", "boundingPoly": {"vertices": [{"x": 652.0, "y": 416.0}, {"x": 687.0, "y": 416.0}, {"x": 687.0, "y": 431.0}, {"x": 652.0, "y": 431.0}]}, "line": 11}], "page": 0}, "item-po-no": {"value": "", "confidence": 0.0, "boxes": [], "page": 0}, "line-no": {"value": "", "confidence": 0.0, "boxes": [], "page": 0}, "part-no": {"value": "", "confidence": 0.0, "boxes": [], "page": 0}}, {"quantity": {"value": "3", "confidence": 0.8856070637702942, "boxes": [{"description": "3", "boundingPoly": {"vertices": [{"x": 80.0, "y": 448.0}, {"x": 92.0, "y": 448.0}, {"x": 92.0, "y": 463.0}, {"x": 80.0, "y": 463.0}]}, "line": 12}], "page": 0}, "description": {"value": "Labor 3hrs", "confidence": 0.9826453924179077, "boxes": [{"description": "Labor", "boundingPoly": {"vertices": [{"x": 126.0, "y": 448.0}, {"x": 162.0, "y": 448.0}, {"x": 162.0, "y": 463.0}, {"x": 126.0, "y": 463.0}]}, "line": 12}, {"description": "3hrs", "boundingPoly": {"vertices": [{"x": 161.0, "y": 448.0}, {"x": 190.0, "y": 448.0}, {"x": 190.0, "y": 463.0}, {"x": 161.0, "y": 463.0}]}, "line": 12}], "page": 0}, "unit-price": {"value": "5.00", "confidence": 0.9820072054862976, "boxes": [{"description": "5.00", "boundingPoly": {"vertices": [{"x": 495.0, "y": 448.0}, {"x": 524.0, "y": 448.0}, {"x": 524.0, "y": 463.0}, {"x": 495.0, "y": 463.0}]}, "line": 12}], "page": 0}, "line-amount": {"value": "15.00", "confidence": 0.9919729232788086, "boxes": [{"description": "15.00", "boundingPoly": {"vertices": [{"x": 652.0, "y": 448.0}, {"x": 688.0, "y": 448.0}, {"x": 688.0, "y": 463.0}, {"x": 652.0, "y": 463.0}]}, "line": 12}], "page": 0}, "item-po-no": {"value": "", "confidence": 0.0, "boxes": [], "page": 0}, "line-no": {"value": "", "confidence": 0.0, "boxes": [], "page": 0}, "part-no": {"value": "", "confidence": 0.0, "boxes": [], "page": 0}}], "currency": {"value": "USD", "confidence": 0.9721646904945374}}, "pages": [{"page_rotation": 0, "boxes": [[{"confidence": 0.459999979, "description": "INVOICE", "boundingPoly": {"vertices": [{"x": 51, "y": 44}, {"x": 233, "y": 44}, {"x": 233, "y": 106}, {"x": 51, "y": 106}]}}, {"confidence": 0.57, "description": "LOGO", "boundingPoly": {"vertices": [{"x": 617, "y": 79}, {"x": 688, "y": 79}, {"x": 688, "y": 106}, {"x": 617, "y": 106}]}}], [{"confidence": 0.98999995, "description": "East", "boundingPoly": {"vertices": [{"x": 52, "y": 128}, {"x": 83, "y": 128}, {"x": 83, "y": 142}, {"x": 52, "y": 142}]}}, {"confidence": 0.789999962, "description": "Repair", "boundingPoly": {"vertices": [{"x": 83, "y": 128}, {"x": 126, "y": 128}, {"x": 126, "y": 144}, {"x": 83, "y": 144}]}}, {"confidence": 0.98999995, "description": "Inc.", "boundingPoly": {"vertices": [{"x": 126, "y": 127}, {"x": 150, "y": 127}, {"x": 150, "y": 142}, {"x": 126, "y": 142}]}}], [{"confidence": 0.98999995, "description": "1912", "boundingPoly": {"vertices": [{"x": 53, "y": 149}, {"x": 85, "y": 149}, {"x": 85, "y": 164}, {"x": 53, "y": 164}]}}, {"confidence": 0.68, "description": "Harvest", "boundingPoly": {"vertices": [{"x": 84, "y": 149}, {"x": 132, "y": 149}, {"x": 132, "y": 164}, {"x": 84, "y": 164}]}}, {"confidence": 0.98999995, "description": "Lane", "boundingPoly": {"vertices": [{"x": 131, "y": 150}, {"x": 163, "y": 150}, {"x": 163, "y": 164}, {"x": 131, "y": 164}]}}], [{"confidence": 0.98999995, "description": "New", "boundingPoly": {"vertices": [{"x": 53, "y": 168}, {"x": 82, "y": 168}, {"x": 82, "y": 182}, {"x": 53, "y": 182}]}}, {"confidence": 0.87, "description": "York,", "boundingPoly": {"vertices": [{"x": 82, "y": 167}, {"x": 114, "y": 167}, {"x": 114, "y": 185}, {"x": 82, "y": 185}]}}, {"confidence": 0.98999995, "description": "NY", "boundingPoly": {"vertices": [{"x": 114, "y": 167}, {"x": 136, "y": 167}, {"x": 136, "y": 182}, {"x": 114, "y": 182}]}}, {"confidence": 0.75, "description": "12210", "boundingPoly": {"vertices": [{"x": 135, "y": 168}, {"x": 174, "y": 168}, {"x": 174, "y": 182}, {"x": 135, "y": 182}]}}], [{"confidence": 0.98999995, "description": "BILL", "boundingPoly": {"vertices": [{"x": 52, "y": 206}, {"x": 82, "y": 206}, {"x": 82, "y": 225}, {"x": 52, "y": 225}]}}, {"confidence": 0.979999959, "description": "TO", "boundingPoly": {"vertices": [{"x": 81, "y": 206}, {"x": 100, "y": 206}, {"x": 100, "y": 225}, {"x": 81, "y": 225}]}}, {"confidence": 0.98999995, "description": "SHIP", "boundingPoly": {"vertices": [{"x": 259, "y": 206}, {"x": 292, "y": 206}, {"x": 292, "y": 226}, {"x": 259, "y": 226}]}}, {"confidence": 0.98999995, "description": "TO", "boundingPoly": {"vertices": [{"x": 291, "y": 206}, {"x": 310, "y": 206}, {"x": 310, "y": 226}, {"x": 291, "y": 226}]}}, {"confidence": 0.64, "description": "INVOICE", "boundingPoly": {"vertices": [{"x": 459, "y": 206}, {"x": 512, "y": 206}, {"x": 512, "y": 225}, {"x": 459, "y": 225}]}}, {"confidence": 0.969999969, "description": "#", "boundingPoly": {"vertices": [{"x": 511, "y": 206}, {"x": 523, "y": 206}, {"x": 523, "y": 225}, {"x": 511, "y": 225}]}}, {"confidence": 0.61, "description": "US-001", "boundingPoly": {"vertices": [{"x": 651, "y": 211}, {"x": 697, "y": 211}, {"x": 697, "y": 227}, {"x": 651, "y": 227}]}}], [{"confidence": 0.98999995, "description": "John", "boundingPoly": {"vertices": [{"x": 52, "y": 234}, {"x": 83, "y": 234}, {"x": 83, "y": 248}, {"x": 52, "y": 248}]}}, {"confidence": 0.98999995, "description": "Smith", "boundingPoly": {"vertices": [{"x": 83, "y": 233}, {"x": 119, "y": 233}, {"x": 119, "y": 248}, {"x": 83, "y": 248}]}}, {"confidence": 0.98999995, "description": "John", "boundingPoly": {"vertices": [{"x": 259, "y": 233}, {"x": 291, "y": 233}, {"x": 291, "y": 248}, {"x": 259, "y": 248}]}}, {"confidence": 0.98999995, "description": "Smith", "boundingPoly": {"vertices": [{"x": 291, "y": 234}, {"x": 327, "y": 234}, {"x": 327, "y": 248}, {"x": 291, "y": 248}]}}, {"confidence": 0.399999976, "description": "INVOICE", "boundingPoly": {"vertices": [{"x": 459, "y": 232}, {"x": 511, "y": 232}, {"x": 511, "y": 252}, {"x": 459, "y": 252}]}}, {"confidence": 0.979999959, "description": "DATE", "boundingPoly": {"vertices": [{"x": 510, "y": 232}, {"x": 546, "y": 232}, {"x": 546, "y": 252}, {"x": 510, "y": 252}]}}, {"confidence": 0.98999995, "description": "11/02/2019", "boundingPoly": {"vertices": [{"x": 632, "y": 237}, {"x": 699, "y": 237}, {"x": 699, "y": 253}, {"x": 632, "y": 253}]}}], [{"confidence": 0.98999995, "description": "2", "boundingPoly": {"vertices": [{"x": 52, "y": 251}, {"x": 64, "y": 251}, {"x": 64, "y": 266}, {"x": 52, "y": 266}]}}, {"confidence": 0.98999995, "description": "Court", "boundingPoly": {"vertices": [{"x": 63, "y": 252}, {"x": 98, "y": 252}, {"x": 98, "y": 267}, {"x": 63, "y": 267}]}}, {"confidence": 0.979999959, "description": "Square", "boundingPoly": {"vertices": [{"x": 97, "y": 252}, {"x": 141, "y": 252}, {"x": 141, "y": 269}, {"x": 97, "y": 269}]}}, {"confidence": 0.98999995, "description": "3787", "boundingPoly": {"vertices": [{"x": 260, "y": 252}, {"x": 292, "y": 252}, {"x": 292, "y": 267}, {"x": 260, "y": 267}]}}, {"confidence": 0.93, "description": "Pineview", "boundingPoly": {"vertices": [{"x": 292, "y": 252}, {"x": 347, "y": 252}, {"x": 347, "y": 267}, {"x": 292, "y": 267}]}}, {"confidence": 0.98999995, "description": "Drive", "boundingPoly": {"vertices": [{"x": 346, "y": 252}, {"x": 379, "y": 252}, {"x": 379, "y": 266}, {"x": 346, "y": 266}]}}, {"confidence": 0.539999962, "description": "P.O.#", "boundingPoly": {"vertices": [{"x": 460, "y": 258}, {"x": 493, "y": 258}, {"x": 493, "y": 277}, {"x": 460, "y": 277}]}}, {"confidence": 0.95, "description": "2312/2019", "boundingPoly": {"vertices": [{"x": 635, "y": 263}, {"x": 698, "y": 263}, {"x": 698, "y": 279}, {"x": 635, "y": 279}]}}], [{"confidence": 0.98999995, "description": "New", "boundingPoly": {"vertices": [{"x": 52, "y": 270}, {"x": 82, "y": 270}, {"x": 82, "y": 284}, {"x": 52, "y": 284}]}}, {"confidence": 0.98999995, "description": "York,", "boundingPoly": {"vertices": [{"x": 81, "y": 270}, {"x": 114, "y": 270}, {"x": 114, "y": 286}, {"x": 81, "y": 286}]}}, {"confidence": 0.98999995, "description": "NY", "boundingPoly": {"vertices": [{"x": 114, "y": 270}, {"x": 136, "y": 270}, {"x": 136, "y": 284}, {"x": 114, "y": 284}]}}, {"confidence": 0.77, "description": "12210", "boundingPoly": {"vertices": [{"x": 135, "y": 271}, {"x": 174, "y": 271}, {"x": 174, "y": 285}, {"x": 135, "y": 285}]}}, {"confidence": 0.849999964, "description": "Cambridge,", "boundingPoly": {"vertices": [{"x": 260, "y": 270}, {"x": 329, "y": 270}, {"x": 329, "y": 287}, {"x": 260, "y": 287}]}}, {"confidence": 0.98999995, "description": "MA", "boundingPoly": {"vertices": [{"x": 329, "y": 270}, {"x": 351, "y": 270}, {"x": 351, "y": 285}, {"x": 329, "y": 285}]}}, {"confidence": 0.47, "description": "12210", "boundingPoly": {"vertices": [{"x": 351, "y": 270}, {"x": 390, "y": 270}, {"x": 390, "y": 285}, {"x": 351, "y": 285}]}}], [{"confidence": 0.98999995, "description": "DUE", "boundingPoly": {"vertices": [{"x": 460, "y": 284}, {"x": 488, "y": 284}, {"x": 488, "y": 304}, {"x": 460, "y": 304}]}}, {"confidence": 0.98999995, "description": "DATE", "boundingPoly": {"vertices": [{"x": 487, "y": 284}, {"x": 522, "y": 284}, {"x": 522, "y": 304}, {"x": 487, "y": 304}]}}, {"confidence": 0.969999969, "description": "26/02/2019", "boundingPoly": {"vertices": [{"x": 631, "y": 290}, {"x": 698, "y": 290}, {"x": 698, "y": 304}, {"x": 631, "y": 304}]}}], [{"confidence": 0.919999957, "description": "QTY", "boundingPoly": {"vertices": [{"x": 72, "y": 346}, {"x": 100, "y": 346}, {"x": 100, "y": 365}, {"x": 72, "y": 365}]}}, {"confidence": 0.969999969, "description": "DESCRIPTION", "boundingPoly": {"vertices": [{"x": 222, "y": 346}, {"x": 305, "y": 346}, {"x": 305, "y": 365}, {"x": 222, "y": 365}]}}, {"confidence": 0.979999959, "description": "UNIT", "boundingPoly": {"vertices": [{"x": 454, "y": 346}, {"x": 485, "y": 346}, {"x": 485, "y": 365}, {"x": 454, "y": 365}]}}, {"confidence": 0.979999959, "description": "PRICE", "boundingPoly": {"vertices": [{"x": 485, "y": 346}, {"x": 524, "y": 346}, {"x": 524, "y": 365}, {"x": 485, "y": 365}]}}, {"confidence": 0.52, "description": "AMOUNT", "boundingPoly": {"vertices": [{"x": 632, "y": 346}, {"x": 688, "y": 346}, {"x": 688, "y": 365}, {"x": 632, "y": 365}]}}], [{"confidence": 0.98999995, "description": "1", "boundingPoly": {"vertices": [{"x": 81, "y": 384}, {"x": 90, "y": 384}, {"x": 90, "y": 398}, {"x": 81, "y": 398}]}}, {"confidence": 0.98999995, "description": "Front", "boundingPoly": {"vertices": [{"x": 126, "y": 383}, {"x": 160, "y": 383}, {"x": 160, "y": 398}, {"x": 126, "y": 398}]}}, {"confidence": 0.98999995, "description": "and", "boundingPoly": {"vertices": [{"x": 159, "y": 384}, {"x": 183, "y": 384}, {"x": 183, "y": 398}, {"x": 159, "y": 398}]}}, {"confidence": 0.98999995, "description": "rear", "boundingPoly": {"vertices": [{"x": 184, "y": 385}, {"x": 210, "y": 385}, {"x": 210, "y": 398}, {"x": 184, "y": 398}]}}, {"confidence": 0.98999995, "description": "brake", "boundingPoly": {"vertices": [{"x": 209, "y": 383}, {"x": 245, "y": 383}, {"x": 245, "y": 398}, {"x": 209, "y": 398}]}}, {"confidence": 0.52, "description": "cables", "boundingPoly": {"vertices": [{"x": 244, "y": 384}, {"x": 285, "y": 384}, {"x": 285, "y": 398}, {"x": 244, "y": 398}]}}, {"confidence": 0.76, "description": "100.00", "boundingPoly": {"vertices": [{"x": 482, "y": 383}, {"x": 524, "y": 383}, {"x": 524, "y": 398}, {"x": 482, "y": 398}]}}, {"confidence": 0.75, "description": "100.00", "boundingPoly": {"vertices": [{"x": 646, "y": 383}, {"x": 687, "y": 383}, {"x": 687, "y": 398}, {"x": 646, "y": 398}]}}], [{"confidence": 0.98999995, "description": "2", "boundingPoly": {"vertices": [{"x": 80, "y": 416}, {"x": 92, "y": 416}, {"x": 92, "y": 431}, {"x": 80, "y": 431}]}}, {"confidence": 0.98999995, "description": "New", "boundingPoly": {"vertices": [{"x": 126, "y": 416}, {"x": 156, "y": 416}, {"x": 156, "y": 430}, {"x": 126, "y": 430}]}}, {"confidence": 0.98999995, "description": "set", "boundingPoly": {"vertices": [{"x": 155, "y": 417}, {"x": 175, "y": 417}, {"x": 175, "y": 430}, {"x": 155, "y": 430}]}}, {"confidence": 0.98999995, "description": "of", "boundingPoly": {"vertices": [{"x": 175, "y": 416}, {"x": 190, "y": 416}, {"x": 190, "y": 431}, {"x": 175, "y": 431}]}}, {"confidence": 0.98999995, "description": "pedal", "boundingPoly": {"vertices": [{"x": 189, "y": 416}, {"x": 224, "y": 416}, {"x": 224, "y": 434}, {"x": 189, "y": 434}]}}, {"confidence": 0.61, "description": "arms", "boundingPoly": {"vertices": [{"x": 223, "y": 418}, {"x": 255, "y": 418}, {"x": 255, "y": 430}, {"x": 223, "y": 430}]}}, {"confidence": 0.98999995, "description": "15.00", "boundingPoly": {"vertices": [{"x": 489, "y": 416}, {"x": 524, "y": 416}, {"x": 524, "y": 431}, {"x": 489, "y": 431}]}}, {"confidence": 0.98999995, "description": "30.00", "boundingPoly": {"vertices": [{"x": 652, "y": 416}, {"x": 687, "y": 416}, {"x": 687, "y": 431}, {"x": 652, "y": 431}]}}], [{"confidence": 0.98999995, "description": "3", "boundingPoly": {"vertices": [{"x": 80, "y": 448}, {"x": 92, "y": 448}, {"x": 92, "y": 463}, {"x": 80, "y": 463}]}}, {"confidence": 0.98999995, "description": "Labor", "boundingPoly": {"vertices": [{"x": 126, "y": 448}, {"x": 162, "y": 448}, {"x": 162, "y": 463}, {"x": 126, "y": 463}]}}, {"confidence": 0.98999995, "description": "3hrs", "boundingPoly": {"vertices": [{"x": 161, "y": 448}, {"x": 190, "y": 448}, {"x": 190, "y": 463}, {"x": 161, "y": 463}]}}, {"confidence": 0.98999995, "description": "5.00", "boundingPoly": {"vertices": [{"x": 495, "y": 448}, {"x": 524, "y": 448}, {"x": 524, "y": 463}, {"x": 495, "y": 463}]}}, {"confidence": 0.98999995, "description": "15.00", "boundingPoly": {"vertices": [{"x": 652, "y": 448}, {"x": 688, "y": 448}, {"x": 688, "y": 463}, {"x": 652, "y": 463}]}}], [{"confidence": 0.849999964, "description": "Subtotal", "boundingPoly": {"vertices": [{"x": 474, "y": 492}, {"x": 524, "y": 492}, {"x": 524, "y": 507}, {"x": 474, "y": 507}]}}, {"confidence": 0.55, "description": "145.00", "boundingPoly": {"vertices": [{"x": 645, "y": 493}, {"x": 687, "y": 493}, {"x": 687, "y": 507}, {"x": 645, "y": 507}]}}], [{"confidence": 0.98999995, "description": "Sales", "boundingPoly": {"vertices": [{"x": 425, "y": 525}, {"x": 460, "y": 525}, {"x": 460, "y": 540}, {"x": 425, "y": 540}]}}, {"confidence": 0.98999995, "description": "Tax", "boundingPoly": {"vertices": [{"x": 460, "y": 525}, {"x": 484, "y": 525}, {"x": 484, "y": 539}, {"x": 460, "y": 539}]}}, {"confidence": 0.81, "description": "6.25%", "boundingPoly": {"vertices": [{"x": 484, "y": 525}, {"x": 524, "y": 525}, {"x": 524, "y": 540}, {"x": 484, "y": 540}]}}, {"confidence": 0.98999995, "description": "9.06", "boundingPoly": {"vertices": [{"x": 659, "y": 525}, {"x": 688, "y": 525}, {"x": 688, "y": 539}, {"x": 659, "y": 539}]}}], [{"confidence": 0.98999995, "description": "TOTAL", "boundingPoly": {"vertices": [{"x": 478, "y": 554}, {"x": 524, "y": 554}, {"x": 524, "y": 575}, {"x": 478, "y": 575}]}}, {"confidence": 0.83, "description": "$154.06", "boundingPoly": {"vertices": [{"x": 624, "y": 553}, {"x": 687, "y": 553}, {"x": 687, "y": 576}, {"x": 624, "y": 576}]}}], [{"confidence": 0.0, "description": "SNNSAt", "boundingPoly": {"vertices": [{"x": 559, "y": 628}, {"x": 700, "y": 628}, {"x": 700, "y": 683}, {"x": 559, "y": 683}]}}], [{"confidence": 0.98999995, "description": "TERMS", "boundingPoly": {"vertices": [{"x": 387, "y": 908}, {"x": 432, "y": 908}, {"x": 432, "y": 928}, {"x": 387, "y": 928}]}}, {"confidence": 0.669999957, "description": "a", "boundingPoly": {"vertices": [{"x": 432, "y": 908}, {"x": 444, "y": 908}, {"x": 444, "y": 928}, {"x": 432, "y": 928}]}}, {"confidence": 0.93, "description": "CONDITIONS", "boundingPoly": {"vertices": [{"x": 443, "y": 908}, {"x": 519, "y": 908}, {"x": 519, "y": 928}, {"x": 443, "y": 928}]}}], [{"confidence": 0.52, "description": "Payment", "boundingPoly": {"vertices": [{"x": 388, "y": 956}, {"x": 441, "y": 956}, {"x": 441, "y": 974}, {"x": 388, "y": 974}]}}, {"confidence": 0.979999959, "description": "is", "boundingPoly": {"vertices": [{"x": 440, "y": 956}, {"x": 454, "y": 956}, {"x": 454, "y": 971}, {"x": 440, "y": 971}]}}, {"confidence": 0.98999995, "description": "due", "boundingPoly": {"vertices": [{"x": 453, "y": 956}, {"x": 478, "y": 956}, {"x": 478, "y": 971}, {"x": 453, "y": 971}]}}, {"confidence": 0.98999995, "description": "within", "boundingPoly": {"vertices": [{"x": 478, "y": 956}, {"x": 514, "y": 956}, {"x": 514, "y": 971}, {"x": 478, "y": 971}]}}, {"confidence": 0.98999995, "description": "15", "boundingPoly": {"vertices": [{"x": 515, "y": 956}, {"x": 531, "y": 956}, {"x": 531, "y": 971}, {"x": 515, "y": 971}]}}, {"confidence": 0.95, "description": "days", "boundingPoly": {"vertices": [{"x": 531, "y": 957}, {"x": 562, "y": 957}, {"x": 562, "y": 974}, {"x": 531, "y": 974}]}}], [{"confidence": 0.17, "description": "Ohanh", "boundingPoly": {"vertices": [{"x": 119, "y": 953}, {"x": 279, "y": 953}, {"x": 279, "y": 1009}, {"x": 119, "y": 1009}]}}, {"confidence": 0.5, "description": "you", "boundingPoly": {"vertices": [{"x": 288, "y": 971}, {"x": 383, "y": 971}, {"x": 383, "y": 1026}, {"x": 288, "y": 1026}]}}, {"confidence": 0.75, "description": "Please", "boundingPoly": {"vertices": [{"x": 388, "y": 992}, {"x": 430, "y": 992}, {"x": 430, "y": 1007}, {"x": 388, "y": 1007}]}}, {"confidence": 0.98999995, "description": "make", "boundingPoly": {"vertices": [{"x": 429, "y": 992}, {"x": 464, "y": 992}, {"x": 464, "y": 1007}, {"x": 429, "y": 1007}]}}, {"confidence": 0.69, "description": "checks", "boundingPoly": {"vertices": [{"x": 464, "y": 992}, {"x": 507, "y": 992}, {"x": 507, "y": 1007}, {"x": 464, "y": 1007}]}}, {"confidence": 0.68, "description": "payable", "boundingPoly": {"vertices": [{"x": 507, "y": 992}, {"x": 555, "y": 992}, {"x": 555, "y": 1010}, {"x": 507, "y": 1010}]}}, {"confidence": 0.98999995, "description": "to:", "boundingPoly": {"vertices": [{"x": 553, "y": 993}, {"x": 572, "y": 993}, {"x": 572, "y": 1007}, {"x": 553, "y": 1007}]}}, {"confidence": 0.98999995, "description": "East", "boundingPoly": {"vertices": [{"x": 572, "y": 992}, {"x": 601, "y": 992}, {"x": 601, "y": 1007}, {"x": 572, "y": 1007}]}}, {"confidence": 0.98999995, "description": "Repair", "boundingPoly": {"vertices": [{"x": 601, "y": 993}, {"x": 642, "y": 993}, {"x": 642, "y": 1009}, {"x": 601, "y": 1009}]}}, {"confidence": 0.98999995, "description": "Inc.", "boundingPoly": {"vertices": [{"x": 642, "y": 993}, {"x": 665, "y": 993}, {"x": 665, "y": 1007}, {"x": 642, "y": 1007}]}}]], "width": 750, "height": 1061}], "page_count": 1}