{"api_version": "1.2", "fields": {"page_size": [[750, 1061]], "name": {"multi_page": {"0": {"value": "East Repair Inc.", "value_raw": "East Repair Inc.", "confidence": 0.8839569091796875, "boxes": [{"description": "East", "boundingPoly": {"vertices": [{"x": 245.0, "y": 75.0}, {"x": 318.0, "y": 75.0}, {"x": 318.0, "y": 107.0}, {"x": 245.0, "y": 107.0}]}, "line": 0}, {"description": "Repair", "boundingPoly": {"vertices": [{"x": 324.0, "y": 75.0}, {"x": 432.0, "y": 75.0}, {"x": 432.0, "y": 113.0}, {"x": 324.0, "y": 113.0}]}, "line": 0}, {"description": "Inc.", "boundingPoly": {"vertices": [{"x": 437.0, "y": 75.0}, {"x": 497.0, "y": 75.0}, {"x": 497.0, "y": 108.0}, {"x": 437.0, "y": 108.0}]}, "line": 0}], "page": 0}}, "value": "East Repair Inc.", "value_raw": "East Repair Inc.", "confidence": 0.8839569091796875, "boxes": [{"description": "East", "boundingPoly": {"vertices": [{"x": 245.0, "y": 75.0}, {"x": 318.0, "y": 75.0}, {"x": 318.0, "y": 107.0}, {"x": 245.0, "y": 107.0}]}, "line": 0}, {"description": "Repair", "boundingPoly": {"vertices": [{"x": 324.0, "y": 75.0}, {"x": 432.0, "y": 75.0}, {"x": 432.0, "y": 113.0}, {"x": 324.0, "y": 113.0}]}, "line": 0}, {"description": "Inc.", "boundingPoly": {"vertices": [{"x": 437.0, "y": 75.0}, {"x": 497.0, "y": 75.0}, {"x": 497.0, "y": 108.0}, {"x": 437.0, "y": 108.0}]}, "line": 0}], "page": 0}, "vendor-addr": {"multi_page": {"0": {"value": "1912 Harvest Lane New York, NY 12210", "value_raw": "1912 Harvest Lane New York, NY 12210", "confidence": 0.9691275358200073, "boxes": [{"description": "1912", "boundingPoly": {"vertices": [{"x": 319.0, "y": 118.0}, {"x": 351.0, "y": 118.0}, {"x": 351.0, "y": 132.0}, {"x": 319.0, "y": 132.0}]}, "line": 1}, {"description": "Harvest", "boundingPoly": {"vertices": [{"x": 350.0, "y": 118.0}, {"x": 397.0, "y": 118.0}, {"x": 397.0, "y": 133.0}, {"x": 350.0, "y": 133.0}]}, "line": 1}, {"description": "Lane", "boundingPoly": {"vertices": [{"x": 396.0, "y": 119.0}, {"x": 429.0, "y": 119.0}, {"x": 429.0, "y": 132.0}, {"x": 396.0, "y": 132.0}]}, "line": 1}, {"description": "New", "boundingPoly": {"vertices": [{"x": 315.0, "y": 132.0}, {"x": 344.0, "y": 132.0}, {"x": 344.0, "y": 147.0}, {"x": 315.0, "y": 147.0}]}, "line": 2}, {"description": "York,", "boundingPoly": {"vertices": [{"x": 343.0, "y": 132.0}, {"x": 376.0, "y": 132.0}, {"x": 376.0, "y": 148.0}, {"x": 343.0, "y": 148.0}]}, "line": 2}, {"description": "NY", "boundingPoly": {"vertices": [{"x": 376.0, "y": 132.0}, {"x": 398.0, "y": 132.0}, {"x": 398.0, "y": 147.0}, {"x": 376.0, "y": 147.0}]}, "line": 2}, {"description": "12210", "boundingPoly": {"vertices": [{"x": 397.0, "y": 132.0}, {"x": 436.0, "y": 132.0}, {"x": 436.0, "y": 147.0}, {"x": 397.0, "y": 147.0}]}, "line": 2}], "page": 0}}, "value": "1912 Harvest Lane New York, NY 12210", "value_raw": "1912 Harvest Lane New York, NY 12210", "confidence": 0.9691275358200073, "boxes": [{"description": "1912", "boundingPoly": {"vertices": [{"x": 319.0, "y": 118.0}, {"x": 351.0, "y": 118.0}, {"x": 351.0, "y": 132.0}, {"x": 319.0, "y": 132.0}]}, "line": 1}, {"description": "Harvest", "boundingPoly": {"vertices": [{"x": 350.0, "y": 118.0}, {"x": 397.0, "y": 118.0}, {"x": 397.0, "y": 133.0}, {"x": 350.0, "y": 133.0}]}, "line": 1}, {"description": "Lane", "boundingPoly": {"vertices": [{"x": 396.0, "y": 119.0}, {"x": 429.0, "y": 119.0}, {"x": 429.0, "y": 132.0}, {"x": 396.0, "y": 132.0}]}, "line": 1}, {"description": "New", "boundingPoly": {"vertices": [{"x": 315.0, "y": 132.0}, {"x": 344.0, "y": 132.0}, {"x": 344.0, "y": 147.0}, {"x": 315.0, "y": 147.0}]}, "line": 2}, {"description": "York,", "boundingPoly": {"vertices": [{"x": 343.0, "y": 132.0}, {"x": 376.0, "y": 132.0}, {"x": 376.0, "y": 148.0}, {"x": 343.0, "y": 148.0}]}, "line": 2}, {"description": "NY", "boundingPoly": {"vertices": [{"x": 376.0, "y": 132.0}, {"x": 398.0, "y": 132.0}, {"x": 398.0, "y": 147.0}, {"x": 376.0, "y": 147.0}]}, "line": 2}, {"description": "12210", "boundingPoly": {"vertices": [{"x": 397.0, "y": 132.0}, {"x": 436.0, "y": 132.0}, {"x": 436.0, "y": 147.0}, {"x": 397.0, "y": 147.0}]}, "line": 2}], "page": 0}, "billing-name": {"multi_page": {"0": {"value": "John Smith", "value_raw": "John Smith", "confidence": 0.9680498838424683, "boxes": [{"description": "John", "boundingPoly": {"vertices": [{"x": 70.0, "y": 209.0}, {"x": 102.0, "y": 209.0}, {"x": 102.0, "y": 223.0}, {"x": 70.0, "y": 223.0}]}, "line": 4}, {"description": "Smith", "boundingPoly": {"vertices": [{"x": 102.0, "y": 209.0}, {"x": 138.0, "y": 209.0}, {"x": 138.0, "y": 223.0}, {"x": 102.0, "y": 223.0}]}, "line": 4}], "page": 0}}, "value": "John Smith", "value_raw": "John Smith", "confidence": 0.9680498838424683, "boxes": [{"description": "John", "boundingPoly": {"vertices": [{"x": 70.0, "y": 209.0}, {"x": 102.0, "y": 209.0}, {"x": 102.0, "y": 223.0}, {"x": 70.0, "y": 223.0}]}, "line": 4}, {"description": "Smith", "boundingPoly": {"vertices": [{"x": 102.0, "y": 209.0}, {"x": 138.0, "y": 209.0}, {"x": 138.0, "y": 223.0}, {"x": 102.0, "y": 223.0}]}, "line": 4}], "page": 0}, "billing-addr": {"multi_page": {"0": {"value": "2 Court Square New York, NY 12210", "value_raw": "2 Court Square New York, NY 12210", "confidence": 0.9778790771961212, "boxes": [{"description": "2", "boundingPoly": {"vertices": [{"x": 70.0, "y": 223.0}, {"x": 83.0, "y": 223.0}, {"x": 83.0, "y": 236.0}, {"x": 70.0, "y": 236.0}]}, "line": 5}, {"description": "Court", "boundingPoly": {"vertices": [{"x": 82.0, "y": 223.0}, {"x": 116.0, "y": 223.0}, {"x": 116.0, "y": 237.0}, {"x": 82.0, "y": 237.0}]}, "line": 5}, {"description": "Square", "boundingPoly": {"vertices": [{"x": 116.0, "y": 224.0}, {"x": 160.0, "y": 224.0}, {"x": 160.0, "y": 239.0}, {"x": 116.0, "y": 239.0}]}, "line": 5}, {"description": "New", "boundingPoly": {"vertices": [{"x": 71.0, "y": 238.0}, {"x": 100.0, "y": 238.0}, {"x": 100.0, "y": 252.0}, {"x": 71.0, "y": 252.0}]}, "line": 6}, {"description": "York,", "boundingPoly": {"vertices": [{"x": 99.0, "y": 237.0}, {"x": 132.0, "y": 237.0}, {"x": 132.0, "y": 253.0}, {"x": 99.0, "y": 253.0}]}, "line": 6}, {"description": "NY", "boundingPoly": {"vertices": [{"x": 133.0, "y": 238.0}, {"x": 153.0, "y": 238.0}, {"x": 153.0, "y": 252.0}, {"x": 133.0, "y": 252.0}]}, "line": 6}, {"description": "12210", "boundingPoly": {"vertices": [{"x": 153.0, "y": 238.0}, {"x": 192.0, "y": 238.0}, {"x": 192.0, "y": 252.0}, {"x": 153.0, "y": 252.0}]}, "line": 6}], "page": 0}}, "value": "2 Court Square New York, NY 12210", "value_raw": "2 Court Square New York, NY 12210", "confidence": 0.9778790771961212, "boxes": [{"description": "2", "boundingPoly": {"vertices": [{"x": 70.0, "y": 223.0}, {"x": 83.0, "y": 223.0}, {"x": 83.0, "y": 236.0}, {"x": 70.0, "y": 236.0}]}, "line": 5}, {"description": "Court", "boundingPoly": {"vertices": [{"x": 82.0, "y": 223.0}, {"x": 116.0, "y": 223.0}, {"x": 116.0, "y": 237.0}, {"x": 82.0, "y": 237.0}]}, "line": 5}, {"description": "Square", "boundingPoly": {"vertices": [{"x": 116.0, "y": 224.0}, {"x": 160.0, "y": 224.0}, {"x": 160.0, "y": 239.0}, {"x": 116.0, "y": 239.0}]}, "line": 5}, {"description": "New", "boundingPoly": {"vertices": [{"x": 71.0, "y": 238.0}, {"x": 100.0, "y": 238.0}, {"x": 100.0, "y": 252.0}, {"x": 71.0, "y": 252.0}]}, "line": 6}, {"description": "York,", "boundingPoly": {"vertices": [{"x": 99.0, "y": 237.0}, {"x": 132.0, "y": 237.0}, {"x": 132.0, "y": 253.0}, {"x": 99.0, "y": 253.0}]}, "line": 6}, {"description": "NY", "boundingPoly": {"vertices": [{"x": 133.0, "y": 238.0}, {"x": 153.0, "y": 238.0}, {"x": 153.0, "y": 252.0}, {"x": 133.0, "y": 252.0}]}, "line": 6}, {"description": "12210", "boundingPoly": {"vertices": [{"x": 153.0, "y": 238.0}, {"x": 192.0, "y": 238.0}, {"x": 192.0, "y": 252.0}, {"x": 153.0, "y": 252.0}]}, "line": 6}], "page": 0}, "shipping-addr": {"multi_page": {"0": {"value": "John Smith 3787 Pineview Drive Cambridge, MA 12210", "value_raw": "John Smith 3787 Pineview Drive Cambridge, MA 12210", "confidence": 0.977081835269928, "boxes": [{"description": "John", "boundingPoly": {"vertices": [{"x": 245.0, "y": 209.0}, {"x": 277.0, "y": 209.0}, {"x": 277.0, "y": 224.0}, {"x": 245.0, "y": 224.0}]}, "line": 4}, {"description": "Smith", "boundingPoly": {"vertices": [{"x": 276.0, "y": 208.0}, {"x": 312.0, "y": 208.0}, {"x": 312.0, "y": 223.0}, {"x": 276.0, "y": 223.0}]}, "line": 4}, {"description": "3787", "boundingPoly": {"vertices": [{"x": 245.0, "y": 223.0}, {"x": 277.0, "y": 223.0}, {"x": 277.0, "y": 238.0}, {"x": 245.0, "y": 238.0}]}, "line": 5}, {"description": "Pineview", "boundingPoly": {"vertices": [{"x": 277.0, "y": 223.0}, {"x": 331.0, "y": 223.0}, {"x": 331.0, "y": 238.0}, {"x": 277.0, "y": 238.0}]}, "line": 5}, {"description": "Drive", "boundingPoly": {"vertices": [{"x": 331.0, "y": 223.0}, {"x": 364.0, "y": 223.0}, {"x": 364.0, "y": 238.0}, {"x": 331.0, "y": 238.0}]}, "line": 5}, {"description": "Cambridge,", "boundingPoly": {"vertices": [{"x": 246.0, "y": 238.0}, {"x": 314.0, "y": 238.0}, {"x": 314.0, "y": 255.0}, {"x": 246.0, "y": 255.0}]}, "line": 6}, {"description": "MA", "boundingPoly": {"vertices": [{"x": 313.0, "y": 237.0}, {"x": 337.0, "y": 237.0}, {"x": 337.0, "y": 252.0}, {"x": 313.0, "y": 252.0}]}, "line": 6}, {"description": "12210", "boundingPoly": {"vertices": [{"x": 336.0, "y": 237.0}, {"x": 375.0, "y": 237.0}, {"x": 375.0, "y": 252.0}, {"x": 336.0, "y": 252.0}]}, "line": 6}], "page": 0}}, "value": "John Smith 3787 Pineview Drive Cambridge, MA 12210", "value_raw": "John Smith 3787 Pineview Drive Cambridge, MA 12210", "confidence": 0.977081835269928, "boxes": [{"description": "John", "boundingPoly": {"vertices": [{"x": 245.0, "y": 209.0}, {"x": 277.0, "y": 209.0}, {"x": 277.0, "y": 224.0}, {"x": 245.0, "y": 224.0}]}, "line": 4}, {"description": "Smith", "boundingPoly": {"vertices": [{"x": 276.0, "y": 208.0}, {"x": 312.0, "y": 208.0}, {"x": 312.0, "y": 223.0}, {"x": 276.0, "y": 223.0}]}, "line": 4}, {"description": "3787", "boundingPoly": {"vertices": [{"x": 245.0, "y": 223.0}, {"x": 277.0, "y": 223.0}, {"x": 277.0, "y": 238.0}, {"x": 245.0, "y": 238.0}]}, "line": 5}, {"description": "Pineview", "boundingPoly": {"vertices": [{"x": 277.0, "y": 223.0}, {"x": 331.0, "y": 223.0}, {"x": 331.0, "y": 238.0}, {"x": 277.0, "y": 238.0}]}, "line": 5}, {"description": "Drive", "boundingPoly": {"vertices": [{"x": 331.0, "y": 223.0}, {"x": 364.0, "y": 223.0}, {"x": 364.0, "y": 238.0}, {"x": 331.0, "y": 238.0}]}, "line": 5}, {"description": "Cambridge,", "boundingPoly": {"vertices": [{"x": 246.0, "y": 238.0}, {"x": 314.0, "y": 238.0}, {"x": 314.0, "y": 255.0}, {"x": 246.0, "y": 255.0}]}, "line": 6}, {"description": "MA", "boundingPoly": {"vertices": [{"x": 313.0, "y": 237.0}, {"x": 337.0, "y": 237.0}, {"x": 337.0, "y": 252.0}, {"x": 313.0, "y": 252.0}]}, "line": 6}, {"description": "12210", "boundingPoly": {"vertices": [{"x": 336.0, "y": 237.0}, {"x": 375.0, "y": 237.0}, {"x": 375.0, "y": 252.0}, {"x": 336.0, "y": 252.0}]}, "line": 6}], "page": 0}, "invoice-no": {"multi_page": {"0": {"value": "US-001", "value_raw": "US-001", "confidence": 0.9312365055084229, "boxes": [{"description": "US-001", "boundingPoly": {"vertices": [{"x": 633.0, "y": 184.0}, {"x": 678.0, "y": 184.0}, {"x": 678.0, "y": 200.0}, {"x": 633.0, "y": 200.0}]}, "line": 3}], "page": 0}}, "value": "US-001", "value_raw": "US-001", "confidence": 0.9312365055084229, "boxes": [{"description": "US-001", "boundingPoly": {"vertices": [{"x": 633.0, "y": 184.0}, {"x": 678.0, "y": 184.0}, {"x": 678.0, "y": 200.0}, {"x": 633.0, "y": 200.0}]}, "line": 3}], "page": 0}, "po-no": {"multi_page": {}, "value": "", "value_raw": "", "confidence": 0.0, "boxes": [], "page": 0}, "vendor-vat-no": {"multi_page": {}, "value": "", "value_raw": "", "confidence": 0.0, "boxes": [], "page": 0}, "date": {"multi_page": {"0": {"value": "2019-11-02", "value_raw": "11/02/2019", "confidence": 0.9746243357658386, "boxes": [{"description": "11/02/2019", "boundingPoly": {"vertices": [{"x": 613.0, "y": 207.0}, {"x": 680.0, "y": 207.0}, {"x": 680.0, "y": 223.0}, {"x": 613.0, "y": 223.0}]}, "line": 4}], "date_potentially_ambiguous": true, "page": 0}}, "value": "2019-02-11", "value_raw": "11/02/2019", "confidence": 0.9746243357658386, "boxes": [{"description": "11/02/2019", "boundingPoly": {"vertices": [{"x": 613.0, "y": 207.0}, {"x": 680.0, "y": 207.0}, {"x": 680.0, "y": 223.0}, {"x": 613.0, "y": 223.0}]}, "line": 4}], "page": 0}, "tax": {"multi_page": {"0": {"value": "9.06", "value_raw": "9.06", "confidence": 0.9229105114936829, "boxes": [{"description": "9.06", "boundingPoly": {"vertices": [{"x": 652.0, "y": 438.0}, {"x": 680.0, "y": 438.0}, {"x": 680.0, "y": 453.0}, {"x": 652.0, "y": 453.0}]}, "line": 13}], "page": 0}}, "value": "9.06", "value_raw": "9.06", "confidence": 0.9229105114936829, "boxes": [{"description": "9.06", "boundingPoly": {"vertices": [{"x": 652.0, "y": 438.0}, {"x": 680.0, "y": 438.0}, {"x": 680.0, "y": 453.0}, {"x": 652.0, "y": 453.0}]}, "line": 13}], "page": 0}, "total": {"multi_page": {"0": {"value": "154.06", "value_raw": "$154.06", "confidence": 0.9733911752700806, "boxes": [{"description": "$154.06", "boundingPoly": {"vertices": [{"x": 619.0, "y": 479.0}, {"x": 674.0, "y": 479.0}, {"x": 674.0, "y": 495.0}, {"x": 619.0, "y": 495.0}]}, "line": 14}], "page": 0}}, "value": "154.06", "value_raw": "$154.06", "confidence": 0.9733911752700806, "boxes": [{"description": "$154.06", "boundingPoly": {"vertices": [{"x": 619.0, "y": 479.0}, {"x": 674.0, "y": 479.0}, {"x": 674.0, "y": 495.0}, {"x": 619.0, "y": 495.0}]}, "line": 14}], "page": 0}, "payment-terms": {"multi_page": {"0": {"value": "due within 15 days", "value_raw": "due within 15 days", "confidence": 0.6639863848686218, "boxes": [{"description": "due", "boundingPoly": {"vertices": [{"x": 136.0, "y": 940.0}, {"x": 161.0, "y": 940.0}, {"x": 161.0, "y": 955.0}, {"x": 136.0, "y": 955.0}]}, "line": 17}, {"description": "within", "boundingPoly": {"vertices": [{"x": 161.0, "y": 940.0}, {"x": 197.0, "y": 940.0}, {"x": 197.0, "y": 955.0}, {"x": 161.0, "y": 955.0}]}, "line": 17}, {"description": "15", "boundingPoly": {"vertices": [{"x": 198.0, "y": 940.0}, {"x": 214.0, "y": 940.0}, {"x": 214.0, "y": 955.0}, {"x": 198.0, "y": 955.0}]}, "line": 17}, {"description": "days", "boundingPoly": {"vertices": [{"x": 214.0, "y": 941.0}, {"x": 245.0, "y": 941.0}, {"x": 245.0, "y": 958.0}, {"x": 214.0, "y": 958.0}]}, "line": 17}], "page": 0}}, "value": "due within 15 days", "value_raw": "due within 15 days", "confidence": 0.6639863848686218, "boxes": [{"description": "due", "boundingPoly": {"vertices": [{"x": 136.0, "y": 940.0}, {"x": 161.0, "y": 940.0}, {"x": 161.0, "y": 955.0}, {"x": 136.0, "y": 955.0}]}, "line": 17}, {"description": "within", "boundingPoly": {"vertices": [{"x": 161.0, "y": 940.0}, {"x": 197.0, "y": 940.0}, {"x": 197.0, "y": 955.0}, {"x": 161.0, "y": 955.0}]}, "line": 17}, {"description": "15", "boundingPoly": {"vertices": [{"x": 198.0, "y": 940.0}, {"x": 214.0, "y": 940.0}, {"x": 214.0, "y": 955.0}, {"x": 198.0, "y": 955.0}]}, "line": 17}, {"description": "days", "boundingPoly": {"vertices": [{"x": 214.0, "y": 941.0}, {"x": 245.0, "y": 941.0}, {"x": 245.0, "y": 958.0}, {"x": 214.0, "y": 958.0}]}, "line": 17}], "page": 0}, "net-amount": {"multi_page": {"0": {"value": "145.00", "value_raw": "145.00", "confidence": 0.9724978804588318, "boxes": [{"description": "145.00", "boundingPoly": {"vertices": [{"x": 638.0, "y": 421.0}, {"x": 680.0, "y": 421.0}, {"x": 680.0, "y": 435.0}, {"x": 638.0, "y": 435.0}]}, "line": 12}], "page": 0}}, "value": "145.00", "value_raw": "145.00", "confidence": 0.9724978804588318, "boxes": [{"description": "145.00", "boundingPoly": {"vertices": [{"x": 638.0, "y": 421.0}, {"x": 680.0, "y": 421.0}, {"x": 680.0, "y": 435.0}, {"x": 638.0, "y": 435.0}]}, "line": 12}], "page": 0}, "due-date": {"multi_page": {"0": {"value": "2019-02-26", "value_raw": "26/02/2019", "confidence": 0.9659295082092285, "boxes": [{"description": "26/02/2019", "boundingPoly": {"vertices": [{"x": 612.0, "y": 253.0}, {"x": 680.0, "y": 253.0}, {"x": 680.0, "y": 268.0}, {"x": 612.0, "y": 268.0}]}, "line": 7}], "date_potentially_ambiguous": false, "page": 0}}, "value": "2019-02-26", "value_raw": "26/02/2019", "confidence": 0.9659295082092285, "boxes": [{"description": "26/02/2019", "boundingPoly": {"vertices": [{"x": 612.0, "y": 253.0}, {"x": 680.0, "y": 253.0}, {"x": 680.0, "y": 268.0}, {"x": 612.0, "y": 268.0}]}, "line": 7}], "page": 0}, "discount": {"multi_page": {}, "value": "", "value_raw": "", "confidence": 0.0, "boxes": [], "page": 0}, "shipping-charges": {"multi_page": {}, "value": "", "value_raw": "", "confidence": 0.0, "boxes": [], "page": 0}, "payment-addr": {"multi_page": {}, "value": "", "value_raw": "", "confidence": 0.0, "boxes": [], "page": 0}, "billing-vat-no": {"multi_page": {}, "value": "", "value_raw": "", "confidence": 0.0, "boxes": [], "page": 0}, "items": [{"quantity": {"value": "1", "confidence": 0.913445234298706, "boxes": [{"description": "1", "boundingPoly": {"vertices": [{"x": 88.0, "y": 327.0}, {"x": 97.0, "y": 327.0}, {"x": 97.0, "y": 342.0}, {"x": 88.0, "y": 342.0}]}, "line": 9}], "page": 0}, "description": {"value": "Front and rear brake cables", "confidence": 0.9757620692253113, "boxes": [{"description": "Front", "boundingPoly": {"vertices": [{"x": 138.0, "y": 327.0}, {"x": 172.0, "y": 327.0}, {"x": 172.0, "y": 342.0}, {"x": 138.0, "y": 342.0}]}, "line": 9}, {"description": "and", "boundingPoly": {"vertices": [{"x": 171.0, "y": 328.0}, {"x": 196.0, "y": 328.0}, {"x": 196.0, "y": 341.0}, {"x": 171.0, "y": 341.0}]}, "line": 9}, {"description": "rear", "boundingPoly": {"vertices": [{"x": 196.0, "y": 329.0}, {"x": 222.0, "y": 329.0}, {"x": 222.0, "y": 342.0}, {"x": 196.0, "y": 342.0}]}, "line": 9}, {"description": "brake", "boundingPoly": {"vertices": [{"x": 221.0, "y": 327.0}, {"x": 257.0, "y": 327.0}, {"x": 257.0, "y": 342.0}, {"x": 221.0, "y": 342.0}]}, "line": 9}, {"description": "cables", "boundingPoly": {"vertices": [{"x": 256.0, "y": 327.0}, {"x": 297.0, "y": 327.0}, {"x": 297.0, "y": 342.0}, {"x": 256.0, "y": 342.0}]}, "line": 9}], "page": 0}, "unit-price": {"value": "100.00", "confidence": 0.9950474500656128, "boxes": [{"description": "100.00", "boundingPoly": {"vertices": [{"x": 516.0, "y": 327.0}, {"x": 557.0, "y": 327.0}, {"x": 557.0, "y": 342.0}, {"x": 516.0, "y": 342.0}]}, "line": 9}], "page": 0}, "line-amount": {"value": "100.00", "confidence": 0.9900187253952026, "boxes": [{"description": "100.00", "boundingPoly": {"vertices": [{"x": 638.0, "y": 327.0}, {"x": 680.0, "y": 327.0}, {"x": 680.0, "y": 342.0}, {"x": 638.0, "y": 342.0}]}, "line": 9}], "page": 0}, "item-po-no": {"value": "", "confidence": 0.0, "boxes": [], "page": 0}, "line-no": {"value": "", "confidence": 0.0, "boxes": [], "page": 0}, "part-no": {"value": "", "confidence": 0.0, "boxes": [], "page": 0}}, {"quantity": {"value": "2", "confidence": 0.9028012752532959, "boxes": [{"description": "2", "boundingPoly": {"vertices": [{"x": 86.0, "y": 349.0}, {"x": 99.0, "y": 349.0}, {"x": 99.0, "y": 364.0}, {"x": 86.0, "y": 364.0}]}, "line": 10}], "page": 0}, "description": {"value": "New set of pedal arms", "confidence": 0.9802433848381042, "boxes": [{"description": "New", "boundingPoly": {"vertices": [{"x": 138.0, "y": 349.0}, {"x": 168.0, "y": 349.0}, {"x": 168.0, "y": 364.0}, {"x": 138.0, "y": 364.0}]}, "line": 10}, {"description": "set", "boundingPoly": {"vertices": [{"x": 167.0, "y": 350.0}, {"x": 187.0, "y": 350.0}, {"x": 187.0, "y": 364.0}, {"x": 167.0, "y": 364.0}]}, "line": 10}, {"description": "of", "boundingPoly": {"vertices": [{"x": 187.0, "y": 349.0}, {"x": 201.0, "y": 349.0}, {"x": 201.0, "y": 364.0}, {"x": 187.0, "y": 364.0}]}, "line": 10}, {"description": "pedal", "boundingPoly": {"vertices": [{"x": 201.0, "y": 350.0}, {"x": 235.0, "y": 350.0}, {"x": 235.0, "y": 366.0}, {"x": 201.0, "y": 366.0}]}, "line": 10}, {"description": "arms", "boundingPoly": {"vertices": [{"x": 236.0, "y": 352.0}, {"x": 267.0, "y": 352.0}, {"x": 267.0, "y": 364.0}, {"x": 236.0, "y": 364.0}]}, "line": 10}], "page": 0}, "unit-price": {"value": "15.00", "confidence": 0.9922662377357483, "boxes": [{"description": "15.00", "boundingPoly": {"vertices": [{"x": 522.0, "y": 349.0}, {"x": 557.0, "y": 349.0}, {"x": 557.0, "y": 364.0}, {"x": 522.0, "y": 364.0}]}, "line": 10}], "page": 0}, "line-amount": {"value": "30.00", "confidence": 0.9894680380821228, "boxes": [{"description": "30.00", "boundingPoly": {"vertices": [{"x": 644.0, "y": 349.0}, {"x": 680.0, "y": 349.0}, {"x": 680.0, "y": 364.0}, {"x": 644.0, "y": 364.0}]}, "line": 10}], "page": 0}, "item-po-no": {"value": "", "confidence": 0.0, "boxes": [], "page": 0}, "line-no": {"value": "", "confidence": 0.0, "boxes": [], "page": 0}, "part-no": {"value": "", "confidence": 0.0, "boxes": [], "page": 0}}, {"quantity": {"value": "3", "confidence": 0.8534911870956421, "boxes": [{"description": "3", "boundingPoly": {"vertices": [{"x": 87.0, "y": 371.0}, {"x": 99.0, "y": 371.0}, {"x": 99.0, "y": 387.0}, {"x": 87.0, "y": 387.0}]}, "line": 11}], "page": 0}, "description": {"value": "Labor 3hrs", "confidence": 0.9822492599487305, "boxes": [{"description": "Labor", "boundingPoly": {"vertices": [{"x": 138.0, "y": 372.0}, {"x": 175.0, "y": 372.0}, {"x": 175.0, "y": 386.0}, {"x": 138.0, "y": 386.0}]}, "line": 11}, {"description": "3hrs", "boundingPoly": {"vertices": [{"x": 173.0, "y": 372.0}, {"x": 203.0, "y": 372.0}, {"x": 203.0, "y": 386.0}, {"x": 173.0, "y": 386.0}]}, "line": 11}], "page": 0}, "unit-price": {"value": "5.00", "confidence": 0.9847139716148376, "boxes": [{"description": "5.00", "boundingPoly": {"vertices": [{"x": 528.0, "y": 372.0}, {"x": 557.0, "y": 372.0}, {"x": 557.0, "y": 387.0}, {"x": 528.0, "y": 387.0}]}, "line": 11}], "page": 0}, "line-amount": {"value": "15.00", "confidence": 0.9912906885147095, "boxes": [{"description": "15.00", "boundingPoly": {"vertices": [{"x": 645.0, "y": 372.0}, {"x": 680.0, "y": 372.0}, {"x": 680.0, "y": 387.0}, {"x": 645.0, "y": 387.0}]}, "line": 11}], "page": 0}, "item-po-no": {"value": "", "confidence": 0.0, "boxes": [], "page": 0}, "line-no": {"value": "", "confidence": 0.0, "boxes": [], "page": 0}, "part-no": {"value": "", "confidence": 0.0, "boxes": [], "page": 0}}], "currency": {"value": "USD", "confidence": 0.9524236917495728}}, "pages": [{"page_rotation": 0, "boxes": [[{"confidence": 0.98999995, "description": "East", "boundingPoly": {"vertices": [{"x": 245, "y": 75}, {"x": 318, "y": 75}, {"x": 318, "y": 107}, {"x": 245, "y": 107}]}}, {"confidence": 0.62, "description": "Repair", "boundingPoly": {"vertices": [{"x": 324, "y": 75}, {"x": 432, "y": 75}, {"x": 432, "y": 113}, {"x": 324, "y": 113}]}}, {"confidence": 0.98999995, "description": "Inc.", "boundingPoly": {"vertices": [{"x": 437, "y": 75}, {"x": 497, "y": 75}, {"x": 497, "y": 108}, {"x": 437, "y": 108}]}}], [{"confidence": 0.98999995, "description": "1912", "boundingPoly": {"vertices": [{"x": 319, "y": 118}, {"x": 351, "y": 118}, {"x": 351, "y": 132}, {"x": 319, "y": 132}]}}, {"confidence": 0.69, "description": "Harvest", "boundingPoly": {"vertices": [{"x": 350, "y": 118}, {"x": 397, "y": 118}, {"x": 397, "y": 133}, {"x": 350, "y": 133}]}}, {"confidence": 0.98999995, "description": "Lane", "boundingPoly": {"vertices": [{"x": 396, "y": 119}, {"x": 429, "y": 119}, {"x": 429, "y": 132}, {"x": 396, "y": 132}]}}], [{"confidence": 0.98999995, "description": "New", "boundingPoly": {"vertices": [{"x": 315, "y": 132}, {"x": 344, "y": 132}, {"x": 344, "y": 147}, {"x": 315, "y": 147}]}}, {"confidence": 0.979999959, "description": "York,", "boundingPoly": {"vertices": [{"x": 343, "y": 132}, {"x": 376, "y": 132}, {"x": 376, "y": 148}, {"x": 343, "y": 148}]}}, {"confidence": 0.98999995, "description": "NY", "boundingPoly": {"vertices": [{"x": 376, "y": 132}, {"x": 398, "y": 132}, {"x": 398, "y": 147}, {"x": 376, "y": 147}]}}, {"confidence": 0.48999998, "description": "12210", "boundingPoly": {"vertices": [{"x": 397, "y": 132}, {"x": 436, "y": 132}, {"x": 436, "y": 147}, {"x": 397, "y": 147}]}}], [{"confidence": 0.98999995, "description": "Bill", "boundingPoly": {"vertices": [{"x": 71, "y": 184}, {"x": 95, "y": 184}, {"x": 95, "y": 198}, {"x": 71, "y": 198}]}}, {"confidence": 0.98999995, "description": "To", "boundingPoly": {"vertices": [{"x": 96, "y": 184}, {"x": 117, "y": 184}, {"x": 117, "y": 198}, {"x": 96, "y": 198}]}}, {"confidence": 0.98999995, "description": "Ship", "boundingPoly": {"vertices": [{"x": 245, "y": 183}, {"x": 280, "y": 183}, {"x": 280, "y": 201}, {"x": 245, "y": 201}]}}, {"confidence": 0.98999995, "description": "To", "boundingPoly": {"vertices": [{"x": 278, "y": 183}, {"x": 300, "y": 183}, {"x": 300, "y": 198}, {"x": 278, "y": 198}]}}, {"confidence": 0.729999959, "description": "Invoice", "boundingPoly": {"vertices": [{"x": 493, "y": 183}, {"x": 545, "y": 183}, {"x": 545, "y": 199}, {"x": 493, "y": 199}]}}, {"confidence": 0.98999995, "description": "#", "boundingPoly": {"vertices": [{"x": 545, "y": 183}, {"x": 558, "y": 183}, {"x": 558, "y": 199}, {"x": 545, "y": 199}]}}, {"confidence": 0.63, "description": "US-001", "boundingPoly": {"vertices": [{"x": 633, "y": 184}, {"x": 678, "y": 184}, {"x": 678, "y": 200}, {"x": 633, "y": 200}]}}], [{"confidence": 0.98999995, "description": "John", "boundingPoly": {"vertices": [{"x": 70, "y": 209}, {"x": 102, "y": 209}, {"x": 102, "y": 223}, {"x": 70, "y": 223}]}}, {"confidence": 0.55, "description": "Smith", "boundingPoly": {"vertices": [{"x": 102, "y": 209}, {"x": 138, "y": 209}, {"x": 138, "y": 223}, {"x": 102, "y": 223}]}}, {"confidence": 0.98999995, "description": "John", "boundingPoly": {"vertices": [{"x": 245, "y": 209}, {"x": 277, "y": 209}, {"x": 277, "y": 224}, {"x": 245, "y": 224}]}}, {"confidence": 0.98999995, "description": "Smith", "boundingPoly": {"vertices": [{"x": 276, "y": 208}, {"x": 312, "y": 208}, {"x": 312, "y": 223}, {"x": 276, "y": 223}]}}, {"confidence": 0.69, "description": "Invoice", "boundingPoly": {"vertices": [{"x": 471, "y": 206}, {"x": 523, "y": 206}, {"x": 523, "y": 222}, {"x": 471, "y": 222}]}}, {"confidence": 0.98999995, "description": "Date", "boundingPoly": {"vertices": [{"x": 523, "y": 207}, {"x": 557, "y": 207}, {"x": 557, "y": 222}, {"x": 523, "y": 222}]}}, {"confidence": 0.98999995, "description": "11/02/2019", "boundingPoly": {"vertices": [{"x": 613, "y": 207}, {"x": 680, "y": 207}, {"x": 680, "y": 223}, {"x": 613, "y": 223}]}}], [{"confidence": 0.98999995, "description": "2", "boundingPoly": {"vertices": [{"x": 70, "y": 223}, {"x": 83, "y": 223}, {"x": 83, "y": 236}, {"x": 70, "y": 236}]}}, {"confidence": 0.98999995, "description": "Court", "boundingPoly": {"vertices": [{"x": 82, "y": 223}, {"x": 116, "y": 223}, {"x": 116, "y": 237}, {"x": 82, "y": 237}]}}, {"confidence": 0.399999976, "description": "Square", "boundingPoly": {"vertices": [{"x": 116, "y": 224}, {"x": 160, "y": 224}, {"x": 160, "y": 239}, {"x": 116, "y": 239}]}}, {"confidence": 0.98999995, "description": "3787", "boundingPoly": {"vertices": [{"x": 245, "y": 223}, {"x": 277, "y": 223}, {"x": 277, "y": 238}, {"x": 245, "y": 238}]}}, {"confidence": 0.919999957, "description": "Pineview", "boundingPoly": {"vertices": [{"x": 277, "y": 223}, {"x": 331, "y": 223}, {"x": 331, "y": 238}, {"x": 277, "y": 238}]}}, {"confidence": 0.98999995, "description": "Drive", "boundingPoly": {"vertices": [{"x": 331, "y": 223}, {"x": 364, "y": 223}, {"x": 364, "y": 238}, {"x": 331, "y": 238}]}}, {"confidence": 0.859999955, "description": "P.O#", "boundingPoly": {"vertices": [{"x": 518, "y": 229}, {"x": 557, "y": 229}, {"x": 557, "y": 245}, {"x": 518, "y": 245}]}}, {"confidence": 0.98999995, "description": "2312/2019", "boundingPoly": {"vertices": [{"x": 616, "y": 230}, {"x": 680, "y": 230}, {"x": 680, "y": 245}, {"x": 616, "y": 245}]}}], [{"confidence": 0.98999995, "description": "New", "boundingPoly": {"vertices": [{"x": 71, "y": 238}, {"x": 100, "y": 238}, {"x": 100, "y": 252}, {"x": 71, "y": 252}]}}, {"confidence": 0.98999995, "description": "York,", "boundingPoly": {"vertices": [{"x": 99, "y": 237}, {"x": 132, "y": 237}, {"x": 132, "y": 253}, {"x": 99, "y": 253}]}}, {"confidence": 0.98999995, "description": "NY", "boundingPoly": {"vertices": [{"x": 133, "y": 238}, {"x": 153, "y": 238}, {"x": 153, "y": 252}, {"x": 133, "y": 252}]}}, {"confidence": 0.77, "description": "12210", "boundingPoly": {"vertices": [{"x": 153, "y": 238}, {"x": 192, "y": 238}, {"x": 192, "y": 252}, {"x": 153, "y": 252}]}}, {"confidence": 0.87, "description": "Cambridge,", "boundingPoly": {"vertices": [{"x": 246, "y": 238}, {"x": 314, "y": 238}, {"x": 314, "y": 255}, {"x": 246, "y": 255}]}}, {"confidence": 0.98999995, "description": "MA", "boundingPoly": {"vertices": [{"x": 313, "y": 237}, {"x": 337, "y": 237}, {"x": 337, "y": 252}, {"x": 313, "y": 252}]}}, {"confidence": 0.48999998, "description": "12210", "boundingPoly": {"vertices": [{"x": 336, "y": 237}, {"x": 375, "y": 237}, {"x": 375, "y": 252}, {"x": 336, "y": 252}]}}], [{"confidence": 0.98999995, "description": "Due", "boundingPoly": {"vertices": [{"x": 494, "y": 253}, {"x": 523, "y": 253}, {"x": 523, "y": 267}, {"x": 494, "y": 267}]}}, {"confidence": 0.98999995, "description": "Date", "boundingPoly": {"vertices": [{"x": 523, "y": 252}, {"x": 557, "y": 252}, {"x": 557, "y": 268}, {"x": 523, "y": 268}]}}, {"confidence": 0.98999995, "description": "26/02/2019", "boundingPoly": {"vertices": [{"x": 612, "y": 253}, {"x": 680, "y": 253}, {"x": 680, "y": 268}, {"x": 612, "y": 268}]}}], [{"confidence": 0.979999959, "description": "Qty", "boundingPoly": {"vertices": [{"x": 77, "y": 297}, {"x": 104, "y": 297}, {"x": 104, "y": 315}, {"x": 77, "y": 315}]}}, {"confidence": 0.98999995, "description": "Description", "boundingPoly": {"vertices": [{"x": 236, "y": 297}, {"x": 316, "y": 297}, {"x": 316, "y": 314}, {"x": 236, "y": 314}]}}, {"confidence": 0.98999995, "description": "Unit", "boundingPoly": {"vertices": [{"x": 489, "y": 297}, {"x": 519, "y": 297}, {"x": 519, "y": 312}, {"x": 489, "y": 312}]}}, {"confidence": 0.98999995, "description": "Price", "boundingPoly": {"vertices": [{"x": 519, "y": 297}, {"x": 557, "y": 297}, {"x": 557, "y": 312}, {"x": 519, "y": 312}]}}, {"confidence": 0.98999995, "description": "Amount", "boundingPoly": {"vertices": [{"x": 616, "y": 297}, {"x": 675, "y": 297}, {"x": 675, "y": 312}, {"x": 616, "y": 312}]}}], [{"confidence": 0.98999995, "description": "1", "boundingPoly": {"vertices": [{"x": 88, "y": 327}, {"x": 97, "y": 327}, {"x": 97, "y": 342}, {"x": 88, "y": 342}]}}, {"confidence": 0.98999995, "description": "Front", "boundingPoly": {"vertices": [{"x": 138, "y": 327}, {"x": 172, "y": 327}, {"x": 172, "y": 342}, {"x": 138, "y": 342}]}}, {"confidence": 0.98999995, "description": "and", "boundingPoly": {"vertices": [{"x": 171, "y": 328}, {"x": 196, "y": 328}, {"x": 196, "y": 341}, {"x": 171, "y": 341}]}}, {"confidence": 0.98999995, "description": "rear", "boundingPoly": {"vertices": [{"x": 196, "y": 329}, {"x": 222, "y": 329}, {"x": 222, "y": 342}, {"x": 196, "y": 342}]}}, {"confidence": 0.98999995, "description": "brake", "boundingPoly": {"vertices": [{"x": 221, "y": 327}, {"x": 257, "y": 327}, {"x": 257, "y": 342}, {"x": 221, "y": 342}]}}, {"confidence": 0.77, "description": "cables", "boundingPoly": {"vertices": [{"x": 256, "y": 327}, {"x": 297, "y": 327}, {"x": 297, "y": 342}, {"x": 256, "y": 342}]}}, {"confidence": 0.76, "description": "100.00", "boundingPoly": {"vertices": [{"x": 516, "y": 327}, {"x": 557, "y": 327}, {"x": 557, "y": 342}, {"x": 516, "y": 342}]}}, {"confidence": 0.789999962, "description": "100.00", "boundingPoly": {"vertices": [{"x": 638, "y": 327}, {"x": 680, "y": 327}, {"x": 680, "y": 342}, {"x": 638, "y": 342}]}}], [{"confidence": 0.98999995, "description": "2", "boundingPoly": {"vertices": [{"x": 86, "y": 349}, {"x": 99, "y": 349}, {"x": 99, "y": 364}, {"x": 86, "y": 364}]}}, {"confidence": 0.98999995, "description": "New", "boundingPoly": {"vertices": [{"x": 138, "y": 349}, {"x": 168, "y": 349}, {"x": 168, "y": 364}, {"x": 138, "y": 364}]}}, {"confidence": 0.98999995, "description": "set", "boundingPoly": {"vertices": [{"x": 167, "y": 350}, {"x": 187, "y": 350}, {"x": 187, "y": 364}, {"x": 167, "y": 364}]}}, {"confidence": 0.98999995, "description": "of", "boundingPoly": {"vertices": [{"x": 187, "y": 349}, {"x": 201, "y": 349}, {"x": 201, "y": 364}, {"x": 187, "y": 364}]}}, {"confidence": 0.98999995, "description": "pedal", "boundingPoly": {"vertices": [{"x": 201, "y": 350}, {"x": 235, "y": 350}, {"x": 235, "y": 366}, {"x": 201, "y": 366}]}}, {"confidence": 0.98999995, "description": "arms", "boundingPoly": {"vertices": [{"x": 236, "y": 352}, {"x": 267, "y": 352}, {"x": 267, "y": 364}, {"x": 236, "y": 364}]}}, {"confidence": 0.98999995, "description": "15.00", "boundingPoly": {"vertices": [{"x": 522, "y": 349}, {"x": 557, "y": 349}, {"x": 557, "y": 364}, {"x": 522, "y": 364}]}}, {"confidence": 0.98999995, "description": "30.00", "boundingPoly": {"vertices": [{"x": 644, "y": 349}, {"x": 680, "y": 349}, {"x": 680, "y": 364}, {"x": 644, "y": 364}]}}], [{"confidence": 0.98999995, "description": "3", "boundingPoly": {"vertices": [{"x": 87, "y": 371}, {"x": 99, "y": 371}, {"x": 99, "y": 387}, {"x": 87, "y": 387}]}}, {"confidence": 0.599999964, "description": "Labor", "boundingPoly": {"vertices": [{"x": 138, "y": 372}, {"x": 175, "y": 372}, {"x": 175, "y": 386}, {"x": 138, "y": 386}]}}, {"confidence": 0.98999995, "description": "3hrs", "boundingPoly": {"vertices": [{"x": 173, "y": 372}, {"x": 203, "y": 372}, {"x": 203, "y": 386}, {"x": 173, "y": 386}]}}, {"confidence": 0.98999995, "description": "5.00", "boundingPoly": {"vertices": [{"x": 528, "y": 372}, {"x": 557, "y": 372}, {"x": 557, "y": 387}, {"x": 528, "y": 387}]}}, {"confidence": 0.98999995, "description": "15.00", "boundingPoly": {"vertices": [{"x": 645, "y": 372}, {"x": 680, "y": 372}, {"x": 680, "y": 387}, {"x": 645, "y": 387}]}}], [{"confidence": 0.979999959, "description": "Subtotal", "boundingPoly": {"vertices": [{"x": 497, "y": 420}, {"x": 557, "y": 420}, {"x": 557, "y": 435}, {"x": 497, "y": 435}]}}, {"confidence": 0.48999998, "description": "145.00", "boundingPoly": {"vertices": [{"x": 638, "y": 421}, {"x": 680, "y": 421}, {"x": 680, "y": 435}, {"x": 638, "y": 435}]}}], [{"confidence": 0.98999995, "description": "Sales", "boundingPoly": {"vertices": [{"x": 458, "y": 438}, {"x": 494, "y": 438}, {"x": 494, "y": 453}, {"x": 458, "y": 453}]}}, {"confidence": 0.98999995, "description": "Tax", "boundingPoly": {"vertices": [{"x": 492, "y": 438}, {"x": 518, "y": 438}, {"x": 518, "y": 453}, {"x": 492, "y": 453}]}}, {"confidence": 0.799999952, "description": "6.25%", "boundingPoly": {"vertices": [{"x": 517, "y": 438}, {"x": 557, "y": 438}, {"x": 557, "y": 453}, {"x": 517, "y": 453}]}}, {"confidence": 0.98999995, "description": "9.06", "boundingPoly": {"vertices": [{"x": 652, "y": 438}, {"x": 680, "y": 438}, {"x": 680, "y": 453}, {"x": 652, "y": 453}]}}], [{"confidence": 0.98999995, "description": "Total", "boundingPoly": {"vertices": [{"x": 76, "y": 479}, {"x": 114, "y": 479}, {"x": 114, "y": 494}, {"x": 76, "y": 494}]}}, {"confidence": 0.909999967, "description": "$154.06", "boundingPoly": {"vertices": [{"x": 619, "y": 479}, {"x": 674, "y": 479}, {"x": 674, "y": 495}, {"x": 619, "y": 495}]}}], [{"confidence": 0.199999988, "description": "SNN", "boundingPoly": {"vertices": [{"x": 547, "y": 541}, {"x": 599, "y": 541}, {"x": 599, "y": 575}, {"x": 547, "y": 575}]}}, {"confidence": 0.07, "description": "Swlh", "boundingPoly": {"vertices": [{"x": 595, "y": 529}, {"x": 689, "y": 529}, {"x": 689, "y": 580}, {"x": 595, "y": 580}]}}], [{"confidence": 0.849999964, "description": "Terms", "boundingPoly": {"vertices": [{"x": 70, "y": 917}, {"x": 116, "y": 917}, {"x": 116, "y": 931}, {"x": 70, "y": 931}]}}, {"confidence": 0.98999995, "description": "&", "boundingPoly": {"vertices": [{"x": 116, "y": 916}, {"x": 130, "y": 916}, {"x": 130, "y": 931}, {"x": 116, "y": 931}]}}, {"confidence": 0.979999959, "description": "Conditions", "boundingPoly": {"vertices": [{"x": 130, "y": 916}, {"x": 206, "y": 916}, {"x": 206, "y": 932}, {"x": 130, "y": 932}]}}], [{"confidence": 0.88, "description": "Payment", "boundingPoly": {"vertices": [{"x": 71, "y": 941}, {"x": 124, "y": 941}, {"x": 124, "y": 957}, {"x": 71, "y": 957}]}}, {"confidence": 0.919999957, "description": "is", "boundingPoly": {"vertices": [{"x": 124, "y": 941}, {"x": 137, "y": 941}, {"x": 137, "y": 955}, {"x": 124, "y": 955}]}}, {"confidence": 0.98999995, "description": "due", "boundingPoly": {"vertices": [{"x": 136, "y": 940}, {"x": 161, "y": 940}, {"x": 161, "y": 955}, {"x": 136, "y": 955}]}}, {"confidence": 0.98999995, "description": "within", "boundingPoly": {"vertices": [{"x": 161, "y": 940}, {"x": 197, "y": 940}, {"x": 197, "y": 955}, {"x": 161, "y": 955}]}}, {"confidence": 0.98999995, "description": "15", "boundingPoly": {"vertices": [{"x": 198, "y": 940}, {"x": 214, "y": 940}, {"x": 214, "y": 955}, {"x": 198, "y": 955}]}}, {"confidence": 0.98999995, "description": "days", "boundingPoly": {"vertices": [{"x": 214, "y": 941}, {"x": 245, "y": 941}, {"x": 245, "y": 958}, {"x": 214, "y": 958}]}}], [{"confidence": 0.58, "description": "Please", "boundingPoly": {"vertices": [{"x": 71, "y": 966}, {"x": 112, "y": 966}, {"x": 112, "y": 980}, {"x": 71, "y": 980}]}}, {"confidence": 0.98999995, "description": "make", "boundingPoly": {"vertices": [{"x": 112, "y": 965}, {"x": 148, "y": 965}, {"x": 148, "y": 980}, {"x": 112, "y": 980}]}}, {"confidence": 0.76, "description": "checks", "boundingPoly": {"vertices": [{"x": 147, "y": 966}, {"x": 190, "y": 966}, {"x": 190, "y": 981}, {"x": 147, "y": 981}]}}, {"confidence": 0.799999952, "description": "payable", "boundingPoly": {"vertices": [{"x": 190, "y": 966}, {"x": 237, "y": 966}, {"x": 237, "y": 983}, {"x": 190, "y": 983}]}}, {"confidence": 0.98999995, "description": "to:", "boundingPoly": {"vertices": [{"x": 237, "y": 966}, {"x": 255, "y": 966}, {"x": 255, "y": 980}, {"x": 237, "y": 980}]}}, {"confidence": 0.98999995, "description": "East", "boundingPoly": {"vertices": [{"x": 255, "y": 966}, {"x": 284, "y": 966}, {"x": 284, "y": 980}, {"x": 255, "y": 980}]}}, {"confidence": 0.69, "description": "Repair", "boundingPoly": {"vertices": [{"x": 283, "y": 966}, {"x": 325, "y": 966}, {"x": 325, "y": 982}, {"x": 283, "y": 982}]}}, {"confidence": 0.98999995, "description": "Inc.", "boundingPoly": {"vertices": [{"x": 324, "y": 966}, {"x": 349, "y": 966}, {"x": 349, "y": 980}, {"x": 324, "y": 980}]}}]], "width": 750, "height": 1061}], "page_count": 1}