{"api_version": "1.2", "fields": {"page_size": [[750, 1061]], "name": {"multi_page": {"0": {"value": "East Repair Inc.", "value_raw": "East Repair Inc.", "confidence": 0.9255242943763733, "boxes": [{"description": "East", "boundingPoly": {"vertices": [{"x": 62.0, "y": 79.0}, {"x": 109.0, "y": 79.0}, {"x": 109.0, "y": 99.0}, {"x": 62.0, "y": 99.0}]}, "line": 0}, {"description": "Repair", "boundingPoly": {"vertices": [{"x": 110.0, "y": 79.0}, {"x": 177.0, "y": 79.0}, {"x": 177.0, "y": 103.0}, {"x": 110.0, "y": 103.0}]}, "line": 0}, {"description": "Inc.", "boundingPoly": {"vertices": [{"x": 178.0, "y": 78.0}, {"x": 216.0, "y": 78.0}, {"x": 216.0, "y": 99.0}, {"x": 178.0, "y": 99.0}]}, "line": 0}], "page": 0}}, "value": "East Repair Inc.", "value_raw": "East Repair Inc.", "confidence": 0.9255242943763733, "boxes": [{"description": "East", "boundingPoly": {"vertices": [{"x": 62.0, "y": 79.0}, {"x": 109.0, "y": 79.0}, {"x": 109.0, "y": 99.0}, {"x": 62.0, "y": 99.0}]}, "line": 0}, {"description": "Repair", "boundingPoly": {"vertices": [{"x": 110.0, "y": 79.0}, {"x": 177.0, "y": 79.0}, {"x": 177.0, "y": 103.0}, {"x": 110.0, "y": 103.0}]}, "line": 0}, {"description": "Inc.", "boundingPoly": {"vertices": [{"x": 178.0, "y": 78.0}, {"x": 216.0, "y": 78.0}, {"x": 216.0, "y": 99.0}, {"x": 178.0, "y": 99.0}]}, "line": 0}], "page": 0}, "vendor-addr": {"multi_page": {"0": {"value": "1912 Harvest Lane New York, NY 12210", "value_raw": "1912 Harvest Lane New York, NY 12210", "confidence": 0.959030032157898, "boxes": [{"description": "1912", "boundingPoly": {"vertices": [{"x": 53.0, "y": 130.0}, {"x": 84.0, "y": 130.0}, {"x": 84.0, "y": 145.0}, {"x": 53.0, "y": 145.0}]}, "line": 1}, {"description": "Harvest", "boundingPoly": {"vertices": [{"x": 84.0, "y": 130.0}, {"x": 132.0, "y": 130.0}, {"x": 132.0, "y": 145.0}, {"x": 84.0, "y": 145.0}]}, "line": 1}, {"description": "Lane", "boundingPoly": {"vertices": [{"x": 131.0, "y": 131.0}, {"x": 163.0, "y": 131.0}, {"x": 163.0, "y": 145.0}, {"x": 131.0, "y": 145.0}]}, "line": 1}, {"description": "New", "boundingPoly": {"vertices": [{"x": 53.0, "y": 149.0}, {"x": 82.0, "y": 149.0}, {"x": 82.0, "y": 163.0}, {"x": 53.0, "y": 163.0}]}, "line": 2}, {"description": "York,", "boundingPoly": {"vertices": [{"x": 82.0, "y": 149.0}, {"x": 114.0, "y": 149.0}, {"x": 114.0, "y": 164.0}, {"x": 82.0, "y": 164.0}]}, "line": 2}, {"description": "NY", "boundingPoly": {"vertices": [{"x": 114.0, "y": 148.0}, {"x": 136.0, "y": 148.0}, {"x": 136.0, "y": 163.0}, {"x": 114.0, "y": 163.0}]}, "line": 2}, {"description": "12210", "boundingPoly": {"vertices": [{"x": 135.0, "y": 149.0}, {"x": 174.0, "y": 149.0}, {"x": 174.0, "y": 163.0}, {"x": 135.0, "y": 163.0}]}, "line": 2}], "page": 0}}, "value": "1912 Harvest Lane New York, NY 12210", "value_raw": "1912 Harvest Lane New York, NY 12210", "confidence": 0.959030032157898, "boxes": [{"description": "1912", "boundingPoly": {"vertices": [{"x": 53.0, "y": 130.0}, {"x": 84.0, "y": 130.0}, {"x": 84.0, "y": 145.0}, {"x": 53.0, "y": 145.0}]}, "line": 1}, {"description": "Harvest", "boundingPoly": {"vertices": [{"x": 84.0, "y": 130.0}, {"x": 132.0, "y": 130.0}, {"x": 132.0, "y": 145.0}, {"x": 84.0, "y": 145.0}]}, "line": 1}, {"description": "Lane", "boundingPoly": {"vertices": [{"x": 131.0, "y": 131.0}, {"x": 163.0, "y": 131.0}, {"x": 163.0, "y": 145.0}, {"x": 131.0, "y": 145.0}]}, "line": 1}, {"description": "New", "boundingPoly": {"vertices": [{"x": 53.0, "y": 149.0}, {"x": 82.0, "y": 149.0}, {"x": 82.0, "y": 163.0}, {"x": 53.0, "y": 163.0}]}, "line": 2}, {"description": "York,", "boundingPoly": {"vertices": [{"x": 82.0, "y": 149.0}, {"x": 114.0, "y": 149.0}, {"x": 114.0, "y": 164.0}, {"x": 82.0, "y": 164.0}]}, "line": 2}, {"description": "NY", "boundingPoly": {"vertices": [{"x": 114.0, "y": 148.0}, {"x": 136.0, "y": 148.0}, {"x": 136.0, "y": 163.0}, {"x": 114.0, "y": 163.0}]}, "line": 2}, {"description": "12210", "boundingPoly": {"vertices": [{"x": 135.0, "y": 149.0}, {"x": 174.0, "y": 149.0}, {"x": 174.0, "y": 163.0}, {"x": 135.0, "y": 163.0}]}, "line": 2}], "page": 0}, "billing-name": {"multi_page": {"0": {"value": "John Smith", "value_raw": "John Smith", "confidence": 0.9622882008552551, "boxes": [{"description": "John", "boundingPoly": {"vertices": [{"x": 52.0, "y": 281.0}, {"x": 83.0, "y": 281.0}, {"x": 83.0, "y": 295.0}, {"x": 52.0, "y": 295.0}]}, "line": 4}, {"description": "Smith", "boundingPoly": {"vertices": [{"x": 83.0, "y": 280.0}, {"x": 119.0, "y": 280.0}, {"x": 119.0, "y": 295.0}, {"x": 83.0, "y": 295.0}]}, "line": 4}], "page": 0}}, "value": "John Smith", "value_raw": "John Smith", "confidence": 0.9622882008552551, "boxes": [{"description": "John", "boundingPoly": {"vertices": [{"x": 52.0, "y": 281.0}, {"x": 83.0, "y": 281.0}, {"x": 83.0, "y": 295.0}, {"x": 52.0, "y": 295.0}]}, "line": 4}, {"description": "Smith", "boundingPoly": {"vertices": [{"x": 83.0, "y": 280.0}, {"x": 119.0, "y": 280.0}, {"x": 119.0, "y": 295.0}, {"x": 83.0, "y": 295.0}]}, "line": 4}], "page": 0}, "billing-addr": {"multi_page": {"0": {"value": "2 Court Square New York, NY 12210", "value_raw": "2 Court Square New York, NY 12210", "confidence": 0.9712870717048645, "boxes": [{"description": "2", "boundingPoly": {"vertices": [{"x": 52.0, "y": 299.0}, {"x": 64.0, "y": 299.0}, {"x": 64.0, "y": 313.0}, {"x": 52.0, "y": 313.0}]}, "line": 5}, {"description": "Court", "boundingPoly": {"vertices": [{"x": 63.0, "y": 299.0}, {"x": 98.0, "y": 299.0}, {"x": 98.0, "y": 313.0}, {"x": 63.0, "y": 313.0}]}, "line": 5}, {"description": "Square", "boundingPoly": {"vertices": [{"x": 97.0, "y": 299.0}, {"x": 141.0, "y": 299.0}, {"x": 141.0, "y": 315.0}, {"x": 97.0, "y": 315.0}]}, "line": 5}, {"description": "New", "boundingPoly": {"vertices": [{"x": 53.0, "y": 317.0}, {"x": 82.0, "y": 317.0}, {"x": 82.0, "y": 331.0}, {"x": 53.0, "y": 331.0}]}, "line": 6}, {"description": "York,", "boundingPoly": {"vertices": [{"x": 81.0, "y": 317.0}, {"x": 114.0, "y": 317.0}, {"x": 114.0, "y": 333.0}, {"x": 81.0, "y": 333.0}]}, "line": 6}, {"description": "NY", "boundingPoly": {"vertices": [{"x": 114.0, "y": 317.0}, {"x": 136.0, "y": 317.0}, {"x": 136.0, "y": 331.0}, {"x": 114.0, "y": 331.0}]}, "line": 6}, {"description": "12210", "boundingPoly": {"vertices": [{"x": 135.0, "y": 317.0}, {"x": 174.0, "y": 317.0}, {"x": 174.0, "y": 331.0}, {"x": 135.0, "y": 331.0}]}, "line": 6}], "page": 0}}, "value": "2 Court Square New York, NY 12210", "value_raw": "2 Court Square New York, NY 12210", "confidence": 0.9712870717048645, "boxes": [{"description": "2", "boundingPoly": {"vertices": [{"x": 52.0, "y": 299.0}, {"x": 64.0, "y": 299.0}, {"x": 64.0, "y": 313.0}, {"x": 52.0, "y": 313.0}]}, "line": 5}, {"description": "Court", "boundingPoly": {"vertices": [{"x": 63.0, "y": 299.0}, {"x": 98.0, "y": 299.0}, {"x": 98.0, "y": 313.0}, {"x": 63.0, "y": 313.0}]}, "line": 5}, {"description": "Square", "boundingPoly": {"vertices": [{"x": 97.0, "y": 299.0}, {"x": 141.0, "y": 299.0}, {"x": 141.0, "y": 315.0}, {"x": 97.0, "y": 315.0}]}, "line": 5}, {"description": "New", "boundingPoly": {"vertices": [{"x": 53.0, "y": 317.0}, {"x": 82.0, "y": 317.0}, {"x": 82.0, "y": 331.0}, {"x": 53.0, "y": 331.0}]}, "line": 6}, {"description": "York,", "boundingPoly": {"vertices": [{"x": 81.0, "y": 317.0}, {"x": 114.0, "y": 317.0}, {"x": 114.0, "y": 333.0}, {"x": 81.0, "y": 333.0}]}, "line": 6}, {"description": "NY", "boundingPoly": {"vertices": [{"x": 114.0, "y": 317.0}, {"x": 136.0, "y": 317.0}, {"x": 136.0, "y": 331.0}, {"x": 114.0, "y": 331.0}]}, "line": 6}, {"description": "12210", "boundingPoly": {"vertices": [{"x": 135.0, "y": 317.0}, {"x": 174.0, "y": 317.0}, {"x": 174.0, "y": 331.0}, {"x": 135.0, "y": 331.0}]}, "line": 6}], "page": 0}, "shipping-addr": {"multi_page": {"0": {"value": "John Smith 3787 Pineview Drive Cambridge, MA 12210", "value_raw": "John Smith 3787 Pineview Drive Cambridge, MA 12210", "confidence": 0.9781158765157064, "boxes": [{"description": "John", "boundingPoly": {"vertices": [{"x": 279.0, "y": 280.0}, {"x": 310.0, "y": 280.0}, {"x": 310.0, "y": 295.0}, {"x": 279.0, "y": 295.0}]}, "line": 4}, {"description": "Smith", "boundingPoly": {"vertices": [{"x": 311.0, "y": 280.0}, {"x": 346.0, "y": 280.0}, {"x": 346.0, "y": 295.0}, {"x": 311.0, "y": 295.0}]}, "line": 4}, {"description": "3787", "boundingPoly": {"vertices": [{"x": 280.0, "y": 298.0}, {"x": 311.0, "y": 298.0}, {"x": 311.0, "y": 314.0}, {"x": 280.0, "y": 314.0}]}, "line": 5}, {"description": "Pineview", "boundingPoly": {"vertices": [{"x": 311.0, "y": 299.0}, {"x": 366.0, "y": 299.0}, {"x": 366.0, "y": 313.0}, {"x": 311.0, "y": 313.0}]}, "line": 5}, {"description": "Drive", "boundingPoly": {"vertices": [{"x": 365.0, "y": 299.0}, {"x": 399.0, "y": 299.0}, {"x": 399.0, "y": 314.0}, {"x": 365.0, "y": 314.0}]}, "line": 5}, {"description": "Cambridge,", "boundingPoly": {"vertices": [{"x": 280.0, "y": 316.0}, {"x": 348.0, "y": 316.0}, {"x": 348.0, "y": 333.0}, {"x": 280.0, "y": 333.0}]}, "line": 6}, {"description": "MA", "boundingPoly": {"vertices": [{"x": 349.0, "y": 317.0}, {"x": 370.0, "y": 317.0}, {"x": 370.0, "y": 331.0}, {"x": 349.0, "y": 331.0}]}, "line": 6}, {"description": "12210", "boundingPoly": {"vertices": [{"x": 371.0, "y": 317.0}, {"x": 409.0, "y": 317.0}, {"x": 409.0, "y": 331.0}, {"x": 371.0, "y": 331.0}]}, "line": 6}], "page": 0}}, "value": "John Smith 3787 Pineview Drive Cambridge, MA 12210", "value_raw": "John Smith 3787 Pineview Drive Cambridge, MA 12210", "confidence": 0.9781158765157064, "boxes": [{"description": "John", "boundingPoly": {"vertices": [{"x": 279.0, "y": 280.0}, {"x": 310.0, "y": 280.0}, {"x": 310.0, "y": 295.0}, {"x": 279.0, "y": 295.0}]}, "line": 4}, {"description": "Smith", "boundingPoly": {"vertices": [{"x": 311.0, "y": 280.0}, {"x": 346.0, "y": 280.0}, {"x": 346.0, "y": 295.0}, {"x": 311.0, "y": 295.0}]}, "line": 4}, {"description": "3787", "boundingPoly": {"vertices": [{"x": 280.0, "y": 298.0}, {"x": 311.0, "y": 298.0}, {"x": 311.0, "y": 314.0}, {"x": 280.0, "y": 314.0}]}, "line": 5}, {"description": "Pineview", "boundingPoly": {"vertices": [{"x": 311.0, "y": 299.0}, {"x": 366.0, "y": 299.0}, {"x": 366.0, "y": 313.0}, {"x": 311.0, "y": 313.0}]}, "line": 5}, {"description": "Drive", "boundingPoly": {"vertices": [{"x": 365.0, "y": 299.0}, {"x": 399.0, "y": 299.0}, {"x": 399.0, "y": 314.0}, {"x": 365.0, "y": 314.0}]}, "line": 5}, {"description": "Cambridge,", "boundingPoly": {"vertices": [{"x": 280.0, "y": 316.0}, {"x": 348.0, "y": 316.0}, {"x": 348.0, "y": 333.0}, {"x": 280.0, "y": 333.0}]}, "line": 6}, {"description": "MA", "boundingPoly": {"vertices": [{"x": 349.0, "y": 317.0}, {"x": 370.0, "y": 317.0}, {"x": 370.0, "y": 331.0}, {"x": 349.0, "y": 331.0}]}, "line": 6}, {"description": "12210", "boundingPoly": {"vertices": [{"x": 371.0, "y": 317.0}, {"x": 409.0, "y": 317.0}, {"x": 409.0, "y": 331.0}, {"x": 371.0, "y": 331.0}]}, "line": 6}], "page": 0}, "invoice-no": {"multi_page": {"0": {"value": "US-001", "value_raw": "US-001", "confidence": 0.9469609260559082, "boxes": [{"description": "US-001", "boundingPoly": {"vertices": [{"x": 651.0, "y": 259.0}, {"x": 697.0, "y": 259.0}, {"x": 697.0, "y": 274.0}, {"x": 651.0, "y": 274.0}]}, "line": 3}], "page": 0}}, "value": "US-001", "value_raw": "US-001", "confidence": 0.9469609260559082, "boxes": [{"description": "US-001", "boundingPoly": {"vertices": [{"x": 651.0, "y": 259.0}, {"x": 697.0, "y": 259.0}, {"x": 697.0, "y": 274.0}, {"x": 651.0, "y": 274.0}]}, "line": 3}], "page": 0}, "po-no": {"multi_page": {}, "value": "", "value_raw": "", "confidence": 0.0, "boxes": [], "page": 0}, "vendor-vat-no": {"multi_page": {}, "value": "", "value_raw": "", "confidence": 0.0, "boxes": [], "page": 0}, "date": {"multi_page": {"0": {"value": "2019-11-02", "value_raw": "11/02/2019", "confidence": 0.9733232855796814, "boxes": [{"description": "11/02/2019", "boundingPoly": {"vertices": [{"x": 632.0, "y": 284.0}, {"x": 698.0, "y": 284.0}, {"x": 698.0, "y": 299.0}, {"x": 632.0, "y": 299.0}]}, "line": 4}], "date_potentially_ambiguous": true, "page": 0}}, "value": "2019-02-11", "value_raw": "11/02/2019", "confidence": 0.9733232855796814, "boxes": [{"description": "11/02/2019", "boundingPoly": {"vertices": [{"x": 632.0, "y": 284.0}, {"x": 698.0, "y": 284.0}, {"x": 698.0, "y": 299.0}, {"x": 632.0, "y": 299.0}]}, "line": 4}], "page": 0}, "tax": {"multi_page": {"0": {"value": "9.06", "value_raw": "9.06", "confidence": 0.9347923994064331, "boxes": [{"description": "9.06", "boundingPoly": {"vertices": [{"x": 658.0, "y": 570.0}, {"x": 687.0, "y": 570.0}, {"x": 687.0, "y": 585.0}, {"x": 658.0, "y": 585.0}]}, "line": 13}], "page": 0}}, "value": "9.06", "value_raw": "9.06", "confidence": 0.9347923994064331, "boxes": [{"description": "9.06", "boundingPoly": {"vertices": [{"x": 658.0, "y": 570.0}, {"x": 687.0, "y": 570.0}, {"x": 687.0, "y": 585.0}, {"x": 658.0, "y": 585.0}]}, "line": 13}], "page": 0}, "total": {"multi_page": {"0": {"value": "154.06", "value_raw": "$154.06", "confidence": 0.9788166880607605, "boxes": [{"description": "$154.06", "boundingPoly": {"vertices": [{"x": 619.0, "y": 603.0}, {"x": 687.0, "y": 603.0}, {"x": 687.0, "y": 623.0}, {"x": 619.0, "y": 623.0}]}, "line": 14}], "page": 0}}, "value": "154.06", "value_raw": "$154.06", "confidence": 0.9788166880607605, "boxes": [{"description": "$154.06", "boundingPoly": {"vertices": [{"x": 619.0, "y": 603.0}, {"x": 687.0, "y": 603.0}, {"x": 687.0, "y": 623.0}, {"x": 619.0, "y": 623.0}]}, "line": 14}], "page": 0}, "payment-terms": {"multi_page": {"0": {"value": "within 15 days", "value_raw": "within 15 days", "confidence": 0.6719807386398315, "boxes": [{"description": "within", "boundingPoly": {"vertices": [{"x": 143.0, "y": 940.0}, {"x": 179.0, "y": 940.0}, {"x": 179.0, "y": 954.0}, {"x": 143.0, "y": 954.0}]}, "line": 17}, {"description": "15", "boundingPoly": {"vertices": [{"x": 180.0, "y": 940.0}, {"x": 196.0, "y": 940.0}, {"x": 196.0, "y": 954.0}, {"x": 180.0, "y": 954.0}]}, "line": 17}, {"description": "days", "boundingPoly": {"vertices": [{"x": 196.0, "y": 940.0}, {"x": 227.0, "y": 940.0}, {"x": 227.0, "y": 957.0}, {"x": 196.0, "y": 957.0}]}, "line": 17}], "page": 0}}, "value": "within 15 days", "value_raw": "within 15 days", "confidence": 0.6719807386398315, "boxes": [{"description": "within", "boundingPoly": {"vertices": [{"x": 143.0, "y": 940.0}, {"x": 179.0, "y": 940.0}, {"x": 179.0, "y": 954.0}, {"x": 143.0, "y": 954.0}]}, "line": 17}, {"description": "15", "boundingPoly": {"vertices": [{"x": 180.0, "y": 940.0}, {"x": 196.0, "y": 940.0}, {"x": 196.0, "y": 954.0}, {"x": 180.0, "y": 954.0}]}, "line": 17}, {"description": "days", "boundingPoly": {"vertices": [{"x": 196.0, "y": 940.0}, {"x": 227.0, "y": 940.0}, {"x": 227.0, "y": 957.0}, {"x": 196.0, "y": 957.0}]}, "line": 17}], "page": 0}, "net-amount": {"multi_page": {"0": {"value": "145.00", "value_raw": "145.00", "confidence": 0.9764069318771362, "boxes": [{"description": "145.00", "boundingPoly": {"vertices": [{"x": 645.0, "y": 538.0}, {"x": 687.0, "y": 538.0}, {"x": 687.0, "y": 552.0}, {"x": 645.0, "y": 552.0}]}, "line": 12}], "page": 0}}, "value": "145.00", "value_raw": "145.00", "confidence": 0.9764069318771362, "boxes": [{"description": "145.00", "boundingPoly": {"vertices": [{"x": 645.0, "y": 538.0}, {"x": 687.0, "y": 538.0}, {"x": 687.0, "y": 552.0}, {"x": 645.0, "y": 552.0}]}, "line": 12}], "page": 0}, "due-date": {"multi_page": {"0": {"value": "2019-02-26", "value_raw": "26/02/2019", "confidence": 0.9639454483985901, "boxes": [{"description": "26/02/2019", "boundingPoly": {"vertices": [{"x": 631.0, "y": 336.0}, {"x": 698.0, "y": 336.0}, {"x": 698.0, "y": 351.0}, {"x": 631.0, "y": 351.0}]}, "line": 7}], "date_potentially_ambiguous": false, "page": 0}}, "value": "2019-02-26", "value_raw": "26/02/2019", "confidence": 0.9639454483985901, "boxes": [{"description": "26/02/2019", "boundingPoly": {"vertices": [{"x": 631.0, "y": 336.0}, {"x": 698.0, "y": 336.0}, {"x": 698.0, "y": 351.0}, {"x": 631.0, "y": 351.0}]}, "line": 7}], "page": 0}, "discount": {"multi_page": {}, "value": "", "value_raw": "", "confidence": 0.0, "boxes": [], "page": 0}, "shipping-charges": {"multi_page": {}, "value": "", "value_raw": "", "confidence": 0.0, "boxes": [], "page": 0}, "payment-addr": {"multi_page": {}, "value": "", "value_raw": "", "confidence": 0.0, "boxes": [], "page": 0}, "billing-vat-no": {"multi_page": {}, "value": "", "value_raw": "", "confidence": 0.0, "boxes": [], "page": 0}, "items": [{"quantity": {"value": "1", "confidence": 0.912654459476471, "boxes": [{"description": "1", "boundingPoly": {"vertices": [{"x": 77.0, "y": 438.0}, {"x": 86.0, "y": 438.0}, {"x": 86.0, "y": 451.0}, {"x": 77.0, "y": 451.0}]}, "line": 9}], "page": 0}, "description": {"value": "Front and rear brake cables", "confidence": 0.9718272686004639, "boxes": [{"description": "Front", "boundingPoly": {"vertices": [{"x": 119.0, "y": 438.0}, {"x": 152.0, "y": 438.0}, {"x": 152.0, "y": 452.0}, {"x": 119.0, "y": 452.0}]}, "line": 9}, {"description": "and", "boundingPoly": {"vertices": [{"x": 151.0, "y": 438.0}, {"x": 176.0, "y": 438.0}, {"x": 176.0, "y": 452.0}, {"x": 151.0, "y": 452.0}]}, "line": 9}, {"description": "rear", "boundingPoly": {"vertices": [{"x": 176.0, "y": 440.0}, {"x": 203.0, "y": 440.0}, {"x": 203.0, "y": 452.0}, {"x": 176.0, "y": 452.0}]}, "line": 9}, {"description": "brake", "boundingPoly": {"vertices": [{"x": 202.0, "y": 438.0}, {"x": 237.0, "y": 438.0}, {"x": 237.0, "y": 452.0}, {"x": 202.0, "y": 452.0}]}, "line": 9}, {"description": "cables", "boundingPoly": {"vertices": [{"x": 237.0, "y": 438.0}, {"x": 278.0, "y": 438.0}, {"x": 278.0, "y": 452.0}, {"x": 237.0, "y": 452.0}]}, "line": 9}], "page": 0}, "unit-price": {"value": "100.00", "confidence": 0.9948050379753113, "boxes": [{"description": "100.00", "boundingPoly": {"vertices": [{"x": 482.0, "y": 437.0}, {"x": 524.0, "y": 437.0}, {"x": 524.0, "y": 453.0}, {"x": 482.0, "y": 453.0}]}, "line": 9}], "page": 0}, "line-amount": {"value": "100.00", "confidence": 0.9891924262046814, "boxes": [{"description": "100.00", "boundingPoly": {"vertices": [{"x": 645.0, "y": 438.0}, {"x": 687.0, "y": 438.0}, {"x": 687.0, "y": 453.0}, {"x": 645.0, "y": 453.0}]}, "line": 9}], "page": 0}, "item-po-no": {"value": "", "confidence": 0.0, "boxes": [], "page": 0}, "line-no": {"value": "", "confidence": 0.0, "boxes": [], "page": 0}, "part-no": {"value": "", "confidence": 0.0, "boxes": [], "page": 0}}, {"quantity": {"value": "2", "confidence": 0.9171290397644043, "boxes": [{"description": "2", "boundingPoly": {"vertices": [{"x": 76.0, "y": 471.0}, {"x": 88.0, "y": 471.0}, {"x": 88.0, "y": 486.0}, {"x": 76.0, "y": 486.0}]}, "line": 10}], "page": 0}, "description": {"value": "New set of pedal arms", "confidence": 0.976356029510498, "boxes": [{"description": "New", "boundingPoly": {"vertices": [{"x": 120.0, "y": 471.0}, {"x": 149.0, "y": 471.0}, {"x": 149.0, "y": 486.0}, {"x": 120.0, "y": 486.0}]}, "line": 10}, {"description": "set", "boundingPoly": {"vertices": [{"x": 148.0, "y": 472.0}, {"x": 168.0, "y": 472.0}, {"x": 168.0, "y": 485.0}, {"x": 148.0, "y": 485.0}]}, "line": 10}, {"description": "of", "boundingPoly": {"vertices": [{"x": 168.0, "y": 471.0}, {"x": 183.0, "y": 471.0}, {"x": 183.0, "y": 486.0}, {"x": 168.0, "y": 486.0}]}, "line": 10}, {"description": "pedal", "boundingPoly": {"vertices": [{"x": 182.0, "y": 471.0}, {"x": 216.0, "y": 471.0}, {"x": 216.0, "y": 488.0}, {"x": 182.0, "y": 488.0}]}, "line": 10}, {"description": "arms", "boundingPoly": {"vertices": [{"x": 216.0, "y": 473.0}, {"x": 248.0, "y": 473.0}, {"x": 248.0, "y": 486.0}, {"x": 216.0, "y": 486.0}]}, "line": 10}], "page": 0}, "unit-price": {"value": "15.00", "confidence": 0.9915497303009033, "boxes": [{"description": "15.00", "boundingPoly": {"vertices": [{"x": 488.0, "y": 471.0}, {"x": 524.0, "y": 471.0}, {"x": 524.0, "y": 486.0}, {"x": 488.0, "y": 486.0}]}, "line": 10}], "page": 0}, "line-amount": {"value": "30.00", "confidence": 0.9905813932418823, "boxes": [{"description": "30.00", "boundingPoly": {"vertices": [{"x": 651.0, "y": 471.0}, {"x": 687.0, "y": 471.0}, {"x": 687.0, "y": 486.0}, {"x": 651.0, "y": 486.0}]}, "line": 10}], "page": 0}, "item-po-no": {"value": "", "confidence": 0.0, "boxes": [], "page": 0}, "line-no": {"value": "", "confidence": 0.0, "boxes": [], "page": 0}, "part-no": {"value": "", "confidence": 0.0, "boxes": [], "page": 0}}, {"quantity": {"value": "3", "confidence": 0.8940931558609009, "boxes": [{"description": "3", "boundingPoly": {"vertices": [{"x": 76.0, "y": 504.0}, {"x": 88.0, "y": 504.0}, {"x": 88.0, "y": 519.0}, {"x": 76.0, "y": 519.0}]}, "line": 11}], "page": 0}, "description": {"value": "Labor 3hrs", "confidence": 0.9799312949180603, "boxes": [{"description": "Labor", "boundingPoly": {"vertices": [{"x": 119.0, "y": 504.0}, {"x": 155.0, "y": 504.0}, {"x": 155.0, "y": 519.0}, {"x": 119.0, "y": 519.0}]}, "line": 11}, {"description": "3hrs", "boundingPoly": {"vertices": [{"x": 155.0, "y": 504.0}, {"x": 183.0, "y": 504.0}, {"x": 183.0, "y": 519.0}, {"x": 155.0, "y": 519.0}]}, "line": 11}], "page": 0}, "unit-price": {"value": "5.00", "confidence": 0.9818663001060486, "boxes": [{"description": "5.00", "boundingPoly": {"vertices": [{"x": 494.0, "y": 504.0}, {"x": 524.0, "y": 504.0}, {"x": 524.0, "y": 519.0}, {"x": 494.0, "y": 519.0}]}, "line": 11}], "page": 0}, "line-amount": {"value": "15.00", "confidence": 0.9935467839241028, "boxes": [{"description": "15.00", "boundingPoly": {"vertices": [{"x": 652.0, "y": 504.0}, {"x": 687.0, "y": 504.0}, {"x": 687.0, "y": 519.0}, {"x": 652.0, "y": 519.0}]}, "line": 11}], "page": 0}, "item-po-no": {"value": "", "confidence": 0.0, "boxes": [], "page": 0}, "line-no": {"value": "", "confidence": 0.0, "boxes": [], "page": 0}, "part-no": {"value": "", "confidence": 0.0, "boxes": [], "page": 0}}], "currency": {"value": "USD", "confidence": 0.9071164131164551}}, "pages": [{"page_rotation": 0, "boxes": [[{"confidence": 0.98999995, "description": "East", "boundingPoly": {"vertices": [{"x": 62, "y": 79}, {"x": 109, "y": 79}, {"x": 109, "y": 99}, {"x": 62, "y": 99}]}}, {"confidence": 0.98999995, "description": "Repair", "boundingPoly": {"vertices": [{"x": 110, "y": 79}, {"x": 177, "y": 79}, {"x": 177, "y": 103}, {"x": 110, "y": 103}]}}, {"confidence": 0.98999995, "description": "Inc.", "boundingPoly": {"vertices": [{"x": 178, "y": 78}, {"x": 216, "y": 78}, {"x": 216, "y": 99}, {"x": 178, "y": 99}]}}, {"confidence": 0.979999959, "description": "INVOICE", "boundingPoly": {"vertices": [{"x": 598, "y": 79}, {"x": 684, "y": 79}, {"x": 684, "y": 99}, {"x": 598, "y": 99}]}}], [{"confidence": 0.98999995, "description": "1912", "boundingPoly": {"vertices": [{"x": 53, "y": 130}, {"x": 84, "y": 130}, {"x": 84, "y": 145}, {"x": 53, "y": 145}]}}, {"confidence": 0.979999959, "description": "Harvest", "boundingPoly": {"vertices": [{"x": 84, "y": 130}, {"x": 132, "y": 130}, {"x": 132, "y": 145}, {"x": 84, "y": 145}]}}, {"confidence": 0.98999995, "description": "Lane", "boundingPoly": {"vertices": [{"x": 131, "y": 131}, {"x": 163, "y": 131}, {"x": 163, "y": 145}, {"x": 131, "y": 145}]}}], [{"confidence": 0.98999995, "description": "New", "boundingPoly": {"vertices": [{"x": 53, "y": 149}, {"x": 82, "y": 149}, {"x": 82, "y": 163}, {"x": 53, "y": 163}]}}, {"confidence": 0.969999969, "description": "York,", "boundingPoly": {"vertices": [{"x": 82, "y": 149}, {"x": 114, "y": 149}, {"x": 114, "y": 164}, {"x": 82, "y": 164}]}}, {"confidence": 0.98999995, "description": "NY", "boundingPoly": {"vertices": [{"x": 114, "y": 148}, {"x": 136, "y": 148}, {"x": 136, "y": 163}, {"x": 114, "y": 163}]}}, {"confidence": 0.98999995, "description": "12210", "boundingPoly": {"vertices": [{"x": 135, "y": 149}, {"x": 174, "y": 149}, {"x": 174, "y": 163}, {"x": 135, "y": 163}]}}], [{"confidence": 0.98999995, "description": "Bill", "boundingPoly": {"vertices": [{"x": 53, "y": 259}, {"x": 76, "y": 259}, {"x": 76, "y": 273}, {"x": 53, "y": 273}]}}, {"confidence": 0.98999995, "description": "To", "boundingPoly": {"vertices": [{"x": 76, "y": 259}, {"x": 95, "y": 259}, {"x": 95, "y": 273}, {"x": 76, "y": 273}]}}, {"confidence": 0.98999995, "description": "Ship", "boundingPoly": {"vertices": [{"x": 279, "y": 259}, {"x": 311, "y": 259}, {"x": 311, "y": 276}, {"x": 279, "y": 276}]}}, {"confidence": 0.98999995, "description": "To", "boundingPoly": {"vertices": [{"x": 310, "y": 259}, {"x": 329, "y": 259}, {"x": 329, "y": 274}, {"x": 310, "y": 274}]}}, {"confidence": 0.98999995, "description": "Invoice", "boundingPoly": {"vertices": [{"x": 536, "y": 259}, {"x": 582, "y": 259}, {"x": 582, "y": 273}, {"x": 536, "y": 273}]}}, {"confidence": 0.98999995, "description": "#", "boundingPoly": {"vertices": [{"x": 582, "y": 259}, {"x": 594, "y": 259}, {"x": 594, "y": 273}, {"x": 582, "y": 273}]}}, {"confidence": 0.98999995, "description": "US-001", "boundingPoly": {"vertices": [{"x": 651, "y": 259}, {"x": 697, "y": 259}, {"x": 697, "y": 274}, {"x": 651, "y": 274}]}}], [{"confidence": 0.98999995, "description": "John", "boundingPoly": {"vertices": [{"x": 52, "y": 281}, {"x": 83, "y": 281}, {"x": 83, "y": 295}, {"x": 52, "y": 295}]}}, {"confidence": 0.98999995, "description": "Smith", "boundingPoly": {"vertices": [{"x": 83, "y": 280}, {"x": 119, "y": 280}, {"x": 119, "y": 295}, {"x": 83, "y": 295}]}}, {"confidence": 0.98999995, "description": "John", "boundingPoly": {"vertices": [{"x": 279, "y": 280}, {"x": 310, "y": 280}, {"x": 310, "y": 295}, {"x": 279, "y": 295}]}}, {"confidence": 0.98999995, "description": "Smith", "boundingPoly": {"vertices": [{"x": 311, "y": 280}, {"x": 346, "y": 280}, {"x": 346, "y": 295}, {"x": 311, "y": 295}]}}, {"confidence": 0.98999995, "description": "Invoice", "boundingPoly": {"vertices": [{"x": 515, "y": 284}, {"x": 562, "y": 284}, {"x": 562, "y": 299}, {"x": 515, "y": 299}]}}, {"confidence": 0.98999995, "description": "Date", "boundingPoly": {"vertices": [{"x": 562, "y": 285}, {"x": 593, "y": 285}, {"x": 593, "y": 299}, {"x": 562, "y": 299}]}}, {"confidence": 0.98999995, "description": "11/02/2019", "boundingPoly": {"vertices": [{"x": 632, "y": 284}, {"x": 698, "y": 284}, {"x": 698, "y": 299}, {"x": 632, "y": 299}]}}], [{"confidence": 0.98999995, "description": "2", "boundingPoly": {"vertices": [{"x": 52, "y": 299}, {"x": 64, "y": 299}, {"x": 64, "y": 313}, {"x": 52, "y": 313}]}}, {"confidence": 0.98999995, "description": "Court", "boundingPoly": {"vertices": [{"x": 63, "y": 299}, {"x": 98, "y": 299}, {"x": 98, "y": 313}, {"x": 63, "y": 313}]}}, {"confidence": 0.98999995, "description": "Square", "boundingPoly": {"vertices": [{"x": 97, "y": 299}, {"x": 141, "y": 299}, {"x": 141, "y": 315}, {"x": 97, "y": 315}]}}, {"confidence": 0.98999995, "description": "3787", "boundingPoly": {"vertices": [{"x": 280, "y": 298}, {"x": 311, "y": 298}, {"x": 311, "y": 314}, {"x": 280, "y": 314}]}}, {"confidence": 0.98999995, "description": "Pineview", "boundingPoly": {"vertices": [{"x": 311, "y": 299}, {"x": 366, "y": 299}, {"x": 366, "y": 313}, {"x": 311, "y": 313}]}}, {"confidence": 0.98999995, "description": "Drive", "boundingPoly": {"vertices": [{"x": 365, "y": 299}, {"x": 399, "y": 299}, {"x": 399, "y": 314}, {"x": 365, "y": 314}]}}], [{"confidence": 0.98999995, "description": "New", "boundingPoly": {"vertices": [{"x": 53, "y": 317}, {"x": 82, "y": 317}, {"x": 82, "y": 331}, {"x": 53, "y": 331}]}}, {"confidence": 0.98999995, "description": "York,", "boundingPoly": {"vertices": [{"x": 81, "y": 317}, {"x": 114, "y": 317}, {"x": 114, "y": 333}, {"x": 81, "y": 333}]}}, {"confidence": 0.98999995, "description": "NY", "boundingPoly": {"vertices": [{"x": 114, "y": 317}, {"x": 136, "y": 317}, {"x": 136, "y": 331}, {"x": 114, "y": 331}]}}, {"confidence": 0.98999995, "description": "12210", "boundingPoly": {"vertices": [{"x": 135, "y": 317}, {"x": 174, "y": 317}, {"x": 174, "y": 331}, {"x": 135, "y": 331}]}}, {"confidence": 0.979999959, "description": "Cambridge,", "boundingPoly": {"vertices": [{"x": 280, "y": 316}, {"x": 348, "y": 316}, {"x": 348, "y": 333}, {"x": 280, "y": 333}]}}, {"confidence": 0.98999995, "description": "MA", "boundingPoly": {"vertices": [{"x": 349, "y": 317}, {"x": 370, "y": 317}, {"x": 370, "y": 331}, {"x": 349, "y": 331}]}}, {"confidence": 0.98999995, "description": "12210", "boundingPoly": {"vertices": [{"x": 371, "y": 317}, {"x": 409, "y": 317}, {"x": 409, "y": 331}, {"x": 371, "y": 331}]}}, {"confidence": 0.969999969, "description": "P.O#", "boundingPoly": {"vertices": [{"x": 557, "y": 310}, {"x": 594, "y": 310}, {"x": 594, "y": 325}, {"x": 557, "y": 325}]}}, {"confidence": 0.98999995, "description": "2312/2019", "boundingPoly": {"vertices": [{"x": 634, "y": 310}, {"x": 698, "y": 310}, {"x": 698, "y": 325}, {"x": 634, "y": 325}]}}], [{"confidence": 0.98999995, "description": "Due", "boundingPoly": {"vertices": [{"x": 535, "y": 336}, {"x": 562, "y": 336}, {"x": 562, "y": 350}, {"x": 535, "y": 350}]}}, {"confidence": 0.98999995, "description": "Date", "boundingPoly": {"vertices": [{"x": 562, "y": 336}, {"x": 593, "y": 336}, {"x": 593, "y": 350}, {"x": 562, "y": 350}]}}, {"confidence": 0.98999995, "description": "26/02/2019", "boundingPoly": {"vertices": [{"x": 631, "y": 336}, {"x": 698, "y": 336}, {"x": 698, "y": 351}, {"x": 631, "y": 351}]}}], [{"confidence": 0.979999959, "description": "QTY", "boundingPoly": {"vertices": [{"x": 68, "y": 404}, {"x": 97, "y": 404}, {"x": 97, "y": 419}, {"x": 68, "y": 419}]}}, {"confidence": 0.979999959, "description": "DESCRIPTION", "boundingPoly": {"vertices": [{"x": 221, "y": 404}, {"x": 312, "y": 404}, {"x": 312, "y": 419}, {"x": 221, "y": 419}]}}, {"confidence": 0.98999995, "description": "UNIT", "boundingPoly": {"vertices": [{"x": 438, "y": 404}, {"x": 472, "y": 404}, {"x": 472, "y": 418}, {"x": 438, "y": 418}]}}, {"confidence": 0.98999995, "description": "PRICE", "boundingPoly": {"vertices": [{"x": 471, "y": 404}, {"x": 514, "y": 404}, {"x": 514, "y": 419}, {"x": 471, "y": 419}]}}, {"confidence": 0.98999995, "description": "AMOUNT", "boundingPoly": {"vertices": [{"x": 582, "y": 404}, {"x": 642, "y": 404}, {"x": 642, "y": 419}, {"x": 582, "y": 419}]}}], [{"confidence": 0.98999995, "description": "1", "boundingPoly": {"vertices": [{"x": 77, "y": 438}, {"x": 86, "y": 438}, {"x": 86, "y": 451}, {"x": 77, "y": 451}]}}, {"confidence": 0.98999995, "description": "Front", "boundingPoly": {"vertices": [{"x": 119, "y": 438}, {"x": 152, "y": 438}, {"x": 152, "y": 452}, {"x": 119, "y": 452}]}}, {"confidence": 0.98999995, "description": "and", "boundingPoly": {"vertices": [{"x": 151, "y": 438}, {"x": 176, "y": 438}, {"x": 176, "y": 452}, {"x": 151, "y": 452}]}}, {"confidence": 0.98999995, "description": "rear", "boundingPoly": {"vertices": [{"x": 176, "y": 440}, {"x": 203, "y": 440}, {"x": 203, "y": 452}, {"x": 176, "y": 452}]}}, {"confidence": 0.979999959, "description": "brake", "boundingPoly": {"vertices": [{"x": 202, "y": 438}, {"x": 237, "y": 438}, {"x": 237, "y": 452}, {"x": 202, "y": 452}]}}, {"confidence": 0.98999995, "description": "cables", "boundingPoly": {"vertices": [{"x": 237, "y": 438}, {"x": 278, "y": 438}, {"x": 278, "y": 452}, {"x": 237, "y": 452}]}}, {"confidence": 0.98999995, "description": "100.00", "boundingPoly": {"vertices": [{"x": 482, "y": 437}, {"x": 524, "y": 437}, {"x": 524, "y": 453}, {"x": 482, "y": 453}]}}, {"confidence": 0.98999995, "description": "100.00", "boundingPoly": {"vertices": [{"x": 645, "y": 438}, {"x": 687, "y": 438}, {"x": 687, "y": 453}, {"x": 645, "y": 453}]}}], [{"confidence": 0.98999995, "description": "2", "boundingPoly": {"vertices": [{"x": 76, "y": 471}, {"x": 88, "y": 471}, {"x": 88, "y": 486}, {"x": 76, "y": 486}]}}, {"confidence": 0.98999995, "description": "New", "boundingPoly": {"vertices": [{"x": 120, "y": 471}, {"x": 149, "y": 471}, {"x": 149, "y": 486}, {"x": 120, "y": 486}]}}, {"confidence": 0.98999995, "description": "set", "boundingPoly": {"vertices": [{"x": 148, "y": 472}, {"x": 168, "y": 472}, {"x": 168, "y": 485}, {"x": 148, "y": 485}]}}, {"confidence": 0.98999995, "description": "of", "boundingPoly": {"vertices": [{"x": 168, "y": 471}, {"x": 183, "y": 471}, {"x": 183, "y": 486}, {"x": 168, "y": 486}]}}, {"confidence": 0.98999995, "description": "pedal", "boundingPoly": {"vertices": [{"x": 182, "y": 471}, {"x": 216, "y": 471}, {"x": 216, "y": 488}, {"x": 182, "y": 488}]}}, {"confidence": 0.98999995, "description": "arms", "boundingPoly": {"vertices": [{"x": 216, "y": 473}, {"x": 248, "y": 473}, {"x": 248, "y": 486}, {"x": 216, "y": 486}]}}, {"confidence": 0.98999995, "description": "15.00", "boundingPoly": {"vertices": [{"x": 488, "y": 471}, {"x": 524, "y": 471}, {"x": 524, "y": 486}, {"x": 488, "y": 486}]}}, {"confidence": 0.98999995, "description": "30.00", "boundingPoly": {"vertices": [{"x": 651, "y": 471}, {"x": 687, "y": 471}, {"x": 687, "y": 486}, {"x": 651, "y": 486}]}}], [{"confidence": 0.98999995, "description": "3", "boundingPoly": {"vertices": [{"x": 76, "y": 504}, {"x": 88, "y": 504}, {"x": 88, "y": 519}, {"x": 76, "y": 519}]}}, {"confidence": 0.98999995, "description": "Labor", "boundingPoly": {"vertices": [{"x": 119, "y": 504}, {"x": 155, "y": 504}, {"x": 155, "y": 519}, {"x": 119, "y": 519}]}}, {"confidence": 0.98999995, "description": "3hrs", "boundingPoly": {"vertices": [{"x": 155, "y": 504}, {"x": 183, "y": 504}, {"x": 183, "y": 519}, {"x": 155, "y": 519}]}}, {"confidence": 0.98999995, "description": "5.00", "boundingPoly": {"vertices": [{"x": 494, "y": 504}, {"x": 524, "y": 504}, {"x": 524, "y": 519}, {"x": 494, "y": 519}]}}, {"confidence": 0.98999995, "description": "15.00", "boundingPoly": {"vertices": [{"x": 652, "y": 504}, {"x": 687, "y": 504}, {"x": 687, "y": 519}, {"x": 652, "y": 519}]}}], [{"confidence": 0.979999959, "description": "Subtotal", "boundingPoly": {"vertices": [{"x": 474, "y": 538}, {"x": 524, "y": 538}, {"x": 524, "y": 552}, {"x": 474, "y": 552}]}}, {"confidence": 0.98999995, "description": "145.00", "boundingPoly": {"vertices": [{"x": 645, "y": 538}, {"x": 687, "y": 538}, {"x": 687, "y": 552}, {"x": 645, "y": 552}]}}], [{"confidence": 0.98999995, "description": "Sales", "boundingPoly": {"vertices": [{"x": 424, "y": 570}, {"x": 460, "y": 570}, {"x": 460, "y": 585}, {"x": 424, "y": 585}]}}, {"confidence": 0.98999995, "description": "Tax", "boundingPoly": {"vertices": [{"x": 459, "y": 570}, {"x": 484, "y": 570}, {"x": 484, "y": 585}, {"x": 459, "y": 585}]}}, {"confidence": 0.98999995, "description": "6.25%", "boundingPoly": {"vertices": [{"x": 484, "y": 570}, {"x": 523, "y": 570}, {"x": 523, "y": 585}, {"x": 484, "y": 585}]}}, {"confidence": 0.98999995, "description": "9.06", "boundingPoly": {"vertices": [{"x": 658, "y": 570}, {"x": 687, "y": 570}, {"x": 687, "y": 585}, {"x": 658, "y": 585}]}}], [{"confidence": 0.98999995, "description": "TOTAL", "boundingPoly": {"vertices": [{"x": 461, "y": 603}, {"x": 524, "y": 603}, {"x": 524, "y": 622}, {"x": 461, "y": 622}]}}, {"confidence": 0.98999995, "description": "$154.06", "boundingPoly": {"vertices": [{"x": 619, "y": 603}, {"x": 687, "y": 603}, {"x": 687, "y": 623}, {"x": 619, "y": 623}]}}], [{"confidence": 0.11, "description": "Swiu", "boundingPoly": {"vertices": [{"x": 606, "y": 659}, {"x": 699, "y": 659}, {"x": 699, "y": 709}, {"x": 606, "y": 709}]}}], [{"confidence": 0.98999995, "description": "Terms", "boundingPoly": {"vertices": [{"x": 52, "y": 918}, {"x": 94, "y": 918}, {"x": 94, "y": 933}, {"x": 52, "y": 933}]}}, {"confidence": 0.98999995, "description": "&", "boundingPoly": {"vertices": [{"x": 94, "y": 918}, {"x": 106, "y": 918}, {"x": 106, "y": 932}, {"x": 94, "y": 932}]}}, {"confidence": 0.98999995, "description": "Conditions", "boundingPoly": {"vertices": [{"x": 107, "y": 918}, {"x": 175, "y": 918}, {"x": 175, "y": 933}, {"x": 107, "y": 933}]}}], [{"confidence": 0.98999995, "description": "Payment", "boundingPoly": {"vertices": [{"x": 53, "y": 940}, {"x": 106, "y": 940}, {"x": 106, "y": 957}, {"x": 53, "y": 957}]}}, {"confidence": 0.979999959, "description": "is", "boundingPoly": {"vertices": [{"x": 105, "y": 940}, {"x": 119, "y": 940}, {"x": 119, "y": 954}, {"x": 105, "y": 954}]}}, {"confidence": 0.98999995, "description": "due", "boundingPoly": {"vertices": [{"x": 118, "y": 940}, {"x": 143, "y": 940}, {"x": 143, "y": 954}, {"x": 118, "y": 954}]}}, {"confidence": 0.98999995, "description": "within", "boundingPoly": {"vertices": [{"x": 143, "y": 940}, {"x": 179, "y": 940}, {"x": 179, "y": 954}, {"x": 143, "y": 954}]}}, {"confidence": 0.98999995, "description": "15", "boundingPoly": {"vertices": [{"x": 180, "y": 940}, {"x": 196, "y": 940}, {"x": 196, "y": 954}, {"x": 180, "y": 954}]}}, {"confidence": 0.95, "description": "days", "boundingPoly": {"vertices": [{"x": 196, "y": 940}, {"x": 227, "y": 940}, {"x": 227, "y": 957}, {"x": 196, "y": 957}]}}], [{"confidence": 0.98999995, "description": "Please", "boundingPoly": {"vertices": [{"x": 53, "y": 976}, {"x": 95, "y": 976}, {"x": 95, "y": 991}, {"x": 53, "y": 991}]}}, {"confidence": 0.98999995, "description": "make", "boundingPoly": {"vertices": [{"x": 94, "y": 976}, {"x": 129, "y": 976}, {"x": 129, "y": 991}, {"x": 94, "y": 991}]}}, {"confidence": 0.98999995, "description": "checks", "boundingPoly": {"vertices": [{"x": 129, "y": 976}, {"x": 172, "y": 976}, {"x": 172, "y": 991}, {"x": 129, "y": 991}]}}, {"confidence": 0.979999959, "description": "payable", "boundingPoly": {"vertices": [{"x": 171, "y": 977}, {"x": 219, "y": 977}, {"x": 219, "y": 993}, {"x": 171, "y": 993}]}}, {"confidence": 0.98999995, "description": "to:", "boundingPoly": {"vertices": [{"x": 218, "y": 976}, {"x": 236, "y": 976}, {"x": 236, "y": 991}, {"x": 218, "y": 991}]}}, {"confidence": 0.98999995, "description": "East", "boundingPoly": {"vertices": [{"x": 237, "y": 976}, {"x": 266, "y": 976}, {"x": 266, "y": 990}, {"x": 237, "y": 990}]}}, {"confidence": 0.98999995, "description": "Repair", "boundingPoly": {"vertices": [{"x": 265, "y": 977}, {"x": 307, "y": 977}, {"x": 307, "y": 993}, {"x": 265, "y": 993}]}}, {"confidence": 0.98999995, "description": "Inc.", "boundingPoly": {"vertices": [{"x": 307, "y": 976}, {"x": 330, "y": 976}, {"x": 330, "y": 990}, {"x": 307, "y": 990}]}}]], "width": 750, "height": 1061}], "page_count": 1}