{"api_version":"1.0","fname":"Input-6.png","original_fname":"Input-6.png","fields":{"name":"East Repair Inc.","vendor-addr":"1912 Harvest Lane New York, NY 12210","billing-name":"John Smith","billing-addr":"2 Court Square New York, NY 12210","shipping-addr":"John Smith 3787 Pineview Drive Cambridge, MA 12210","invoice-no":"US-001","po-no":"2312/2019","vendor-vat-no":"","date":"2019-02-11","due-date":"2019-02-26","tax":"9.06","total":"154.06","payment-terms":"15 days","net-amount":"145.00","discount":"","shipping-charges":"","payment-addr":"","billing-vat-no":"","currency":"USD"},"items":[{"instance":1,"values":{"description":"Front and rear brake cables","quantity":"1","unit-price":"100.00","line-amount":"100.00"}},{"instance":2,"values":{"description":"New set of pedal arms","quantity":"2","unit-price":"15.00","line-amount":"30.00"}},{"instance":3,"values":{"description":"Labor 3hrs","quantity":"3","unit-price":"5.00","line-amount":"15.00"}}],"pages":[{"page_rotation":0,"page_no":0,"width":750.0,"height":1061.0,"words":[{"description":"US-001","boundingPoly":{"vertices":[{"x":104.0,"y":67.0},{"x":206.0,"y":67.0},{"x":206.0,"y":92.0},{"x":104.0,"y":92.0}]},"line":0,"tag":"invoice-no"},{"description":"East","boundingPoly":{"vertices":[{"x":44.0,"y":130.0},{"x":79.0,"y":130.0},{"x":79.0,"y":146.0},{"x":44.0,"y":146.0}]},"line":1,"tag":"name"},{"description":"Repair","boundingPoly":{"vertices":[{"x":79.0,"y":130.0},{"x":127.0,"y":130.0},{"x":127.0,"y":149.0},{"x":79.0,"y":149.0}]},"line":1,"tag":"name"},{"description":"Inc.","boundingPoly":{"vertices":[{"x":127.0,"y":129.0},{"x":155.0,"y":129.0},{"x":155.0,"y":146.0},{"x":127.0,"y":146.0}]},"line":1,"tag":"name"},{"description":"1912","boundingPoly":{"vertices":[{"x":44.0,"y":150.0},{"x":79.0,"y":150.0},{"x":79.0,"y":166.0},{"x":44.0,"y":166.0}]},"line":2,"tag":"vendor-addr"},{"description":"Harvest","boundingPoly":{"vertices":[{"x":78.0,"y":150.0},{"x":130.0,"y":150.0},{"x":130.0,"y":166.0},{"x":78.0,"y":166.0}]},"line":2,"tag":"vendor-addr"},{"description":"Lane","boundingPoly":{"vertices":[{"x":130.0,"y":150.0},{"x":165.0,"y":150.0},{"x":165.0,"y":166.0},{"x":130.0,"y":166.0}]},"line":2,"tag":"vendor-addr"},{"description":"New","boundingPoly":{"vertices":[{"x":44.0,"y":168.0},{"x":76.0,"y":168.0},{"x":76.0,"y":184.0},{"x":44.0,"y":184.0}]},"line":3,"tag":"vendor-addr"},{"description":"York,","boundingPoly":{"vertices":[{"x":75.0,"y":168.0},{"x":110.0,"y":168.0},{"x":110.0,"y":186.0},{"x":75.0,"y":186.0}]},"line":3,"tag":"vendor-addr"},{"description":"NY","boundingPoly":{"vertices":[{"x":111.0,"y":169.0},{"x":134.0,"y":169.0},{"x":134.0,"y":184.0},{"x":111.0,"y":184.0}]},"line":3,"tag":"vendor-addr"},{"description":"12210","boundingPoly":{"vertices":[{"x":135.0,"y":168.0},{"x":177.0,"y":168.0},{"x":177.0,"y":184.0},{"x":135.0,"y":184.0}]},"line":3,"tag":"vendor-addr"},{"description":"Bill","boundingPoly":{"vertices":[{"x":44.0,"y":230.0},{"x":68.0,"y":230.0},{"x":68.0,"y":246.0},{"x":44.0,"y":246.0}]},"line":6,"tag":""},{"description":"To","boundingPoly":{"vertices":[{"x":68.0,"y":230.0},{"x":89.0,"y":230.0},{"x":89.0,"y":246.0},{"x":68.0,"y":246.0}]},"line":6,"tag":""},{"description":"Ship","boundingPoly":{"vertices":[{"x":199.0,"y":230.0},{"x":233.0,"y":230.0},{"x":233.0,"y":249.0},{"x":199.0,"y":249.0}]},"line":6,"tag":""},{"description":"To","boundingPoly":{"vertices":[{"x":233.0,"y":230.0},{"x":255.0,"y":230.0},{"x":255.0,"y":247.0},{"x":233.0,"y":247.0}]},"line":6,"tag":""},{"description":"John","boundingPoly":{"vertices":[{"x":43.0,"y":251.0},{"x":77.0,"y":251.0},{"x":77.0,"y":267.0},{"x":43.0,"y":267.0}]},"line":7,"tag":"billing-name"},{"description":"Smith","boundingPoly":{"vertices":[{"x":77.0,"y":251.0},{"x":117.0,"y":251.0},{"x":117.0,"y":267.0},{"x":77.0,"y":267.0}]},"line":7,"tag":"billing-name"},{"description":"John","boundingPoly":{"vertices":[{"x":198.0,"y":251.0},{"x":233.0,"y":251.0},{"x":233.0,"y":267.0},{"x":198.0,"y":267.0}]},"line":7,"tag":"shipping-addr"},{"description":"Smith","boundingPoly":{"vertices":[{"x":232.0,"y":251.0},{"x":272.0,"y":251.0},{"x":272.0,"y":266.0},{"x":232.0,"y":266.0}]},"line":7,"tag":"shipping-addr"},{"description":"2","boundingPoly":{"vertices":[{"x":43.0,"y":270.0},{"x":55.0,"y":270.0},{"x":55.0,"y":285.0},{"x":43.0,"y":285.0}]},"line":8,"tag":"billing-addr"},{"description":"Court","boundingPoly":{"vertices":[{"x":56.0,"y":269.0},{"x":93.0,"y":269.0},{"x":93.0,"y":285.0},{"x":56.0,"y":285.0}]},"line":8,"tag":"billing-addr"},{"description":"Square","boundingPoly":{"vertices":[{"x":94.0,"y":269.0},{"x":141.0,"y":269.0},{"x":141.0,"y":287.0},{"x":94.0,"y":287.0}]},"line":8,"tag":"billing-addr"},{"description":"3787","boundingPoly":{"vertices":[{"x":199.0,"y":269.0},{"x":233.0,"y":269.0},{"x":233.0,"y":285.0},{"x":199.0,"y":285.0}]},"line":8,"tag":"shipping-addr"},{"description":"Pineview","boundingPoly":{"vertices":[{"x":234.0,"y":269.0},{"x":294.0,"y":269.0},{"x":294.0,"y":285.0},{"x":234.0,"y":285.0}]},"line":8,"tag":"shipping-addr"},{"description":"Drive","boundingPoly":{"vertices":[{"x":293.0,"y":269.0},{"x":329.0,"y":269.0},{"x":329.0,"y":285.0},{"x":293.0,"y":285.0}]},"line":8,"tag":"shipping-addr"},{"description":"New","boundingPoly":{"vertices":[{"x":44.0,"y":288.0},{"x":75.0,"y":288.0},{"x":75.0,"y":303.0},{"x":44.0,"y":303.0}]},"line":9,"tag":"billing-addr"},{"description":"York,","boundingPoly":{"vertices":[{"x":74.0,"y":287.0},{"x":110.0,"y":287.0},{"x":110.0,"y":304.0},{"x":74.0,"y":304.0}]},"line":9,"tag":"billing-addr"},{"description":"NY","boundingPoly":{"vertices":[{"x":110.0,"y":287.0},{"x":135.0,"y":287.0},{"x":135.0,"y":303.0},{"x":110.0,"y":303.0}]},"line":9,"tag":"billing-addr"},{"description":"12210","boundingPoly":{"vertices":[{"x":135.0,"y":287.0},{"x":177.0,"y":287.0},{"x":177.0,"y":303.0},{"x":135.0,"y":303.0}]},"line":9,"tag":"billing-addr"},{"description":"Cambridge,","boundingPoly":{"vertices":[{"x":199.0,"y":288.0},{"x":274.0,"y":288.0},{"x":274.0,"y":305.0},{"x":199.0,"y":305.0}]},"line":9,"tag":"shipping-addr"},{"description":"MA","boundingPoly":{"vertices":[{"x":274.0,"y":288.0},{"x":299.0,"y":288.0},{"x":299.0,"y":303.0},{"x":274.0,"y":303.0}]},"line":9,"tag":"shipping-addr"},{"description":"12210","boundingPoly":{"vertices":[{"x":299.0,"y":287.0},{"x":341.0,"y":287.0},{"x":341.0,"y":303.0},{"x":299.0,"y":303.0}]},"line":9,"tag":"shipping-addr"},{"description":"Invoice","boundingPoly":{"vertices":[{"x":510.0,"y":151.0},{"x":557.0,"y":151.0},{"x":557.0,"y":165.0},{"x":510.0,"y":165.0}]},"line":2,"tag":""},{"description":"Date","boundingPoly":{"vertices":[{"x":558.0,"y":150.0},{"x":588.0,"y":150.0},{"x":588.0,"y":165.0},{"x":558.0,"y":165.0}]},"line":2,"tag":""},{"description":"11/02/2019","boundingPoly":{"vertices":[{"x":516.0,"y":167.0},{"x":582.0,"y":167.0},{"x":582.0,"y":182.0},{"x":516.0,"y":182.0}]},"line":3,"tag":"date"},{"description":"P.O.#","boundingPoly":{"vertices":[{"x":531.0,"y":201.0},{"x":568.0,"y":201.0},{"x":568.0,"y":215.0},{"x":531.0,"y":215.0}]},"line":4,"tag":""},{"description":"2312/2019","boundingPoly":{"vertices":[{"x":516.0,"y":217.0},{"x":581.0,"y":217.0},{"x":581.0,"y":233.0},{"x":516.0,"y":233.0}]},"line":5,"tag":"po-no"},{"description":"Due","boundingPoly":{"vertices":[{"x":520.0,"y":252.0},{"x":548.0,"y":252.0},{"x":548.0,"y":266.0},{"x":520.0,"y":266.0}]},"line":7,"tag":""},{"description":"Date","boundingPoly":{"vertices":[{"x":548.0,"y":252.0},{"x":579.0,"y":252.0},{"x":579.0,"y":266.0},{"x":548.0,"y":266.0}]},"line":7,"tag":""},{"description":"26/02/2019","boundingPoly":{"vertices":[{"x":515.0,"y":268.0},{"x":583.0,"y":268.0},{"x":583.0,"y":283.0},{"x":515.0,"y":283.0}]},"line":8,"tag":"due-date"},{"description":"QTY","boundingPoly":{"vertices":[{"x":44.0,"y":441.0},{"x":79.0,"y":441.0},{"x":79.0,"y":458.0},{"x":44.0,"y":458.0}]},"line":10,"tag":""},{"description":"DESCRIPTION","boundingPoly":{"vertices":[{"x":121.0,"y":442.0},{"x":227.0,"y":442.0},{"x":227.0,"y":457.0},{"x":121.0,"y":457.0}]},"line":10,"tag":""},{"description":"UNIT","boundingPoly":{"vertices":[{"x":497.0,"y":441.0},{"x":536.0,"y":441.0},{"x":536.0,"y":458.0},{"x":497.0,"y":458.0}]},"line":10,"tag":""},{"description":"PRICE","boundingPoly":{"vertices":[{"x":536.0,"y":441.0},{"x":586.0,"y":441.0},{"x":586.0,"y":458.0},{"x":536.0,"y":458.0}]},"line":10,"tag":""},{"description":"AMOUNT","boundingPoly":{"vertices":[{"x":611.0,"y":441.0},{"x":682.0,"y":441.0},{"x":682.0,"y":458.0},{"x":611.0,"y":458.0}]},"line":10,"tag":""},{"description":"1","boundingPoly":{"vertices":[{"x":46.0,"y":468.0},{"x":56.0,"y":468.0},{"x":56.0,"y":483.0},{"x":46.0,"y":483.0}]},"line":11,"tag":"quantity","instance":1},{"description":"Front","boundingPoly":{"vertices":[{"x":123.0,"y":468.0},{"x":158.0,"y":468.0},{"x":158.0,"y":483.0},{"x":123.0,"y":483.0}]},"line":11,"tag":"description","instance":1},{"description":"and","boundingPoly":{"vertices":[{"x":158.0,"y":468.0},{"x":185.0,"y":468.0},{"x":185.0,"y":483.0},{"x":158.0,"y":483.0}]},"line":11,"tag":"description","instance":1},{"description":"rear","boundingPoly":{"vertices":[{"x":185.0,"y":471.0},{"x":215.0,"y":471.0},{"x":215.0,"y":484.0},{"x":185.0,"y":484.0}]},"line":11,"tag":"description","instance":1},{"description":"brake","boundingPoly":{"vertices":[{"x":214.0,"y":468.0},{"x":252.0,"y":468.0},{"x":252.0,"y":483.0},{"x":214.0,"y":483.0}]},"line":11,"tag":"description","instance":1},{"description":"cables","boundingPoly":{"vertices":[{"x":252.0,"y":468.0},{"x":297.0,"y":468.0},{"x":297.0,"y":483.0},{"x":252.0,"y":483.0}]},"line":11,"tag":"description","instance":1},{"description":"100.00","boundingPoly":{"vertices":[{"x":541.0,"y":468.0},{"x":586.0,"y":468.0},{"x":586.0,"y":484.0},{"x":541.0,"y":484.0}]},"line":11,"tag":"unit-price","instance":1},{"description":"100.00","boundingPoly":{"vertices":[{"x":657.0,"y":468.0},{"x":702.0,"y":468.0},{"x":702.0,"y":483.0},{"x":657.0,"y":483.0}]},"line":11,"tag":"line-amount","instance":1},{"description":"2","boundingPoly":{"vertices":[{"x":44.0,"y":492.0},{"x":57.0,"y":492.0},{"x":57.0,"y":508.0},{"x":44.0,"y":508.0}]},"line":12,"tag":"quantity","instance":2},{"description":"New","boundingPoly":{"vertices":[{"x":123.0,"y":493.0},{"x":154.0,"y":493.0},{"x":154.0,"y":508.0},{"x":123.0,"y":508.0}]},"line":12,"tag":"description","instance":2},{"description":"set","boundingPoly":{"vertices":[{"x":153.0,"y":493.0},{"x":176.0,"y":493.0},{"x":176.0,"y":508.0},{"x":153.0,"y":508.0}]},"line":12,"tag":"description","instance":2},{"description":"of","boundingPoly":{"vertices":[{"x":176.0,"y":493.0},{"x":192.0,"y":493.0},{"x":192.0,"y":508.0},{"x":176.0,"y":508.0}]},"line":12,"tag":"description","instance":2},{"description":"pedal","boundingPoly":{"vertices":[{"x":192.0,"y":493.0},{"x":230.0,"y":493.0},{"x":230.0,"y":510.0},{"x":192.0,"y":510.0}]},"line":12,"tag":"description","instance":2},{"description":"arms","boundingPoly":{"vertices":[{"x":229.0,"y":495.0},{"x":264.0,"y":495.0},{"x":264.0,"y":508.0},{"x":229.0,"y":508.0}]},"line":12,"tag":"description","instance":2},{"description":"15.00","boundingPoly":{"vertices":[{"x":548.0,"y":492.0},{"x":586.0,"y":492.0},{"x":586.0,"y":508.0},{"x":548.0,"y":508.0}]},"line":12,"tag":"unit-price","instance":2},{"description":"30.00","boundingPoly":{"vertices":[{"x":663.0,"y":492.0},{"x":702.0,"y":492.0},{"x":702.0,"y":508.0},{"x":663.0,"y":508.0}]},"line":12,"tag":"line-amount","instance":2},{"description":"3","boundingPoly":{"vertices":[{"x":45.0,"y":516.0},{"x":57.0,"y":516.0},{"x":57.0,"y":532.0},{"x":45.0,"y":532.0}]},"line":13,"tag":"quantity","instance":3},{"description":"Labor","boundingPoly":{"vertices":[{"x":122.0,"y":517.0},{"x":162.0,"y":517.0},{"x":162.0,"y":532.0},{"x":122.0,"y":532.0}]},"line":13,"tag":"description","instance":3},{"description":"3hrs","boundingPoly":{"vertices":[{"x":161.0,"y":516.0},{"x":193.0,"y":516.0},{"x":193.0,"y":532.0},{"x":161.0,"y":532.0}]},"line":13,"tag":"description","instance":3},{"description":"5.00","boundingPoly":{"vertices":[{"x":556.0,"y":517.0},{"x":586.0,"y":517.0},{"x":586.0,"y":532.0},{"x":556.0,"y":532.0}]},"line":13,"tag":"unit-price","instance":3},{"description":"15.00","boundingPoly":{"vertices":[{"x":664.0,"y":516.0},{"x":703.0,"y":516.0},{"x":703.0,"y":532.0},{"x":664.0,"y":532.0}]},"line":13,"tag":"line-amount","instance":3},{"description":" ","boundingPoly":{"vertices":[{"x":0.0,"y":0.0},{"x":0.0,"y":0.0},{"x":0.0,"y":0.0},{"x":0.0,"y":0.0}]},"line":-1,"tag":""},{"description":" ","boundingPoly":{"vertices":[{"x":0.0,"y":0.0},{"x":0.0,"y":0.0},{"x":0.0,"y":0.0},{"x":0.0,"y":0.0}]},"line":-1,"tag":""},{"description":"Subtotal","boundingPoly":{"vertices":[{"x":527.0,"y":543.0},{"x":586.0,"y":543.0},{"x":586.0,"y":559.0},{"x":527.0,"y":559.0}]},"line":14,"tag":""},{"description":"145.00","boundingPoly":{"vertices":[{"x":657.0,"y":543.0},{"x":703.0,"y":543.0},{"x":703.0,"y":559.0},{"x":657.0,"y":559.0}]},"line":14,"tag":"net-amount"},{"description":" ","boundingPoly":{"vertices":[{"x":0.0,"y":0.0},{"x":0.0,"y":0.0},{"x":0.0,"y":0.0},{"x":0.0,"y":0.0}]},"line":-1,"tag":""},{"description":" ","boundingPoly":{"vertices":[{"x":0.0,"y":0.0},{"x":0.0,"y":0.0},{"x":0.0,"y":0.0},{"x":0.0,"y":0.0}]},"line":-1,"tag":""},{"description":"Sales","boundingPoly":{"vertices":[{"x":475.0,"y":569.0},{"x":515.0,"y":569.0},{"x":515.0,"y":585.0},{"x":475.0,"y":585.0}]},"line":15,"tag":""},{"description":"Tax","boundingPoly":{"vertices":[{"x":515.0,"y":569.0},{"x":544.0,"y":569.0},{"x":544.0,"y":585.0},{"x":515.0,"y":585.0}]},"line":15,"tag":""},{"description":"6.25%","boundingPoly":{"vertices":[{"x":542.0,"y":569.0},{"x":586.0,"y":569.0},{"x":586.0,"y":585.0},{"x":542.0,"y":585.0}]},"line":15,"tag":""},{"description":"9.06","boundingPoly":{"vertices":[{"x":671.0,"y":570.0},{"x":702.0,"y":570.0},{"x":702.0,"y":585.0},{"x":671.0,"y":585.0}]},"line":15,"tag":"tax"},{"description":"Invoice","boundingPoly":{"vertices":[{"x":45.0,"y":614.0},{"x":122.0,"y":614.0},{"x":122.0,"y":633.0},{"x":45.0,"y":633.0}]},"line":16,"tag":""},{"description":"Total:","boundingPoly":{"vertices":[{"x":125.0,"y":614.0},{"x":187.0,"y":614.0},{"x":187.0,"y":633.0},{"x":125.0,"y":633.0}]},"line":16,"tag":""},{"description":"$154.06","boundingPoly":{"vertices":[{"x":609.0,"y":613.0},{"x":704.0,"y":613.0},{"x":704.0,"y":635.0},{"x":609.0,"y":635.0}]},"line":16,"tag":"total"},{"description":"SNNSAth","boundingPoly":{"vertices":[{"x":567.0,"y":666.0},{"x":710.0,"y":666.0},{"x":710.0,"y":721.0},{"x":567.0,"y":721.0}]},"line":17,"tag":""},{"description":"Terms","boundingPoly":{"vertices":[{"x":425.0,"y":854.0},{"x":464.0,"y":854.0},{"x":464.0,"y":868.0},{"x":425.0,"y":868.0}]},"line":18,"tag":""},{"description":"&","boundingPoly":{"vertices":[{"x":464.0,"y":854.0},{"x":476.0,"y":854.0},{"x":476.0,"y":868.0},{"x":464.0,"y":868.0}]},"line":18,"tag":""},{"description":"Conditions","boundingPoly":{"vertices":[{"x":476.0,"y":854.0},{"x":539.0,"y":854.0},{"x":539.0,"y":868.0},{"x":476.0,"y":868.0}]},"line":18,"tag":""},{"description":"Payment","boundingPoly":{"vertices":[{"x":425.0,"y":881.0},{"x":474.0,"y":881.0},{"x":474.0,"y":896.0},{"x":425.0,"y":896.0}]},"line":19,"tag":""},{"description":"is","boundingPoly":{"vertices":[{"x":472.0,"y":880.0},{"x":484.0,"y":880.0},{"x":484.0,"y":894.0},{"x":472.0,"y":894.0}]},"line":19,"tag":""},{"description":"due","boundingPoly":{"vertices":[{"x":483.0,"y":881.0},{"x":507.0,"y":881.0},{"x":507.0,"y":894.0},{"x":483.0,"y":894.0}]},"line":19,"tag":""},{"description":"within","boundingPoly":{"vertices":[{"x":506.0,"y":880.0},{"x":539.0,"y":880.0},{"x":539.0,"y":894.0},{"x":506.0,"y":894.0}]},"line":19,"tag":""},{"description":"15","boundingPoly":{"vertices":[{"x":538.0,"y":880.0},{"x":554.0,"y":880.0},{"x":554.0,"y":894.0},{"x":538.0,"y":894.0}]},"line":19,"tag":"payment-terms"},{"description":"days","boundingPoly":{"vertices":[{"x":553.0,"y":880.0},{"x":582.0,"y":880.0},{"x":582.0,"y":896.0},{"x":553.0,"y":896.0}]},"line":19,"tag":"payment-terms"},{"description":"Please","boundingPoly":{"vertices":[{"x":425.0,"y":906.0},{"x":463.0,"y":906.0},{"x":463.0,"y":920.0},{"x":425.0,"y":920.0}]},"line":20,"tag":""},{"description":"make","boundingPoly":{"vertices":[{"x":462.0,"y":906.0},{"x":494.0,"y":906.0},{"x":494.0,"y":920.0},{"x":462.0,"y":920.0}]},"line":20,"tag":""},{"description":"checks","boundingPoly":{"vertices":[{"x":494.0,"y":906.0},{"x":533.0,"y":906.0},{"x":533.0,"y":920.0},{"x":494.0,"y":920.0}]},"line":20,"tag":""},{"description":"payable","boundingPoly":{"vertices":[{"x":531.0,"y":906.0},{"x":575.0,"y":906.0},{"x":575.0,"y":922.0},{"x":531.0,"y":922.0}]},"line":20,"tag":""},{"description":"to:","boundingPoly":{"vertices":[{"x":574.0,"y":906.0},{"x":591.0,"y":906.0},{"x":591.0,"y":920.0},{"x":574.0,"y":920.0}]},"line":20,"tag":""},{"description":"East","boundingPoly":{"vertices":[{"x":590.0,"y":906.0},{"x":617.0,"y":906.0},{"x":617.0,"y":919.0},{"x":590.0,"y":919.0}]},"line":20,"tag":""},{"description":"Repair","boundingPoly":{"vertices":[{"x":616.0,"y":906.0},{"x":655.0,"y":906.0},{"x":655.0,"y":922.0},{"x":616.0,"y":922.0}]},"line":20,"tag":""},{"description":"Inc.","boundingPoly":{"vertices":[{"x":654.0,"y":906.0},{"x":675.0,"y":906.0},{"x":675.0,"y":920.0},{"x":654.0,"y":920.0}]},"line":20,"tag":""}]}]}