{"api_version":"1.0","fname":"Input-18.png","original_fname":"Input-18.png","fields":{"name":"East Repair Inc. LOGO","vendor-addr":"1912 Harvest Lane New York, NY 12210","billing-name":"John Smith","billing-addr":"2 Court Square New York, NY 12210","shipping-addr":"John Smith 3787 Pineview Drive Cambridge, MA 12210","invoice-no":"","po-no":"2312/2019","vendor-vat-no":"","date":"2019-02-11","due-date":"2019-02-26","tax":"9.06","total":"154.06","payment-terms":"within 15 days","net-amount":"145.00","discount":"","shipping-charges":"","payment-addr":"","billing-vat-no":"","currency":"USD"},"items":[{"instance":1,"values":{"description":"Front and rear brake cables","quantity":"1","unit-price":"100.00","line-amount":"100.00"}},{"instance":2,"values":{"description":"New set of pedal arms","quantity":"2","unit-price":"15.00","line-amount":"30.00"}},{"instance":3,"values":{"description":"Labor 3hrs","quantity":"3","unit-price":"5.00","line-amount":"15.00"}}],"pages":[{"page_rotation":0,"page_no":0,"width":750.0,"height":1061.0,"words":[{"description":"East","boundingPoly":{"vertices":[{"x":98.0,"y":75.0},{"x":143.0,"y":75.0},{"x":143.0,"y":96.0},{"x":98.0,"y":96.0}]},"line":0,"tag":"name"},{"description":"Repair","boundingPoly":{"vertices":[{"x":144.0,"y":76.0},{"x":208.0,"y":76.0},{"x":208.0,"y":100.0},{"x":144.0,"y":100.0}]},"line":0,"tag":"name"},{"description":"Inc.","boundingPoly":{"vertices":[{"x":209.0,"y":76.0},{"x":244.0,"y":76.0},{"x":244.0,"y":96.0},{"x":209.0,"y":96.0}]},"line":0,"tag":"name"},{"description":"1912","boundingPoly":{"vertices":[{"x":98.0,"y":115.0},{"x":130.0,"y":115.0},{"x":130.0,"y":131.0},{"x":98.0,"y":131.0}]},"line":1,"tag":"vendor-addr"},{"description":"Harvest","boundingPoly":{"vertices":[{"x":129.0,"y":116.0},{"x":177.0,"y":116.0},{"x":177.0,"y":130.0},{"x":129.0,"y":130.0}]},"line":1,"tag":"vendor-addr"},{"description":"Lane","boundingPoly":{"vertices":[{"x":176.0,"y":116.0},{"x":209.0,"y":116.0},{"x":209.0,"y":131.0},{"x":176.0,"y":131.0}]},"line":1,"tag":"vendor-addr"},{"description":"New","boundingPoly":{"vertices":[{"x":98.0,"y":133.0},{"x":127.0,"y":133.0},{"x":127.0,"y":148.0},{"x":98.0,"y":148.0}]},"line":2,"tag":"vendor-addr"},{"description":"York,","boundingPoly":{"vertices":[{"x":126.0,"y":133.0},{"x":159.0,"y":133.0},{"x":159.0,"y":150.0},{"x":126.0,"y":150.0}]},"line":2,"tag":"vendor-addr"},{"description":"NY","boundingPoly":{"vertices":[{"x":159.0,"y":133.0},{"x":181.0,"y":133.0},{"x":181.0,"y":148.0},{"x":159.0,"y":148.0}]},"line":2,"tag":"vendor-addr"},{"description":"12210","boundingPoly":{"vertices":[{"x":181.0,"y":134.0},{"x":220.0,"y":134.0},{"x":220.0,"y":149.0},{"x":181.0,"y":149.0}]},"line":2,"tag":"vendor-addr"},{"description":"LOGO","boundingPoly":{"vertices":[{"x":615.0,"y":110.0},{"x":686.0,"y":110.0},{"x":686.0,"y":137.0},{"x":615.0,"y":137.0}]},"line":1,"tag":"name"},{"description":"AO","boundingPoly":{"vertices":[{"x":39.0,"y":263.0},{"x":79.0,"y":263.0},{"x":79.0,"y":392.0},{"x":39.0,"y":392.0}]},"line":5,"tag":""},{"description":"Qty","boundingPoly":{"vertices":[{"x":117.0,"y":347.0},{"x":142.0,"y":347.0},{"x":142.0,"y":365.0},{"x":117.0,"y":365.0}]},"line":7,"tag":""},{"description":"Bill","boundingPoly":{"vertices":[{"x":98.0,"y":219.0},{"x":122.0,"y":219.0},{"x":122.0,"y":232.0},{"x":98.0,"y":232.0}]},"line":3,"tag":""},{"description":"To","boundingPoly":{"vertices":[{"x":121.0,"y":218.0},{"x":140.0,"y":218.0},{"x":140.0,"y":233.0},{"x":121.0,"y":233.0}]},"line":3,"tag":""},{"description":"Ship","boundingPoly":{"vertices":[{"x":302.0,"y":218.0},{"x":333.0,"y":218.0},{"x":333.0,"y":235.0},{"x":302.0,"y":235.0}]},"line":3,"tag":""},{"description":"To","boundingPoly":{"vertices":[{"x":332.0,"y":219.0},{"x":352.0,"y":219.0},{"x":352.0,"y":233.0},{"x":332.0,"y":233.0}]},"line":3,"tag":""},{"description":"Invoice","boundingPoly":{"vertices":[{"x":512.0,"y":219.0},{"x":559.0,"y":219.0},{"x":559.0,"y":233.0},{"x":512.0,"y":233.0}]},"line":3,"tag":""},{"description":"Date","boundingPoly":{"vertices":[{"x":559.0,"y":219.0},{"x":590.0,"y":219.0},{"x":590.0,"y":233.0},{"x":559.0,"y":233.0}]},"line":3,"tag":""},{"description":"11/02/2019","boundingPoly":{"vertices":[{"x":632.0,"y":218.0},{"x":698.0,"y":218.0},{"x":698.0,"y":233.0},{"x":632.0,"y":233.0}]},"line":3,"tag":"date"},{"description":"John","boundingPoly":{"vertices":[{"x":97.0,"y":245.0},{"x":129.0,"y":245.0},{"x":129.0,"y":260.0},{"x":97.0,"y":260.0}]},"line":4,"tag":"billing-name"},{"description":"Smith","boundingPoly":{"vertices":[{"x":128.0,"y":245.0},{"x":165.0,"y":245.0},{"x":165.0,"y":260.0},{"x":128.0,"y":260.0}]},"line":4,"tag":"billing-name"},{"description":"John","boundingPoly":{"vertices":[{"x":301.0,"y":245.0},{"x":334.0,"y":245.0},{"x":334.0,"y":260.0},{"x":301.0,"y":260.0}]},"line":4,"tag":"shipping-addr"},{"description":"Smith","boundingPoly":{"vertices":[{"x":333.0,"y":245.0},{"x":369.0,"y":245.0},{"x":369.0,"y":260.0},{"x":333.0,"y":260.0}]},"line":4,"tag":"shipping-addr"},{"description":"P.O.#","boundingPoly":{"vertices":[{"x":555.0,"y":245.0},{"x":591.0,"y":245.0},{"x":591.0,"y":260.0},{"x":555.0,"y":260.0}]},"line":4,"tag":""},{"description":"2312/2019","boundingPoly":{"vertices":[{"x":634.0,"y":245.0},{"x":698.0,"y":245.0},{"x":698.0,"y":261.0},{"x":634.0,"y":261.0}]},"line":4,"tag":"po-no"},{"description":"2","boundingPoly":{"vertices":[{"x":97.0,"y":263.0},{"x":110.0,"y":263.0},{"x":110.0,"y":278.0},{"x":97.0,"y":278.0}]},"line":5,"tag":"billing-addr"},{"description":"Court","boundingPoly":{"vertices":[{"x":108.0,"y":263.0},{"x":143.0,"y":263.0},{"x":143.0,"y":279.0},{"x":108.0,"y":279.0}]},"line":5,"tag":"billing-addr"},{"description":"Square","boundingPoly":{"vertices":[{"x":142.0,"y":263.0},{"x":187.0,"y":263.0},{"x":187.0,"y":280.0},{"x":142.0,"y":280.0}]},"line":5,"tag":"billing-addr"},{"description":"3787","boundingPoly":{"vertices":[{"x":302.0,"y":263.0},{"x":334.0,"y":263.0},{"x":334.0,"y":279.0},{"x":302.0,"y":279.0}]},"line":5,"tag":"shipping-addr"},{"description":"Pineview","boundingPoly":{"vertices":[{"x":334.0,"y":263.0},{"x":388.0,"y":263.0},{"x":388.0,"y":278.0},{"x":334.0,"y":278.0}]},"line":5,"tag":"shipping-addr"},{"description":"Drive","boundingPoly":{"vertices":[{"x":387.0,"y":263.0},{"x":421.0,"y":263.0},{"x":421.0,"y":278.0},{"x":387.0,"y":278.0}]},"line":5,"tag":"shipping-addr"},{"description":" ","boundingPoly":{"vertices":[{"x":0.0,"y":0.0},{"x":0.0,"y":0.0},{"x":0.0,"y":0.0},{"x":0.0,"y":0.0}]},"line":-1,"tag":""},{"description":" ","boundingPoly":{"vertices":[{"x":0.0,"y":0.0},{"x":0.0,"y":0.0},{"x":0.0,"y":0.0},{"x":0.0,"y":0.0}]},"line":-1,"tag":""},{"description":"New","boundingPoly":{"vertices":[{"x":98.0,"y":281.0},{"x":127.0,"y":281.0},{"x":127.0,"y":297.0},{"x":98.0,"y":297.0}]},"line":6,"tag":"billing-addr"},{"description":"York,","boundingPoly":{"vertices":[{"x":126.0,"y":281.0},{"x":159.0,"y":281.0},{"x":159.0,"y":298.0},{"x":126.0,"y":298.0}]},"line":6,"tag":"billing-addr"},{"description":"NY","boundingPoly":{"vertices":[{"x":159.0,"y":282.0},{"x":181.0,"y":282.0},{"x":181.0,"y":296.0},{"x":159.0,"y":296.0}]},"line":6,"tag":"billing-addr"},{"description":"12210","boundingPoly":{"vertices":[{"x":181.0,"y":281.0},{"x":219.0,"y":281.0},{"x":219.0,"y":296.0},{"x":181.0,"y":296.0}]},"line":6,"tag":"billing-addr"},{"description":"Cambridge,","boundingPoly":{"vertices":[{"x":302.0,"y":281.0},{"x":370.0,"y":281.0},{"x":370.0,"y":299.0},{"x":302.0,"y":299.0}]},"line":6,"tag":"shipping-addr"},{"description":"MA","boundingPoly":{"vertices":[{"x":371.0,"y":281.0},{"x":393.0,"y":281.0},{"x":393.0,"y":296.0},{"x":371.0,"y":296.0}]},"line":6,"tag":"shipping-addr"},{"description":"12210","boundingPoly":{"vertices":[{"x":394.0,"y":282.0},{"x":432.0,"y":282.0},{"x":432.0,"y":297.0},{"x":394.0,"y":297.0}]},"line":6,"tag":"shipping-addr"},{"description":"Due","boundingPoly":{"vertices":[{"x":532.0,"y":273.0},{"x":559.0,"y":273.0},{"x":559.0,"y":287.0},{"x":532.0,"y":287.0}]},"line":5,"tag":""},{"description":"Date","boundingPoly":{"vertices":[{"x":559.0,"y":273.0},{"x":590.0,"y":273.0},{"x":590.0,"y":287.0},{"x":559.0,"y":287.0}]},"line":5,"tag":""},{"description":"26/02/2019","boundingPoly":{"vertices":[{"x":631.0,"y":273.0},{"x":699.0,"y":273.0},{"x":699.0,"y":287.0},{"x":631.0,"y":287.0}]},"line":5,"tag":"due-date"},{"description":"Description","boundingPoly":{"vertices":[{"x":282.0,"y":347.0},{"x":355.0,"y":347.0},{"x":355.0,"y":365.0},{"x":282.0,"y":365.0}]},"line":7,"tag":""},{"description":"Unit","boundingPoly":{"vertices":[{"x":501.0,"y":347.0},{"x":530.0,"y":347.0},{"x":530.0,"y":362.0},{"x":501.0,"y":362.0}]},"line":7,"tag":""},{"description":"Price","boundingPoly":{"vertices":[{"x":529.0,"y":347.0},{"x":564.0,"y":347.0},{"x":564.0,"y":362.0},{"x":529.0,"y":362.0}]},"line":7,"tag":""},{"description":"Amount","boundingPoly":{"vertices":[{"x":613.0,"y":348.0},{"x":666.0,"y":348.0},{"x":666.0,"y":362.0},{"x":613.0,"y":362.0}]},"line":7,"tag":""},{"description":"1","boundingPoly":{"vertices":[{"x":106.0,"y":381.0},{"x":115.0,"y":381.0},{"x":115.0,"y":394.0},{"x":106.0,"y":394.0}]},"line":8,"tag":"quantity","instance":1},{"description":"Front","boundingPoly":{"vertices":[{"x":164.0,"y":381.0},{"x":198.0,"y":381.0},{"x":198.0,"y":395.0},{"x":164.0,"y":395.0}]},"line":8,"tag":"description","instance":1},{"description":"and","boundingPoly":{"vertices":[{"x":197.0,"y":380.0},{"x":222.0,"y":380.0},{"x":222.0,"y":394.0},{"x":197.0,"y":394.0}]},"line":8,"tag":"description","instance":1},{"description":"rear","boundingPoly":{"vertices":[{"x":221.0,"y":382.0},{"x":248.0,"y":382.0},{"x":248.0,"y":395.0},{"x":221.0,"y":395.0}]},"line":8,"tag":"description","instance":1},{"description":"brake","boundingPoly":{"vertices":[{"x":247.0,"y":380.0},{"x":282.0,"y":380.0},{"x":282.0,"y":395.0},{"x":247.0,"y":395.0}]},"line":8,"tag":"description","instance":1},{"description":"cables","boundingPoly":{"vertices":[{"x":282.0,"y":380.0},{"x":323.0,"y":380.0},{"x":323.0,"y":395.0},{"x":282.0,"y":395.0}]},"line":8,"tag":"description","instance":1},{"description":"100.00","boundingPoly":{"vertices":[{"x":540.0,"y":381.0},{"x":582.0,"y":381.0},{"x":582.0,"y":395.0},{"x":540.0,"y":395.0}]},"line":8,"tag":"unit-price","instance":1},{"description":"100.00","boundingPoly":{"vertices":[{"x":649.0,"y":380.0},{"x":691.0,"y":380.0},{"x":691.0,"y":395.0},{"x":649.0,"y":395.0}]},"line":8,"tag":"line-amount","instance":1},{"description":"2","boundingPoly":{"vertices":[{"x":104.0,"y":417.0},{"x":116.0,"y":417.0},{"x":116.0,"y":432.0},{"x":104.0,"y":432.0}]},"line":9,"tag":"quantity","instance":2},{"description":"New","boundingPoly":{"vertices":[{"x":164.0,"y":418.0},{"x":193.0,"y":418.0},{"x":193.0,"y":431.0},{"x":164.0,"y":431.0}]},"line":9,"tag":"description","instance":2},{"description":"set","boundingPoly":{"vertices":[{"x":193.0,"y":418.0},{"x":213.0,"y":418.0},{"x":213.0,"y":432.0},{"x":193.0,"y":432.0}]},"line":9,"tag":"description","instance":2},{"description":"of","boundingPoly":{"vertices":[{"x":213.0,"y":417.0},{"x":228.0,"y":417.0},{"x":228.0,"y":432.0},{"x":213.0,"y":432.0}]},"line":9,"tag":"description","instance":2},{"description":"pedal","boundingPoly":{"vertices":[{"x":227.0,"y":417.0},{"x":262.0,"y":417.0},{"x":262.0,"y":434.0},{"x":227.0,"y":434.0}]},"line":9,"tag":"description","instance":2},{"description":"arms","boundingPoly":{"vertices":[{"x":262.0,"y":419.0},{"x":293.0,"y":419.0},{"x":293.0,"y":432.0},{"x":262.0,"y":432.0}]},"line":9,"tag":"description","instance":2},{"description":"15.00","boundingPoly":{"vertices":[{"x":547.0,"y":417.0},{"x":582.0,"y":417.0},{"x":582.0,"y":432.0},{"x":547.0,"y":432.0}]},"line":9,"tag":"unit-price","instance":2},{"description":"30.00","boundingPoly":{"vertices":[{"x":655.0,"y":417.0},{"x":691.0,"y":417.0},{"x":691.0,"y":432.0},{"x":655.0,"y":432.0}]},"line":9,"tag":"line-amount","instance":2},{"description":"3","boundingPoly":{"vertices":[{"x":105.0,"y":454.0},{"x":117.0,"y":454.0},{"x":117.0,"y":469.0},{"x":105.0,"y":469.0}]},"line":10,"tag":"quantity","instance":3},{"description":"Labor","boundingPoly":{"vertices":[{"x":164.0,"y":454.0},{"x":200.0,"y":454.0},{"x":200.0,"y":469.0},{"x":164.0,"y":469.0}]},"line":10,"tag":"description","instance":3},{"description":"3hrs","boundingPoly":{"vertices":[{"x":200.0,"y":454.0},{"x":228.0,"y":454.0},{"x":228.0,"y":469.0},{"x":200.0,"y":469.0}]},"line":10,"tag":"description","instance":3},{"description":"5.00","boundingPoly":{"vertices":[{"x":553.0,"y":454.0},{"x":582.0,"y":454.0},{"x":582.0,"y":469.0},{"x":553.0,"y":469.0}]},"line":10,"tag":"unit-price","instance":3},{"description":"15.00","boundingPoly":{"vertices":[{"x":655.0,"y":454.0},{"x":691.0,"y":454.0},{"x":691.0,"y":469.0},{"x":655.0,"y":469.0}]},"line":10,"tag":"line-amount","instance":3},{"description":"Subtotal","boundingPoly":{"vertices":[{"x":477.0,"y":503.0},{"x":528.0,"y":503.0},{"x":528.0,"y":518.0},{"x":477.0,"y":518.0}]},"line":11,"tag":""},{"description":"145.00","boundingPoly":{"vertices":[{"x":649.0,"y":504.0},{"x":691.0,"y":504.0},{"x":691.0,"y":518.0},{"x":649.0,"y":518.0}]},"line":11,"tag":"net-amount"},{"description":"Sales","boundingPoly":{"vertices":[{"x":428.0,"y":536.0},{"x":463.0,"y":536.0},{"x":463.0,"y":551.0},{"x":428.0,"y":551.0}]},"line":12,"tag":""},{"description":"Tax","boundingPoly":{"vertices":[{"x":463.0,"y":536.0},{"x":488.0,"y":536.0},{"x":488.0,"y":551.0},{"x":463.0,"y":551.0}]},"line":12,"tag":""},{"description":"6.25%","boundingPoly":{"vertices":[{"x":487.0,"y":537.0},{"x":527.0,"y":537.0},{"x":527.0,"y":551.0},{"x":487.0,"y":551.0}]},"line":12,"tag":""},{"description":"9.06","boundingPoly":{"vertices":[{"x":662.0,"y":536.0},{"x":691.0,"y":536.0},{"x":691.0,"y":551.0},{"x":662.0,"y":551.0}]},"line":12,"tag":"tax"},{"description":"Total","boundingPoly":{"vertices":[{"x":481.0,"y":569.0},{"x":528.0,"y":569.0},{"x":528.0,"y":587.0},{"x":481.0,"y":587.0}]},"line":13,"tag":""},{"description":"$154.06","boundingPoly":{"vertices":[{"x":623.0,"y":568.0},{"x":691.0,"y":568.0},{"x":691.0,"y":588.0},{"x":623.0,"y":588.0}]},"line":13,"tag":"total"},{"description":"DNNSw","boundingPoly":{"vertices":[{"x":557.0,"y":624.0},{"x":699.0,"y":624.0},{"x":699.0,"y":680.0},{"x":557.0,"y":680.0}]},"line":14,"tag":""},{"description":"Terms","boundingPoly":{"vertices":[{"x":98.0,"y":900.0},{"x":138.0,"y":900.0},{"x":138.0,"y":914.0},{"x":98.0,"y":914.0}]},"line":15,"tag":""},{"description":"&","boundingPoly":{"vertices":[{"x":139.0,"y":900.0},{"x":152.0,"y":900.0},{"x":152.0,"y":914.0},{"x":139.0,"y":914.0}]},"line":15,"tag":""},{"description":"Conditions","boundingPoly":{"vertices":[{"x":152.0,"y":900.0},{"x":221.0,"y":900.0},{"x":221.0,"y":914.0},{"x":152.0,"y":914.0}]},"line":15,"tag":""},{"description":"Payment","boundingPoly":{"vertices":[{"x":98.0,"y":940.0},{"x":152.0,"y":940.0},{"x":152.0,"y":957.0},{"x":98.0,"y":957.0}]},"line":16,"tag":""},{"description":"is","boundingPoly":{"vertices":[{"x":152.0,"y":940.0},{"x":164.0,"y":940.0},{"x":164.0,"y":954.0},{"x":152.0,"y":954.0}]},"line":16,"tag":""},{"description":"due","boundingPoly":{"vertices":[{"x":164.0,"y":940.0},{"x":188.0,"y":940.0},{"x":188.0,"y":954.0},{"x":164.0,"y":954.0}]},"line":16,"tag":""},{"description":"within","boundingPoly":{"vertices":[{"x":188.0,"y":940.0},{"x":224.0,"y":940.0},{"x":224.0,"y":954.0},{"x":188.0,"y":954.0}]},"line":16,"tag":"payment-terms"},{"description":"15","boundingPoly":{"vertices":[{"x":225.0,"y":940.0},{"x":242.0,"y":940.0},{"x":242.0,"y":954.0},{"x":225.0,"y":954.0}]},"line":16,"tag":"payment-terms"},{"description":"days","boundingPoly":{"vertices":[{"x":242.0,"y":940.0},{"x":272.0,"y":940.0},{"x":272.0,"y":957.0},{"x":242.0,"y":957.0}]},"line":16,"tag":"payment-terms"},{"description":"Please","boundingPoly":{"vertices":[{"x":98.0,"y":976.0},{"x":140.0,"y":976.0},{"x":140.0,"y":990.0},{"x":98.0,"y":990.0}]},"line":17,"tag":""},{"description":"make","boundingPoly":{"vertices":[{"x":140.0,"y":976.0},{"x":175.0,"y":976.0},{"x":175.0,"y":991.0},{"x":140.0,"y":991.0}]},"line":17,"tag":""},{"description":"checks","boundingPoly":{"vertices":[{"x":174.0,"y":976.0},{"x":217.0,"y":976.0},{"x":217.0,"y":990.0},{"x":174.0,"y":990.0}]},"line":17,"tag":""},{"description":"payable","boundingPoly":{"vertices":[{"x":217.0,"y":976.0},{"x":265.0,"y":976.0},{"x":265.0,"y":993.0},{"x":217.0,"y":993.0}]},"line":17,"tag":""},{"description":"to:","boundingPoly":{"vertices":[{"x":264.0,"y":976.0},{"x":282.0,"y":976.0},{"x":282.0,"y":991.0},{"x":264.0,"y":991.0}]},"line":17,"tag":""},{"description":"East","boundingPoly":{"vertices":[{"x":282.0,"y":976.0},{"x":311.0,"y":976.0},{"x":311.0,"y":991.0},{"x":282.0,"y":991.0}]},"line":17,"tag":""},{"description":"Repair","boundingPoly":{"vertices":[{"x":310.0,"y":976.0},{"x":352.0,"y":976.0},{"x":352.0,"y":993.0},{"x":310.0,"y":993.0}]},"line":17,"tag":""},{"description":"Inc.","boundingPoly":{"vertices":[{"x":351.0,"y":976.0},{"x":375.0,"y":976.0},{"x":375.0,"y":991.0},{"x":351.0,"y":991.0}]},"line":17,"tag":""}]}]}