{"api_version":"1.0","fname":"Input-17.png","original_fname":"Input-17.png","fields":{"name":"East Repair Inc.","vendor-addr":"1912 Harvest Lane New York, NY 12210","billing-name":"John Smith","billing-addr":"2 Court Square New York, NY 12210","shipping-addr":"John Smith 3787 Pineview Drive Cambridge, MA 12210","invoice-no":"US-001","po-no":"2312/2019","vendor-vat-no":"","date":"2019-02-11","due-date":"2019-02-26","tax":"9.06","total":"154.06","payment-terms":"15 days","net-amount":"145.00","discount":"","shipping-charges":"","payment-addr":"","billing-vat-no":"","currency":"USD"},"items":[{"instance":1,"values":{"description":"Front and rear brake cables","quantity":"1","unit-price":"100.00","line-amount":"100.00"}},{"instance":2,"values":{"description":"New set of pedal arms","quantity":"2","unit-price":"15.00","line-amount":"30.00"}},{"instance":3,"values":{"description":"Labor 3hrs","quantity":"3","unit-price":"5.00","line-amount":"15.00"}}],"pages":[{"page_rotation":0,"page_no":0,"width":750.0,"height":1061.0,"words":[{"description":"East","boundingPoly":{"vertices":[{"x":53.0,"y":118.0},{"x":89.0,"y":118.0},{"x":89.0,"y":134.0},{"x":53.0,"y":134.0}]},"line":0,"tag":"name"},{"description":"Repair","boundingPoly":{"vertices":[{"x":89.0,"y":117.0},{"x":140.0,"y":117.0},{"x":140.0,"y":136.0},{"x":89.0,"y":136.0}]},"line":0,"tag":"name"},{"description":"Inc.","boundingPoly":{"vertices":[{"x":140.0,"y":117.0},{"x":169.0,"y":117.0},{"x":169.0,"y":134.0},{"x":140.0,"y":134.0}]},"line":0,"tag":"name"},{"description":"1912","boundingPoly":{"vertices":[{"x":53.0,"y":150.0},{"x":85.0,"y":150.0},{"x":85.0,"y":165.0},{"x":53.0,"y":165.0}]},"line":1,"tag":"vendor-addr"},{"description":"Harvest","boundingPoly":{"vertices":[{"x":84.0,"y":152.0},{"x":132.0,"y":152.0},{"x":132.0,"y":166.0},{"x":84.0,"y":166.0}]},"line":1,"tag":"vendor-addr"},{"description":"Lane","boundingPoly":{"vertices":[{"x":131.0,"y":151.0},{"x":164.0,"y":151.0},{"x":164.0,"y":166.0},{"x":131.0,"y":166.0}]},"line":1,"tag":"vendor-addr"},{"description":"New","boundingPoly":{"vertices":[{"x":53.0,"y":169.0},{"x":82.0,"y":169.0},{"x":82.0,"y":184.0},{"x":53.0,"y":184.0}]},"line":2,"tag":"vendor-addr"},{"description":"York,","boundingPoly":{"vertices":[{"x":81.0,"y":169.0},{"x":115.0,"y":169.0},{"x":115.0,"y":185.0},{"x":81.0,"y":185.0}]},"line":2,"tag":"vendor-addr"},{"description":"NY","boundingPoly":{"vertices":[{"x":114.0,"y":169.0},{"x":135.0,"y":169.0},{"x":135.0,"y":183.0},{"x":114.0,"y":183.0}]},"line":2,"tag":"vendor-addr"},{"description":"12210","boundingPoly":{"vertices":[{"x":135.0,"y":169.0},{"x":174.0,"y":169.0},{"x":174.0,"y":184.0},{"x":135.0,"y":184.0}]},"line":2,"tag":"vendor-addr"},{"description":"BILL","boundingPoly":{"vertices":[{"x":53.0,"y":237.0},{"x":89.0,"y":237.0},{"x":89.0,"y":253.0},{"x":53.0,"y":253.0}]},"line":3,"tag":""},{"description":"TO","boundingPoly":{"vertices":[{"x":89.0,"y":237.0},{"x":115.0,"y":237.0},{"x":115.0,"y":253.0},{"x":89.0,"y":253.0}]},"line":3,"tag":""},{"description":"SHIP","boundingPoly":{"vertices":[{"x":271.0,"y":237.0},{"x":310.0,"y":237.0},{"x":310.0,"y":253.0},{"x":271.0,"y":253.0}]},"line":3,"tag":""},{"description":"TO","boundingPoly":{"vertices":[{"x":311.0,"y":237.0},{"x":335.0,"y":237.0},{"x":335.0,"y":253.0},{"x":311.0,"y":253.0}]},"line":3,"tag":""},{"description":"INVOICE","boundingPoly":{"vertices":[{"x":460.0,"y":237.0},{"x":525.0,"y":237.0},{"x":525.0,"y":253.0},{"x":460.0,"y":253.0}]},"line":3,"tag":""},{"description":"#","boundingPoly":{"vertices":[{"x":526.0,"y":236.0},{"x":538.0,"y":236.0},{"x":538.0,"y":254.0},{"x":526.0,"y":254.0}]},"line":3,"tag":""},{"description":"US-001","boundingPoly":{"vertices":[{"x":651.0,"y":238.0},{"x":697.0,"y":238.0},{"x":697.0,"y":253.0},{"x":651.0,"y":253.0}]},"line":3,"tag":"invoice-no"},{"description":"John","boundingPoly":{"vertices":[{"x":52.0,"y":263.0},{"x":83.0,"y":263.0},{"x":83.0,"y":277.0},{"x":52.0,"y":277.0}]},"line":4,"tag":"billing-name"},{"description":"Smith","boundingPoly":{"vertices":[{"x":83.0,"y":262.0},{"x":120.0,"y":262.0},{"x":120.0,"y":278.0},{"x":83.0,"y":278.0}]},"line":4,"tag":"billing-name"},{"description":"John","boundingPoly":{"vertices":[{"x":271.0,"y":262.0},{"x":303.0,"y":262.0},{"x":303.0,"y":277.0},{"x":271.0,"y":277.0}]},"line":4,"tag":"shipping-addr"},{"description":"Smith","boundingPoly":{"vertices":[{"x":302.0,"y":263.0},{"x":338.0,"y":263.0},{"x":338.0,"y":277.0},{"x":302.0,"y":277.0}]},"line":4,"tag":"shipping-addr"},{"description":"INVOICE","boundingPoly":{"vertices":[{"x":460.0,"y":263.0},{"x":526.0,"y":263.0},{"x":526.0,"y":280.0},{"x":460.0,"y":280.0}]},"line":4,"tag":""},{"description":"DATE","boundingPoly":{"vertices":[{"x":526.0,"y":264.0},{"x":571.0,"y":264.0},{"x":571.0,"y":280.0},{"x":526.0,"y":280.0}]},"line":4,"tag":""},{"description":"11/02/2019","boundingPoly":{"vertices":[{"x":632.0,"y":264.0},{"x":698.0,"y":264.0},{"x":698.0,"y":279.0},{"x":632.0,"y":279.0}]},"line":4,"tag":"date"},{"description":"2","boundingPoly":{"vertices":[{"x":52.0,"y":281.0},{"x":64.0,"y":281.0},{"x":64.0,"y":296.0},{"x":52.0,"y":296.0}]},"line":5,"tag":"billing-addr"},{"description":"Court","boundingPoly":{"vertices":[{"x":63.0,"y":281.0},{"x":97.0,"y":281.0},{"x":97.0,"y":296.0},{"x":63.0,"y":296.0}]},"line":5,"tag":"billing-addr"},{"description":"Square","boundingPoly":{"vertices":[{"x":97.0,"y":281.0},{"x":142.0,"y":281.0},{"x":142.0,"y":298.0},{"x":97.0,"y":298.0}]},"line":5,"tag":"billing-addr"},{"description":"3787","boundingPoly":{"vertices":[{"x":271.0,"y":281.0},{"x":304.0,"y":281.0},{"x":304.0,"y":296.0},{"x":271.0,"y":296.0}]},"line":5,"tag":"shipping-addr"},{"description":"Pineview","boundingPoly":{"vertices":[{"x":303.0,"y":281.0},{"x":357.0,"y":281.0},{"x":357.0,"y":296.0},{"x":303.0,"y":296.0}]},"line":5,"tag":"shipping-addr"},{"description":"Drive","boundingPoly":{"vertices":[{"x":357.0,"y":281.0},{"x":390.0,"y":281.0},{"x":390.0,"y":296.0},{"x":357.0,"y":296.0}]},"line":5,"tag":"shipping-addr"},{"description":" ","boundingPoly":{"vertices":[{"x":0.0,"y":0.0},{"x":0.0,"y":0.0},{"x":0.0,"y":0.0},{"x":0.0,"y":0.0}]},"line":-1,"tag":""},{"description":" ","boundingPoly":{"vertices":[{"x":0.0,"y":0.0},{"x":0.0,"y":0.0},{"x":0.0,"y":0.0},{"x":0.0,"y":0.0}]},"line":-1,"tag":""},{"description":"New","boundingPoly":{"vertices":[{"x":53.0,"y":299.0},{"x":82.0,"y":299.0},{"x":82.0,"y":314.0},{"x":53.0,"y":314.0}]},"line":7,"tag":"billing-addr"},{"description":"York,","boundingPoly":{"vertices":[{"x":81.0,"y":299.0},{"x":114.0,"y":299.0},{"x":114.0,"y":315.0},{"x":81.0,"y":315.0}]},"line":7,"tag":"billing-addr"},{"description":"NY","boundingPoly":{"vertices":[{"x":114.0,"y":299.0},{"x":135.0,"y":299.0},{"x":135.0,"y":314.0},{"x":114.0,"y":314.0}]},"line":7,"tag":"billing-addr"},{"description":"12210","boundingPoly":{"vertices":[{"x":136.0,"y":299.0},{"x":175.0,"y":299.0},{"x":175.0,"y":314.0},{"x":136.0,"y":314.0}]},"line":7,"tag":"billing-addr"},{"description":"Cambridge,","boundingPoly":{"vertices":[{"x":271.0,"y":299.0},{"x":340.0,"y":299.0},{"x":340.0,"y":316.0},{"x":271.0,"y":316.0}]},"line":7,"tag":"shipping-addr"},{"description":"MA","boundingPoly":{"vertices":[{"x":340.0,"y":299.0},{"x":362.0,"y":299.0},{"x":362.0,"y":314.0},{"x":340.0,"y":314.0}]},"line":7,"tag":"shipping-addr"},{"description":"12210","boundingPoly":{"vertices":[{"x":363.0,"y":299.0},{"x":401.0,"y":299.0},{"x":401.0,"y":314.0},{"x":363.0,"y":314.0}]},"line":7,"tag":"shipping-addr"},{"description":"P.O.#","boundingPoly":{"vertices":[{"x":460.0,"y":289.0},{"x":504.0,"y":289.0},{"x":504.0,"y":306.0},{"x":460.0,"y":306.0}]},"line":6,"tag":""},{"description":"2312/2019","boundingPoly":{"vertices":[{"x":635.0,"y":290.0},{"x":698.0,"y":290.0},{"x":698.0,"y":305.0},{"x":635.0,"y":305.0}]},"line":6,"tag":"po-no"},{"description":" ","boundingPoly":{"vertices":[{"x":0.0,"y":0.0},{"x":0.0,"y":0.0},{"x":0.0,"y":0.0},{"x":0.0,"y":0.0}]},"line":-1,"tag":""},{"description":" ","boundingPoly":{"vertices":[{"x":0.0,"y":0.0},{"x":0.0,"y":0.0},{"x":0.0,"y":0.0},{"x":0.0,"y":0.0}]},"line":-1,"tag":""},{"description":"DUE","boundingPoly":{"vertices":[{"x":460.0,"y":316.0},{"x":495.0,"y":316.0},{"x":495.0,"y":332.0},{"x":460.0,"y":332.0}]},"line":8,"tag":""},{"description":"DATE","boundingPoly":{"vertices":[{"x":496.0,"y":316.0},{"x":541.0,"y":316.0},{"x":541.0,"y":332.0},{"x":496.0,"y":332.0}]},"line":8,"tag":""},{"description":"26/02/2019","boundingPoly":{"vertices":[{"x":631.0,"y":317.0},{"x":698.0,"y":317.0},{"x":698.0,"y":332.0},{"x":631.0,"y":332.0}]},"line":8,"tag":"due-date"},{"description":"Invoice","boundingPoly":{"vertices":[{"x":53.0,"y":387.0},{"x":177.0,"y":387.0},{"x":177.0,"y":419.0},{"x":53.0,"y":419.0}]},"line":9,"tag":""},{"description":"Total","boundingPoly":{"vertices":[{"x":183.0,"y":387.0},{"x":271.0,"y":387.0},{"x":271.0,"y":419.0},{"x":183.0,"y":419.0}]},"line":9,"tag":""},{"description":"$154.06","boundingPoly":{"vertices":[{"x":563.0,"y":385.0},{"x":695.0,"y":385.0},{"x":695.0,"y":420.0},{"x":563.0,"y":420.0}]},"line":9,"tag":"total"},{"description":"QTY","boundingPoly":{"vertices":[{"x":52.0,"y":479.0},{"x":88.0,"y":479.0},{"x":88.0,"y":496.0},{"x":52.0,"y":496.0}]},"line":10,"tag":""},{"description":"DESCRIPTION","boundingPoly":{"vertices":[{"x":120.0,"y":478.0},{"x":227.0,"y":478.0},{"x":227.0,"y":495.0},{"x":120.0,"y":495.0}]},"line":10,"tag":""},{"description":"UNIT","boundingPoly":{"vertices":[{"x":445.0,"y":479.0},{"x":485.0,"y":479.0},{"x":485.0,"y":495.0},{"x":445.0,"y":495.0}]},"line":10,"tag":""},{"description":"PRICE","boundingPoly":{"vertices":[{"x":485.0,"y":479.0},{"x":534.0,"y":479.0},{"x":534.0,"y":495.0},{"x":485.0,"y":495.0}]},"line":10,"tag":""},{"description":"AMOUNT","boundingPoly":{"vertices":[{"x":627.0,"y":479.0},{"x":698.0,"y":479.0},{"x":698.0,"y":495.0},{"x":627.0,"y":495.0}]},"line":10,"tag":""},{"description":"1","boundingPoly":{"vertices":[{"x":53.0,"y":511.0},{"x":62.0,"y":511.0},{"x":62.0,"y":526.0},{"x":53.0,"y":526.0}]},"line":11,"tag":"quantity","instance":1},{"description":"Front","boundingPoly":{"vertices":[{"x":123.0,"y":512.0},{"x":156.0,"y":512.0},{"x":156.0,"y":526.0},{"x":123.0,"y":526.0}]},"line":11,"tag":"description","instance":1},{"description":"and","boundingPoly":{"vertices":[{"x":156.0,"y":512.0},{"x":180.0,"y":512.0},{"x":180.0,"y":526.0},{"x":156.0,"y":526.0}]},"line":11,"tag":"description","instance":1},{"description":"rear","boundingPoly":{"vertices":[{"x":180.0,"y":513.0},{"x":206.0,"y":513.0},{"x":206.0,"y":526.0},{"x":180.0,"y":526.0}]},"line":11,"tag":"description","instance":1},{"description":"brake","boundingPoly":{"vertices":[{"x":205.0,"y":511.0},{"x":241.0,"y":511.0},{"x":241.0,"y":526.0},{"x":205.0,"y":526.0}]},"line":11,"tag":"description","instance":1},{"description":"cables","boundingPoly":{"vertices":[{"x":240.0,"y":512.0},{"x":281.0,"y":512.0},{"x":281.0,"y":526.0},{"x":240.0,"y":526.0}]},"line":11,"tag":"description","instance":1},{"description":"100.00","boundingPoly":{"vertices":[{"x":493.0,"y":512.0},{"x":535.0,"y":512.0},{"x":535.0,"y":526.0},{"x":493.0,"y":526.0}]},"line":11,"tag":"unit-price","instance":1},{"description":"100.00","boundingPoly":{"vertices":[{"x":656.0,"y":512.0},{"x":699.0,"y":512.0},{"x":699.0,"y":526.0},{"x":656.0,"y":526.0}]},"line":11,"tag":"line-amount","instance":1},{"description":"2","boundingPoly":{"vertices":[{"x":52.0,"y":540.0},{"x":64.0,"y":540.0},{"x":64.0,"y":555.0},{"x":52.0,"y":555.0}]},"line":12,"tag":"quantity","instance":2},{"description":"New","boundingPoly":{"vertices":[{"x":123.0,"y":540.0},{"x":153.0,"y":540.0},{"x":153.0,"y":555.0},{"x":123.0,"y":555.0}]},"line":12,"tag":"description","instance":2},{"description":"set","boundingPoly":{"vertices":[{"x":151.0,"y":541.0},{"x":171.0,"y":541.0},{"x":171.0,"y":554.0},{"x":151.0,"y":554.0}]},"line":12,"tag":"description","instance":2},{"description":"of","boundingPoly":{"vertices":[{"x":172.0,"y":541.0},{"x":186.0,"y":541.0},{"x":186.0,"y":555.0},{"x":172.0,"y":555.0}]},"line":12,"tag":"description","instance":2},{"description":"pedal","boundingPoly":{"vertices":[{"x":186.0,"y":541.0},{"x":220.0,"y":541.0},{"x":220.0,"y":557.0},{"x":186.0,"y":557.0}]},"line":12,"tag":"description","instance":2},{"description":"arms","boundingPoly":{"vertices":[{"x":220.0,"y":542.0},{"x":251.0,"y":542.0},{"x":251.0,"y":555.0},{"x":220.0,"y":555.0}]},"line":12,"tag":"description","instance":2},{"description":"15.00","boundingPoly":{"vertices":[{"x":500.0,"y":540.0},{"x":535.0,"y":540.0},{"x":535.0,"y":555.0},{"x":500.0,"y":555.0}]},"line":12,"tag":"unit-price","instance":2},{"description":"30.00","boundingPoly":{"vertices":[{"x":662.0,"y":540.0},{"x":699.0,"y":540.0},{"x":699.0,"y":555.0},{"x":662.0,"y":555.0}]},"line":12,"tag":"line-amount","instance":2},{"description":"3","boundingPoly":{"vertices":[{"x":52.0,"y":569.0},{"x":64.0,"y":569.0},{"x":64.0,"y":584.0},{"x":52.0,"y":584.0}]},"line":13,"tag":"quantity","instance":3},{"description":"Labor","boundingPoly":{"vertices":[{"x":122.0,"y":569.0},{"x":159.0,"y":569.0},{"x":159.0,"y":584.0},{"x":122.0,"y":584.0}]},"line":13,"tag":"description","instance":3},{"description":"3hrs","boundingPoly":{"vertices":[{"x":157.0,"y":568.0},{"x":187.0,"y":568.0},{"x":187.0,"y":584.0},{"x":157.0,"y":584.0}]},"line":13,"tag":"description","instance":3},{"description":"5.00","boundingPoly":{"vertices":[{"x":506.0,"y":569.0},{"x":535.0,"y":569.0},{"x":535.0,"y":584.0},{"x":506.0,"y":584.0}]},"line":13,"tag":"unit-price","instance":3},{"description":"15.00","boundingPoly":{"vertices":[{"x":664.0,"y":570.0},{"x":698.0,"y":570.0},{"x":698.0,"y":584.0},{"x":664.0,"y":584.0}]},"line":13,"tag":"line-amount","instance":3},{"description":"Subtotal","boundingPoly":{"vertices":[{"x":484.0,"y":614.0},{"x":535.0,"y":614.0},{"x":535.0,"y":629.0},{"x":484.0,"y":629.0}]},"line":14,"tag":""},{"description":"Sales","boundingPoly":{"vertices":[{"x":436.0,"y":642.0},{"x":471.0,"y":642.0},{"x":471.0,"y":657.0},{"x":436.0,"y":657.0}]},"line":15,"tag":""},{"description":"Tax","boundingPoly":{"vertices":[{"x":470.0,"y":642.0},{"x":496.0,"y":642.0},{"x":496.0,"y":656.0},{"x":470.0,"y":656.0}]},"line":15,"tag":""},{"description":"6.25%","boundingPoly":{"vertices":[{"x":495.0,"y":642.0},{"x":534.0,"y":642.0},{"x":534.0,"y":657.0},{"x":495.0,"y":657.0}]},"line":15,"tag":""},{"description":"145.00","boundingPoly":{"vertices":[{"x":656.0,"y":614.0},{"x":698.0,"y":614.0},{"x":698.0,"y":629.0},{"x":656.0,"y":629.0}]},"line":14,"tag":"net-amount"},{"description":"9.06","boundingPoly":{"vertices":[{"x":670.0,"y":642.0},{"x":699.0,"y":642.0},{"x":699.0,"y":657.0},{"x":670.0,"y":657.0}]},"line":15,"tag":"tax"},{"description":"NSh","boundingPoly":{"vertices":[{"x":572.0,"y":684.0},{"x":698.0,"y":684.0},{"x":698.0,"y":733.0},{"x":572.0,"y":733.0}]},"line":16,"tag":""},{"description":"TERMS","boundingPoly":{"vertices":[{"x":52.0,"y":883.0},{"x":109.0,"y":883.0},{"x":109.0,"y":899.0},{"x":52.0,"y":899.0}]},"line":17,"tag":""},{"description":"&","boundingPoly":{"vertices":[{"x":110.0,"y":883.0},{"x":124.0,"y":883.0},{"x":124.0,"y":899.0},{"x":110.0,"y":899.0}]},"line":17,"tag":""},{"description":"CONDITIONS","boundingPoly":{"vertices":[{"x":125.0,"y":883.0},{"x":223.0,"y":883.0},{"x":223.0,"y":899.0},{"x":125.0,"y":899.0}]},"line":17,"tag":""},{"description":"Payment","boundingPoly":{"vertices":[{"x":53.0,"y":926.0},{"x":106.0,"y":926.0},{"x":106.0,"y":942.0},{"x":53.0,"y":942.0}]},"line":18,"tag":""},{"description":"is","boundingPoly":{"vertices":[{"x":105.0,"y":926.0},{"x":119.0,"y":926.0},{"x":119.0,"y":940.0},{"x":105.0,"y":940.0}]},"line":18,"tag":""},{"description":"due","boundingPoly":{"vertices":[{"x":118.0,"y":926.0},{"x":143.0,"y":926.0},{"x":143.0,"y":940.0},{"x":118.0,"y":940.0}]},"line":18,"tag":""},{"description":"within","boundingPoly":{"vertices":[{"x":143.0,"y":926.0},{"x":179.0,"y":926.0},{"x":179.0,"y":940.0},{"x":143.0,"y":940.0}]},"line":18,"tag":""},{"description":"15","boundingPoly":{"vertices":[{"x":180.0,"y":926.0},{"x":196.0,"y":926.0},{"x":196.0,"y":939.0},{"x":180.0,"y":939.0}]},"line":18,"tag":"payment-terms"},{"description":"days","boundingPoly":{"vertices":[{"x":196.0,"y":926.0},{"x":227.0,"y":926.0},{"x":227.0,"y":942.0},{"x":196.0,"y":942.0}]},"line":18,"tag":"payment-terms"},{"description":"Please","boundingPoly":{"vertices":[{"x":53.0,"y":961.0},{"x":95.0,"y":961.0},{"x":95.0,"y":976.0},{"x":53.0,"y":976.0}]},"line":19,"tag":""},{"description":"make","boundingPoly":{"vertices":[{"x":94.0,"y":962.0},{"x":129.0,"y":962.0},{"x":129.0,"y":976.0},{"x":94.0,"y":976.0}]},"line":19,"tag":""},{"description":"checks","boundingPoly":{"vertices":[{"x":129.0,"y":961.0},{"x":172.0,"y":961.0},{"x":172.0,"y":976.0},{"x":129.0,"y":976.0}]},"line":19,"tag":""},{"description":"payable","boundingPoly":{"vertices":[{"x":172.0,"y":962.0},{"x":219.0,"y":962.0},{"x":219.0,"y":979.0},{"x":172.0,"y":979.0}]},"line":19,"tag":""},{"description":"to:","boundingPoly":{"vertices":[{"x":219.0,"y":962.0},{"x":236.0,"y":962.0},{"x":236.0,"y":976.0},{"x":219.0,"y":976.0}]},"line":19,"tag":""},{"description":"East","boundingPoly":{"vertices":[{"x":237.0,"y":962.0},{"x":266.0,"y":962.0},{"x":266.0,"y":976.0},{"x":237.0,"y":976.0}]},"line":19,"tag":""},{"description":"Repair","boundingPoly":{"vertices":[{"x":265.0,"y":962.0},{"x":306.0,"y":962.0},{"x":306.0,"y":978.0},{"x":265.0,"y":978.0}]},"line":19,"tag":""},{"description":"Inc.","boundingPoly":{"vertices":[{"x":307.0,"y":962.0},{"x":330.0,"y":962.0},{"x":330.0,"y":976.0},{"x":307.0,"y":976.0}]},"line":19,"tag":""}]}]}