{"api_version":"1.0","fname":"Input-8.png","original_fname":"Input-8.png","fields":{"name":"East Repair Inc.","vendor-addr":"1912 Harvest Lane New York, NY 12210","billing-name":"John Smith","billing-addr":"2 Court Square New York, NY 12210","shipping-addr":"John Smith John Smith 3787 Pineview Drive New York, NY Cambridge, MA 12210","invoice-no":"US-001","po-no":"2312/2019","vendor-vat-no":"","date":"2019-02-11","due-date":"2019-02-26","tax":"9.06","total":"154.06","payment-terms":"within 15 days","net-amount":"145.00","discount":"","shipping-charges":"","payment-addr":"","billing-vat-no":"","currency":"USD"},"items":[{"instance":1,"values":{"description":"Front and rear brake cables","quantity":"1","unit-price":"100.00","line-amount":"100.00"}},{"instance":2,"values":{"description":"New set of pedal arms","quantity":"2","unit-price":"15.00","line-amount":"30.00"}},{"instance":3,"values":{"description":"Labor 3hrs","quantity":"3","unit-price":"5.00","line-amount":"15.00"}}],"pages":[{"page_rotation":0,"page_no":0,"width":750.0,"height":1061.0,"words":[{"description":"INVOICE","boundingPoly":{"vertices":[{"x":41.0,"y":53.0},{"x":205.0,"y":53.0},{"x":205.0,"y":109.0},{"x":41.0,"y":109.0}]},"line":0,"tag":""},{"description":"FROM","boundingPoly":{"vertices":[{"x":43.0,"y":154.0},{"x":75.0,"y":154.0},{"x":75.0,"y":170.0},{"x":43.0,"y":170.0}]},"line":1,"tag":""},{"description":"BILL","boundingPoly":{"vertices":[{"x":270.0,"y":154.0},{"x":294.0,"y":154.0},{"x":294.0,"y":170.0},{"x":270.0,"y":170.0}]},"line":1,"tag":""},{"description":"TO","boundingPoly":{"vertices":[{"x":293.0,"y":154.0},{"x":308.0,"y":154.0},{"x":308.0,"y":170.0},{"x":293.0,"y":170.0}]},"line":1,"tag":""},{"description":"SHIP","boundingPoly":{"vertices":[{"x":483.0,"y":154.0},{"x":509.0,"y":154.0},{"x":509.0,"y":170.0},{"x":483.0,"y":170.0}]},"line":1,"tag":""},{"description":"TO","boundingPoly":{"vertices":[{"x":508.0,"y":154.0},{"x":524.0,"y":154.0},{"x":524.0,"y":170.0},{"x":508.0,"y":170.0}]},"line":1,"tag":""},{"description":"East","boundingPoly":{"vertices":[{"x":44.0,"y":175.0},{"x":73.0,"y":175.0},{"x":73.0,"y":190.0},{"x":44.0,"y":190.0}]},"line":2,"tag":"name"},{"description":"Repair","boundingPoly":{"vertices":[{"x":72.0,"y":175.0},{"x":113.0,"y":175.0},{"x":113.0,"y":192.0},{"x":72.0,"y":192.0}]},"line":2,"tag":"name"},{"description":"Inc.","boundingPoly":{"vertices":[{"x":113.0,"y":176.0},{"x":137.0,"y":176.0},{"x":137.0,"y":190.0},{"x":113.0,"y":190.0}]},"line":2,"tag":"name"},{"description":"John","boundingPoly":{"vertices":[{"x":269.0,"y":176.0},{"x":300.0,"y":176.0},{"x":300.0,"y":190.0},{"x":269.0,"y":190.0}]},"line":2,"tag":"billing-name,shipping-addr"},{"description":"Smith","boundingPoly":{"vertices":[{"x":300.0,"y":175.0},{"x":336.0,"y":175.0},{"x":336.0,"y":190.0},{"x":300.0,"y":190.0}]},"line":2,"tag":"billing-name,shipping-addr"},{"description":"John","boundingPoly":{"vertices":[{"x":483.0,"y":175.0},{"x":514.0,"y":175.0},{"x":514.0,"y":190.0},{"x":483.0,"y":190.0}]},"line":2,"tag":"shipping-addr"},{"description":"Smith","boundingPoly":{"vertices":[{"x":515.0,"y":175.0},{"x":549.0,"y":175.0},{"x":549.0,"y":190.0},{"x":515.0,"y":190.0}]},"line":2,"tag":"shipping-addr"},{"description":"1912","boundingPoly":{"vertices":[{"x":44.0,"y":194.0},{"x":75.0,"y":194.0},{"x":75.0,"y":208.0},{"x":44.0,"y":208.0}]},"line":3,"tag":"vendor-addr"},{"description":"Harvest","boundingPoly":{"vertices":[{"x":75.0,"y":194.0},{"x":122.0,"y":194.0},{"x":122.0,"y":209.0},{"x":75.0,"y":209.0}]},"line":3,"tag":"vendor-addr"},{"description":"Lane","boundingPoly":{"vertices":[{"x":122.0,"y":194.0},{"x":154.0,"y":194.0},{"x":154.0,"y":208.0},{"x":122.0,"y":208.0}]},"line":3,"tag":"vendor-addr"},{"description":"2","boundingPoly":{"vertices":[{"x":269.0,"y":193.0},{"x":281.0,"y":193.0},{"x":281.0,"y":208.0},{"x":269.0,"y":208.0}]},"line":3,"tag":"billing-addr"},{"description":"Court","boundingPoly":{"vertices":[{"x":281.0,"y":193.0},{"x":315.0,"y":193.0},{"x":315.0,"y":208.0},{"x":281.0,"y":208.0}]},"line":3,"tag":"billing-addr"},{"description":"Square","boundingPoly":{"vertices":[{"x":314.0,"y":193.0},{"x":359.0,"y":193.0},{"x":359.0,"y":210.0},{"x":314.0,"y":210.0}]},"line":3,"tag":"billing-addr"},{"description":"3787","boundingPoly":{"vertices":[{"x":483.0,"y":193.0},{"x":515.0,"y":193.0},{"x":515.0,"y":209.0},{"x":483.0,"y":209.0}]},"line":3,"tag":"shipping-addr"},{"description":"Pineview","boundingPoly":{"vertices":[{"x":515.0,"y":194.0},{"x":568.0,"y":194.0},{"x":568.0,"y":208.0},{"x":515.0,"y":208.0}]},"line":3,"tag":"shipping-addr"},{"description":"Drive","boundingPoly":{"vertices":[{"x":569.0,"y":194.0},{"x":602.0,"y":194.0},{"x":602.0,"y":208.0},{"x":569.0,"y":208.0}]},"line":3,"tag":"shipping-addr"},{"description":"New","boundingPoly":{"vertices":[{"x":44.0,"y":212.0},{"x":73.0,"y":212.0},{"x":73.0,"y":226.0},{"x":44.0,"y":226.0}]},"line":4,"tag":"vendor-addr"},{"description":"York,","boundingPoly":{"vertices":[{"x":72.0,"y":211.0},{"x":105.0,"y":211.0},{"x":105.0,"y":227.0},{"x":72.0,"y":227.0}]},"line":4,"tag":"vendor-addr"},{"description":"NY","boundingPoly":{"vertices":[{"x":105.0,"y":211.0},{"x":126.0,"y":211.0},{"x":126.0,"y":226.0},{"x":105.0,"y":226.0}]},"line":4,"tag":"vendor-addr"},{"description":"12210","boundingPoly":{"vertices":[{"x":127.0,"y":212.0},{"x":165.0,"y":212.0},{"x":165.0,"y":226.0},{"x":127.0,"y":226.0}]},"line":4,"tag":"vendor-addr"},{"description":"New","boundingPoly":{"vertices":[{"x":269.0,"y":212.0},{"x":300.0,"y":212.0},{"x":300.0,"y":226.0},{"x":269.0,"y":226.0}]},"line":4,"tag":"billing-addr,shipping-addr"},{"description":"York,","boundingPoly":{"vertices":[{"x":298.0,"y":212.0},{"x":331.0,"y":212.0},{"x":331.0,"y":227.0},{"x":298.0,"y":227.0}]},"line":4,"tag":"billing-addr,shipping-addr"},{"description":"NY","boundingPoly":{"vertices":[{"x":331.0,"y":211.0},{"x":353.0,"y":211.0},{"x":353.0,"y":226.0},{"x":331.0,"y":226.0}]},"line":4,"tag":"billing-addr,shipping-addr"},{"description":"12210","boundingPoly":{"vertices":[{"x":353.0,"y":212.0},{"x":391.0,"y":212.0},{"x":391.0,"y":226.0},{"x":353.0,"y":226.0}]},"line":4,"tag":"billing-addr"},{"description":"Cambridge,","boundingPoly":{"vertices":[{"x":483.0,"y":211.0},{"x":552.0,"y":211.0},{"x":552.0,"y":229.0},{"x":483.0,"y":229.0}]},"line":4,"tag":"shipping-addr"},{"description":"MA","boundingPoly":{"vertices":[{"x":552.0,"y":212.0},{"x":575.0,"y":212.0},{"x":575.0,"y":227.0},{"x":552.0,"y":227.0}]},"line":4,"tag":"shipping-addr"},{"description":"12210","boundingPoly":{"vertices":[{"x":575.0,"y":212.0},{"x":613.0,"y":212.0},{"x":613.0,"y":226.0},{"x":575.0,"y":226.0}]},"line":4,"tag":"shipping-addr"},{"description":"INVOICE","boundingPoly":{"vertices":[{"x":43.0,"y":257.0},{"x":86.0,"y":257.0},{"x":86.0,"y":273.0},{"x":43.0,"y":273.0}]},"line":5,"tag":""},{"description":"#","boundingPoly":{"vertices":[{"x":85.0,"y":257.0},{"x":95.0,"y":257.0},{"x":95.0,"y":273.0},{"x":85.0,"y":273.0}]},"line":5,"tag":""},{"description":"INVOICE","boundingPoly":{"vertices":[{"x":208.0,"y":257.0},{"x":250.0,"y":257.0},{"x":250.0,"y":273.0},{"x":208.0,"y":273.0}]},"line":5,"tag":""},{"description":"DATE","boundingPoly":{"vertices":[{"x":249.0,"y":257.0},{"x":277.0,"y":257.0},{"x":277.0,"y":273.0},{"x":249.0,"y":273.0}]},"line":5,"tag":""},{"description":"P.O.#","boundingPoly":{"vertices":[{"x":514.0,"y":257.0},{"x":542.0,"y":257.0},{"x":542.0,"y":274.0},{"x":514.0,"y":274.0}]},"line":5,"tag":""},{"description":"DUE","boundingPoly":{"vertices":[{"x":657.0,"y":257.0},{"x":679.0,"y":257.0},{"x":679.0,"y":273.0},{"x":657.0,"y":273.0}]},"line":5,"tag":""},{"description":"DATE","boundingPoly":{"vertices":[{"x":679.0,"y":257.0},{"x":707.0,"y":257.0},{"x":707.0,"y":273.0},{"x":679.0,"y":273.0}]},"line":5,"tag":""},{"description":"US-001","boundingPoly":{"vertices":[{"x":43.0,"y":278.0},{"x":89.0,"y":278.0},{"x":89.0,"y":293.0},{"x":43.0,"y":293.0}]},"line":6,"tag":"invoice-no"},{"description":"11/02/2019","boundingPoly":{"vertices":[{"x":209.0,"y":278.0},{"x":275.0,"y":278.0},{"x":275.0,"y":293.0},{"x":209.0,"y":293.0}]},"line":6,"tag":"date"},{"description":"2312/2019","boundingPoly":{"vertices":[{"x":478.0,"y":278.0},{"x":542.0,"y":278.0},{"x":542.0,"y":293.0},{"x":478.0,"y":293.0}]},"line":6,"tag":"po-no"},{"description":"26/02/2019","boundingPoly":{"vertices":[{"x":640.0,"y":278.0},{"x":707.0,"y":278.0},{"x":707.0,"y":293.0},{"x":640.0,"y":293.0}]},"line":6,"tag":"due-date"},{"description":"QTY","boundingPoly":{"vertices":[{"x":44.0,"y":331.0},{"x":66.0,"y":331.0},{"x":66.0,"y":348.0},{"x":44.0,"y":348.0}]},"line":7,"tag":""},{"description":"DESCRIPTION","boundingPoly":{"vertices":[{"x":209.0,"y":331.0},{"x":276.0,"y":331.0},{"x":276.0,"y":347.0},{"x":209.0,"y":347.0}]},"line":7,"tag":""},{"description":"UNIT","boundingPoly":{"vertices":[{"x":485.0,"y":331.0},{"x":510.0,"y":331.0},{"x":510.0,"y":347.0},{"x":485.0,"y":347.0}]},"line":7,"tag":""},{"description":"PRICE","boundingPoly":{"vertices":[{"x":510.0,"y":331.0},{"x":542.0,"y":331.0},{"x":542.0,"y":347.0},{"x":510.0,"y":347.0}]},"line":7,"tag":""},{"description":"AMOUNT","boundingPoly":{"vertices":[{"x":662.0,"y":331.0},{"x":707.0,"y":331.0},{"x":707.0,"y":347.0},{"x":662.0,"y":347.0}]},"line":7,"tag":""},{"description":"1","boundingPoly":{"vertices":[{"x":49.0,"y":358.0},{"x":59.0,"y":358.0},{"x":59.0,"y":373.0},{"x":49.0,"y":373.0}]},"line":8,"tag":"quantity","instance":1},{"description":"Front","boundingPoly":{"vertices":[{"x":108.0,"y":359.0},{"x":142.0,"y":359.0},{"x":142.0,"y":373.0},{"x":108.0,"y":373.0}]},"line":8,"tag":"description","instance":1},{"description":"and","boundingPoly":{"vertices":[{"x":142.0,"y":359.0},{"x":166.0,"y":359.0},{"x":166.0,"y":373.0},{"x":142.0,"y":373.0}]},"line":8,"tag":"description","instance":1},{"description":"rear","boundingPoly":{"vertices":[{"x":165.0,"y":361.0},{"x":192.0,"y":361.0},{"x":192.0,"y":373.0},{"x":165.0,"y":373.0}]},"line":8,"tag":"description","instance":1},{"description":"brake","boundingPoly":{"vertices":[{"x":191.0,"y":359.0},{"x":227.0,"y":359.0},{"x":227.0,"y":373.0},{"x":191.0,"y":373.0}]},"line":8,"tag":"description","instance":1},{"description":"cables","boundingPoly":{"vertices":[{"x":227.0,"y":359.0},{"x":267.0,"y":359.0},{"x":267.0,"y":374.0},{"x":227.0,"y":374.0}]},"line":8,"tag":"description","instance":1},{"description":"100.00","boundingPoly":{"vertices":[{"x":500.0,"y":359.0},{"x":542.0,"y":359.0},{"x":542.0,"y":373.0},{"x":500.0,"y":373.0}]},"line":8,"tag":"unit-price","instance":1},{"description":"100.00","boundingPoly":{"vertices":[{"x":665.0,"y":359.0},{"x":708.0,"y":359.0},{"x":708.0,"y":374.0},{"x":665.0,"y":374.0}]},"line":8,"tag":"line-amount","instance":1},{"description":"2","boundingPoly":{"vertices":[{"x":48.0,"y":382.0},{"x":60.0,"y":382.0},{"x":60.0,"y":398.0},{"x":48.0,"y":398.0}]},"line":9,"tag":"quantity","instance":2},{"description":"New","boundingPoly":{"vertices":[{"x":109.0,"y":382.0},{"x":138.0,"y":382.0},{"x":138.0,"y":397.0},{"x":109.0,"y":397.0}]},"line":9,"tag":"description","instance":2},{"description":"set","boundingPoly":{"vertices":[{"x":137.0,"y":383.0},{"x":157.0,"y":383.0},{"x":157.0,"y":396.0},{"x":137.0,"y":396.0}]},"line":9,"tag":"description","instance":2},{"description":"of","boundingPoly":{"vertices":[{"x":158.0,"y":382.0},{"x":172.0,"y":382.0},{"x":172.0,"y":397.0},{"x":158.0,"y":397.0}]},"line":9,"tag":"description","instance":2},{"description":"pedal","boundingPoly":{"vertices":[{"x":171.0,"y":382.0},{"x":206.0,"y":382.0},{"x":206.0,"y":400.0},{"x":171.0,"y":400.0}]},"line":9,"tag":"description","instance":2},{"description":"arms","boundingPoly":{"vertices":[{"x":206.0,"y":385.0},{"x":237.0,"y":385.0},{"x":237.0,"y":397.0},{"x":206.0,"y":397.0}]},"line":9,"tag":"description","instance":2},{"description":"15.00","boundingPoly":{"vertices":[{"x":508.0,"y":382.0},{"x":542.0,"y":382.0},{"x":542.0,"y":397.0},{"x":508.0,"y":397.0}]},"line":9,"tag":"unit-price","instance":2},{"description":"30.00","boundingPoly":{"vertices":[{"x":672.0,"y":382.0},{"x":708.0,"y":382.0},{"x":708.0,"y":397.0},{"x":672.0,"y":397.0}]},"line":9,"tag":"line-amount","instance":2},{"description":"3","boundingPoly":{"vertices":[{"x":48.0,"y":405.0},{"x":59.0,"y":405.0},{"x":59.0,"y":421.0},{"x":48.0,"y":421.0}]},"line":10,"tag":"quantity","instance":3},{"description":"Labor","boundingPoly":{"vertices":[{"x":108.0,"y":406.0},{"x":145.0,"y":406.0},{"x":145.0,"y":420.0},{"x":108.0,"y":420.0}]},"line":10,"tag":"description","instance":3},{"description":"3hrs","boundingPoly":{"vertices":[{"x":144.0,"y":406.0},{"x":173.0,"y":406.0},{"x":173.0,"y":420.0},{"x":144.0,"y":420.0}]},"line":10,"tag":"description","instance":3},{"description":"5.00","boundingPoly":{"vertices":[{"x":513.0,"y":406.0},{"x":542.0,"y":406.0},{"x":542.0,"y":421.0},{"x":513.0,"y":421.0}]},"line":10,"tag":"unit-price","instance":3},{"description":"15.00","boundingPoly":{"vertices":[{"x":672.0,"y":406.0},{"x":707.0,"y":406.0},{"x":707.0,"y":421.0},{"x":672.0,"y":421.0}]},"line":10,"tag":"line-amount","instance":3},{"description":"Subtotal","boundingPoly":{"vertices":[{"x":492.0,"y":440.0},{"x":541.0,"y":440.0},{"x":541.0,"y":454.0},{"x":492.0,"y":454.0}]},"line":11,"tag":""},{"description":"145.00","boundingPoly":{"vertices":[{"x":666.0,"y":440.0},{"x":707.0,"y":440.0},{"x":707.0,"y":454.0},{"x":666.0,"y":454.0}]},"line":11,"tag":"net-amount"},{"description":"Sales","boundingPoly":{"vertices":[{"x":442.0,"y":462.0},{"x":478.0,"y":462.0},{"x":478.0,"y":476.0},{"x":442.0,"y":476.0}]},"line":12,"tag":""},{"description":"Tax","boundingPoly":{"vertices":[{"x":477.0,"y":462.0},{"x":503.0,"y":462.0},{"x":503.0,"y":476.0},{"x":477.0,"y":476.0}]},"line":12,"tag":""},{"description":"6.25%","boundingPoly":{"vertices":[{"x":502.0,"y":462.0},{"x":541.0,"y":462.0},{"x":541.0,"y":477.0},{"x":502.0,"y":477.0}]},"line":12,"tag":""},{"description":"9.06","boundingPoly":{"vertices":[{"x":678.0,"y":462.0},{"x":708.0,"y":462.0},{"x":708.0,"y":477.0},{"x":678.0,"y":477.0}]},"line":12,"tag":"tax"},{"description":"Total","boundingPoly":{"vertices":[{"x":501.0,"y":485.0},{"x":541.0,"y":485.0},{"x":541.0,"y":502.0},{"x":501.0,"y":502.0}]},"line":13,"tag":""},{"description":"$154.06","boundingPoly":{"vertices":[{"x":648.0,"y":485.0},{"x":707.0,"y":485.0},{"x":707.0,"y":503.0},{"x":648.0,"y":503.0}]},"line":13,"tag":"total"},{"description":"TERMS","boundingPoly":{"vertices":[{"x":43.0,"y":764.0},{"x":78.0,"y":764.0},{"x":78.0,"y":779.0},{"x":43.0,"y":779.0}]},"line":14,"tag":""},{"description":"a","boundingPoly":{"vertices":[{"x":77.0,"y":764.0},{"x":86.0,"y":764.0},{"x":86.0,"y":778.0},{"x":77.0,"y":778.0}]},"line":14,"tag":""},{"description":"CONDITIONS","boundingPoly":{"vertices":[{"x":85.0,"y":764.0},{"x":143.0,"y":764.0},{"x":143.0,"y":779.0},{"x":85.0,"y":779.0}]},"line":14,"tag":""},{"description":"Payment","boundingPoly":{"vertices":[{"x":44.0,"y":786.0},{"x":97.0,"y":786.0},{"x":97.0,"y":803.0},{"x":44.0,"y":803.0}]},"line":15,"tag":""},{"description":"is","boundingPoly":{"vertices":[{"x":96.0,"y":786.0},{"x":109.0,"y":786.0},{"x":109.0,"y":800.0},{"x":96.0,"y":800.0}]},"line":15,"tag":""},{"description":"due","boundingPoly":{"vertices":[{"x":110.0,"y":786.0},{"x":134.0,"y":786.0},{"x":134.0,"y":800.0},{"x":110.0,"y":800.0}]},"line":15,"tag":""},{"description":"within","boundingPoly":{"vertices":[{"x":133.0,"y":786.0},{"x":170.0,"y":786.0},{"x":170.0,"y":800.0},{"x":133.0,"y":800.0}]},"line":15,"tag":"payment-terms"},{"description":"15","boundingPoly":{"vertices":[{"x":170.0,"y":786.0},{"x":187.0,"y":786.0},{"x":187.0,"y":800.0},{"x":170.0,"y":800.0}]},"line":15,"tag":"payment-terms"},{"description":"days","boundingPoly":{"vertices":[{"x":187.0,"y":786.0},{"x":218.0,"y":786.0},{"x":218.0,"y":803.0},{"x":187.0,"y":803.0}]},"line":15,"tag":"payment-terms"},{"description":"Please","boundingPoly":{"vertices":[{"x":44.0,"y":822.0},{"x":86.0,"y":822.0},{"x":86.0,"y":837.0},{"x":44.0,"y":837.0}]},"line":16,"tag":""},{"description":"make","boundingPoly":{"vertices":[{"x":85.0,"y":822.0},{"x":120.0,"y":822.0},{"x":120.0,"y":836.0},{"x":85.0,"y":836.0}]},"line":16,"tag":""},{"description":"checks","boundingPoly":{"vertices":[{"x":119.0,"y":822.0},{"x":163.0,"y":822.0},{"x":163.0,"y":837.0},{"x":119.0,"y":837.0}]},"line":16,"tag":""},{"description":"payable","boundingPoly":{"vertices":[{"x":163.0,"y":822.0},{"x":210.0,"y":822.0},{"x":210.0,"y":839.0},{"x":163.0,"y":839.0}]},"line":16,"tag":""},{"description":"to:","boundingPoly":{"vertices":[{"x":210.0,"y":822.0},{"x":227.0,"y":822.0},{"x":227.0,"y":836.0},{"x":210.0,"y":836.0}]},"line":16,"tag":""},{"description":"East","boundingPoly":{"vertices":[{"x":229.0,"y":822.0},{"x":256.0,"y":822.0},{"x":256.0,"y":836.0},{"x":229.0,"y":836.0}]},"line":16,"tag":""},{"description":"Repair","boundingPoly":{"vertices":[{"x":256.0,"y":822.0},{"x":298.0,"y":822.0},{"x":298.0,"y":839.0},{"x":256.0,"y":839.0}]},"line":16,"tag":""},{"description":"Inc.","boundingPoly":{"vertices":[{"x":298.0,"y":822.0},{"x":321.0,"y":822.0},{"x":321.0,"y":837.0},{"x":298.0,"y":837.0}]},"line":16,"tag":""}]}]}