{"api_version":"1.0","fname":"Input-4.png","original_fname":"Input-4.png","fields":{"name":"East Repair Inc.","vendor-addr":"1912 Harvest Lane New York, NY 12210","billing-name":"John Smith","billing-addr":"2 Court Square New York, NY 12210","shipping-addr":"John Smith 3787 Pineview Drive Cambridge, MA 12210","invoice-no":"US-001","po-no":"2312/2019","vendor-vat-no":"","date":"2019-02-11","due-date":"2019-02-26","tax":"9.06","total":"154.06","payment-terms":"within 15 days","net-amount":"145.00","discount":"","shipping-charges":"","payment-addr":"","billing-vat-no":"","currency":"USD"},"items":[{"instance":1,"values":{"description":"Front and rear brake cables","quantity":"1","unit-price":"100.00","line-amount":"100.00"}},{"instance":2,"values":{"description":"New set of pedal arms","quantity":"2","unit-price":"15.00","line-amount":"30.00"}},{"instance":3,"values":{"description":"Labor 3hrs","quantity":"3","unit-price":"5.00","line-amount":"15.00"}}],"pages":[{"page_rotation":0,"page_no":0,"width":750.0,"height":1061.0,"words":[{"description":"INVOICE","boundingPoly":{"vertices":[{"x":42.0,"y":59.0},{"x":242.0,"y":59.0},{"x":242.0,"y":129.0},{"x":42.0,"y":129.0}]},"line":0,"tag":""},{"description":"FROM","boundingPoly":{"vertices":[{"x":42.0,"y":181.0},{"x":75.0,"y":181.0},{"x":75.0,"y":198.0},{"x":42.0,"y":198.0}]},"line":1,"tag":""},{"description":"BILLTO","boundingPoly":{"vertices":[{"x":268.0,"y":181.0},{"x":309.0,"y":181.0},{"x":309.0,"y":198.0},{"x":268.0,"y":198.0}]},"line":1,"tag":""},{"description":"SHIPTO","boundingPoly":{"vertices":[{"x":483.0,"y":181.0},{"x":525.0,"y":181.0},{"x":525.0,"y":198.0},{"x":483.0,"y":198.0}]},"line":1,"tag":""},{"description":"East","boundingPoly":{"vertices":[{"x":43.0,"y":201.0},{"x":75.0,"y":201.0},{"x":75.0,"y":217.0},{"x":43.0,"y":217.0}]},"line":2,"tag":"name"},{"description":"Repair","boundingPoly":{"vertices":[{"x":75.0,"y":201.0},{"x":121.0,"y":201.0},{"x":121.0,"y":219.0},{"x":75.0,"y":219.0}]},"line":2,"tag":"name"},{"description":"Inc.","boundingPoly":{"vertices":[{"x":119.0,"y":201.0},{"x":145.0,"y":201.0},{"x":145.0,"y":217.0},{"x":119.0,"y":217.0}]},"line":2,"tag":"name"},{"description":"John","boundingPoly":{"vertices":[{"x":269.0,"y":201.0},{"x":304.0,"y":201.0},{"x":304.0,"y":218.0},{"x":269.0,"y":218.0}]},"line":2,"tag":"billing-name"},{"description":"Smith","boundingPoly":{"vertices":[{"x":303.0,"y":201.0},{"x":343.0,"y":201.0},{"x":343.0,"y":217.0},{"x":303.0,"y":217.0}]},"line":2,"tag":"billing-name"},{"description":"John","boundingPoly":{"vertices":[{"x":483.0,"y":201.0},{"x":517.0,"y":201.0},{"x":517.0,"y":217.0},{"x":483.0,"y":217.0}]},"line":2,"tag":"shipping-addr"},{"description":"Smith","boundingPoly":{"vertices":[{"x":517.0,"y":201.0},{"x":556.0,"y":201.0},{"x":556.0,"y":217.0},{"x":517.0,"y":217.0}]},"line":2,"tag":"shipping-addr"},{"description":"1912","boundingPoly":{"vertices":[{"x":44.0,"y":219.0},{"x":80.0,"y":219.0},{"x":80.0,"y":235.0},{"x":44.0,"y":235.0}]},"line":3,"tag":"vendor-addr"},{"description":"Harvest","boundingPoly":{"vertices":[{"x":77.0,"y":219.0},{"x":131.0,"y":219.0},{"x":131.0,"y":236.0},{"x":77.0,"y":236.0}]},"line":3,"tag":"vendor-addr"},{"description":"Lane","boundingPoly":{"vertices":[{"x":129.0,"y":219.0},{"x":165.0,"y":219.0},{"x":165.0,"y":235.0},{"x":129.0,"y":235.0}]},"line":3,"tag":"vendor-addr"},{"description":"2","boundingPoly":{"vertices":[{"x":268.0,"y":218.0},{"x":282.0,"y":218.0},{"x":282.0,"y":235.0},{"x":268.0,"y":235.0}]},"line":3,"tag":"billing-addr"},{"description":"Court","boundingPoly":{"vertices":[{"x":281.0,"y":219.0},{"x":319.0,"y":219.0},{"x":319.0,"y":235.0},{"x":281.0,"y":235.0}]},"line":3,"tag":"billing-addr"},{"description":"Square","boundingPoly":{"vertices":[{"x":319.0,"y":219.0},{"x":368.0,"y":219.0},{"x":368.0,"y":237.0},{"x":319.0,"y":237.0}]},"line":3,"tag":"billing-addr"},{"description":"3787","boundingPoly":{"vertices":[{"x":483.0,"y":219.0},{"x":518.0,"y":219.0},{"x":518.0,"y":235.0},{"x":483.0,"y":235.0}]},"line":3,"tag":"shipping-addr"},{"description":"Pineview","boundingPoly":{"vertices":[{"x":518.0,"y":219.0},{"x":577.0,"y":219.0},{"x":577.0,"y":235.0},{"x":518.0,"y":235.0}]},"line":3,"tag":"shipping-addr"},{"description":"Drive","boundingPoly":{"vertices":[{"x":577.0,"y":220.0},{"x":613.0,"y":220.0},{"x":613.0,"y":235.0},{"x":577.0,"y":235.0}]},"line":3,"tag":"shipping-addr"},{"description":"New","boundingPoly":{"vertices":[{"x":43.0,"y":237.0},{"x":75.0,"y":237.0},{"x":75.0,"y":253.0},{"x":43.0,"y":253.0}]},"line":4,"tag":"vendor-addr"},{"description":"York,","boundingPoly":{"vertices":[{"x":74.0,"y":237.0},{"x":111.0,"y":237.0},{"x":111.0,"y":255.0},{"x":74.0,"y":255.0}]},"line":4,"tag":"vendor-addr"},{"description":"NY","boundingPoly":{"vertices":[{"x":110.0,"y":236.0},{"x":135.0,"y":236.0},{"x":135.0,"y":254.0},{"x":110.0,"y":254.0}]},"line":4,"tag":"vendor-addr"},{"description":"12210","boundingPoly":{"vertices":[{"x":134.0,"y":237.0},{"x":178.0,"y":237.0},{"x":178.0,"y":254.0},{"x":134.0,"y":254.0}]},"line":4,"tag":"vendor-addr"},{"description":"New","boundingPoly":{"vertices":[{"x":269.0,"y":237.0},{"x":302.0,"y":237.0},{"x":302.0,"y":254.0},{"x":269.0,"y":254.0}]},"line":4,"tag":"billing-addr"},{"description":"York,","boundingPoly":{"vertices":[{"x":300.0,"y":237.0},{"x":337.0,"y":237.0},{"x":337.0,"y":255.0},{"x":300.0,"y":255.0}]},"line":4,"tag":"billing-addr"},{"description":"NY","boundingPoly":{"vertices":[{"x":337.0,"y":237.0},{"x":360.0,"y":237.0},{"x":360.0,"y":253.0},{"x":337.0,"y":253.0}]},"line":4,"tag":"billing-addr"},{"description":"12210","boundingPoly":{"vertices":[{"x":361.0,"y":237.0},{"x":403.0,"y":237.0},{"x":403.0,"y":253.0},{"x":361.0,"y":253.0}]},"line":4,"tag":"billing-addr"},{"description":"Cambridge,","boundingPoly":{"vertices":[{"x":483.0,"y":237.0},{"x":558.0,"y":237.0},{"x":558.0,"y":256.0},{"x":483.0,"y":256.0}]},"line":4,"tag":"shipping-addr"},{"description":"MA","boundingPoly":{"vertices":[{"x":559.0,"y":237.0},{"x":584.0,"y":237.0},{"x":584.0,"y":253.0},{"x":559.0,"y":253.0}]},"line":4,"tag":"shipping-addr"},{"description":"12210","boundingPoly":{"vertices":[{"x":584.0,"y":237.0},{"x":626.0,"y":237.0},{"x":626.0,"y":253.0},{"x":584.0,"y":253.0}]},"line":4,"tag":"shipping-addr"},{"description":"INVOICE","boundingPoly":{"vertices":[{"x":43.0,"y":348.0},{"x":86.0,"y":348.0},{"x":86.0,"y":365.0},{"x":43.0,"y":365.0}]},"line":5,"tag":""},{"description":"#","boundingPoly":{"vertices":[{"x":85.0,"y":348.0},{"x":95.0,"y":348.0},{"x":95.0,"y":365.0},{"x":85.0,"y":365.0}]},"line":5,"tag":""},{"description":"INVOICE","boundingPoly":{"vertices":[{"x":208.0,"y":349.0},{"x":250.0,"y":349.0},{"x":250.0,"y":365.0},{"x":208.0,"y":365.0}]},"line":5,"tag":""},{"description":"DATE","boundingPoly":{"vertices":[{"x":249.0,"y":349.0},{"x":278.0,"y":349.0},{"x":278.0,"y":365.0},{"x":249.0,"y":365.0}]},"line":5,"tag":""},{"description":"PO.#","boundingPoly":{"vertices":[{"x":512.0,"y":349.0},{"x":540.0,"y":349.0},{"x":540.0,"y":365.0},{"x":512.0,"y":365.0}]},"line":5,"tag":""},{"description":"DUE","boundingPoly":{"vertices":[{"x":655.0,"y":349.0},{"x":679.0,"y":349.0},{"x":679.0,"y":365.0},{"x":655.0,"y":365.0}]},"line":5,"tag":""},{"description":"DATE","boundingPoly":{"vertices":[{"x":677.0,"y":349.0},{"x":706.0,"y":349.0},{"x":706.0,"y":365.0},{"x":677.0,"y":365.0}]},"line":5,"tag":""},{"description":"US-001","boundingPoly":{"vertices":[{"x":43.0,"y":369.0},{"x":93.0,"y":369.0},{"x":93.0,"y":385.0},{"x":43.0,"y":385.0}]},"line":6,"tag":"invoice-no"},{"description":"QTY","boundingPoly":{"vertices":[{"x":45.0,"y":428.0},{"x":68.0,"y":428.0},{"x":68.0,"y":445.0},{"x":45.0,"y":445.0}]},"line":7,"tag":""},{"description":"11/02/2019","boundingPoly":{"vertices":[{"x":209.0,"y":369.0},{"x":281.0,"y":369.0},{"x":281.0,"y":385.0},{"x":209.0,"y":385.0}]},"line":6,"tag":"date"},{"description":"DESCRIPTION","boundingPoly":{"vertices":[{"x":208.0,"y":428.0},{"x":277.0,"y":428.0},{"x":277.0,"y":445.0},{"x":208.0,"y":445.0}]},"line":7,"tag":""},{"description":"2312/2019","boundingPoly":{"vertices":[{"x":471.0,"y":370.0},{"x":541.0,"y":370.0},{"x":541.0,"y":385.0},{"x":471.0,"y":385.0}]},"line":6,"tag":"po-no"},{"description":"UNITPRICE","boundingPoly":{"vertices":[{"x":484.0,"y":429.0},{"x":541.0,"y":429.0},{"x":541.0,"y":445.0},{"x":484.0,"y":445.0}]},"line":7,"tag":""},{"description":"26/02/2019","boundingPoly":{"vertices":[{"x":632.0,"y":370.0},{"x":706.0,"y":370.0},{"x":706.0,"y":385.0},{"x":632.0,"y":385.0}]},"line":6,"tag":"due-date"},{"description":"AMOUNT","boundingPoly":{"vertices":[{"x":660.0,"y":429.0},{"x":705.0,"y":429.0},{"x":705.0,"y":444.0},{"x":660.0,"y":444.0}]},"line":7,"tag":""},{"description":"1","boundingPoly":{"vertices":[{"x":52.0,"y":456.0},{"x":61.0,"y":456.0},{"x":61.0,"y":471.0},{"x":52.0,"y":471.0}]},"line":8,"tag":"quantity","instance":1},{"description":"Front","boundingPoly":{"vertices":[{"x":108.0,"y":456.0},{"x":145.0,"y":456.0},{"x":145.0,"y":471.0},{"x":108.0,"y":471.0}]},"line":8,"tag":"description","instance":1},{"description":"and","boundingPoly":{"vertices":[{"x":144.0,"y":456.0},{"x":172.0,"y":456.0},{"x":172.0,"y":471.0},{"x":144.0,"y":471.0}]},"line":8,"tag":"description","instance":1},{"description":"rear","boundingPoly":{"vertices":[{"x":172.0,"y":458.0},{"x":200.0,"y":458.0},{"x":200.0,"y":472.0},{"x":172.0,"y":472.0}]},"line":8,"tag":"description","instance":1},{"description":"brake","boundingPoly":{"vertices":[{"x":200.0,"y":456.0},{"x":239.0,"y":456.0},{"x":239.0,"y":471.0},{"x":200.0,"y":471.0}]},"line":8,"tag":"description","instance":1},{"description":"cables","boundingPoly":{"vertices":[{"x":238.0,"y":456.0},{"x":282.0,"y":456.0},{"x":282.0,"y":472.0},{"x":238.0,"y":472.0}]},"line":8,"tag":"description","instance":1},{"description":"100.00","boundingPoly":{"vertices":[{"x":497.0,"y":457.0},{"x":542.0,"y":457.0},{"x":542.0,"y":471.0},{"x":497.0,"y":471.0}]},"line":8,"tag":"unit-price","instance":1},{"description":"100.00","boundingPoly":{"vertices":[{"x":662.0,"y":456.0},{"x":707.0,"y":456.0},{"x":707.0,"y":471.0},{"x":662.0,"y":471.0}]},"line":8,"tag":"line-amount","instance":1},{"description":"2","boundingPoly":{"vertices":[{"x":50.0,"y":480.0},{"x":63.0,"y":480.0},{"x":63.0,"y":496.0},{"x":50.0,"y":496.0}]},"line":9,"tag":"quantity","instance":2},{"description":"New","boundingPoly":{"vertices":[{"x":109.0,"y":481.0},{"x":141.0,"y":481.0},{"x":141.0,"y":495.0},{"x":109.0,"y":495.0}]},"line":9,"tag":"description","instance":2},{"description":"set","boundingPoly":{"vertices":[{"x":140.0,"y":481.0},{"x":163.0,"y":481.0},{"x":163.0,"y":495.0},{"x":140.0,"y":495.0}]},"line":9,"tag":"description","instance":2},{"description":"of","boundingPoly":{"vertices":[{"x":162.0,"y":480.0},{"x":178.0,"y":480.0},{"x":178.0,"y":496.0},{"x":162.0,"y":496.0}]},"line":9,"tag":"description","instance":2},{"description":"pedal","boundingPoly":{"vertices":[{"x":178.0,"y":480.0},{"x":216.0,"y":480.0},{"x":216.0,"y":498.0},{"x":178.0,"y":498.0}]},"line":9,"tag":"description","instance":2},{"description":"arms","boundingPoly":{"vertices":[{"x":215.0,"y":482.0},{"x":251.0,"y":482.0},{"x":251.0,"y":496.0},{"x":215.0,"y":496.0}]},"line":9,"tag":"description","instance":2},{"description":"15.00","boundingPoly":{"vertices":[{"x":505.0,"y":480.0},{"x":542.0,"y":480.0},{"x":542.0,"y":496.0},{"x":505.0,"y":496.0}]},"line":9,"tag":"unit-price","instance":2},{"description":"30.00","boundingPoly":{"vertices":[{"x":669.0,"y":480.0},{"x":707.0,"y":480.0},{"x":707.0,"y":496.0},{"x":669.0,"y":496.0}]},"line":9,"tag":"line-amount","instance":2},{"description":"3","boundingPoly":{"vertices":[{"x":50.0,"y":504.0},{"x":63.0,"y":504.0},{"x":63.0,"y":520.0},{"x":50.0,"y":520.0}]},"line":10,"tag":"quantity","instance":3},{"description":"Labor","boundingPoly":{"vertices":[{"x":108.0,"y":504.0},{"x":148.0,"y":504.0},{"x":148.0,"y":520.0},{"x":108.0,"y":520.0}]},"line":10,"tag":"description","instance":3},{"description":"3hrs","boundingPoly":{"vertices":[{"x":147.0,"y":504.0},{"x":179.0,"y":504.0},{"x":179.0,"y":520.0},{"x":147.0,"y":520.0}]},"line":10,"tag":"description","instance":3},{"description":"5.00","boundingPoly":{"vertices":[{"x":511.0,"y":504.0},{"x":542.0,"y":504.0},{"x":542.0,"y":520.0},{"x":511.0,"y":520.0}]},"line":10,"tag":"unit-price","instance":3},{"description":"15.00","boundingPoly":{"vertices":[{"x":669.0,"y":504.0},{"x":707.0,"y":504.0},{"x":707.0,"y":520.0},{"x":669.0,"y":520.0}]},"line":10,"tag":"line-amount","instance":3},{"description":"Subtotal","boundingPoly":{"vertices":[{"x":487.0,"y":541.0},{"x":541.0,"y":541.0},{"x":541.0,"y":556.0},{"x":487.0,"y":556.0}]},"line":11,"tag":""},{"description":"145.00","boundingPoly":{"vertices":[{"x":662.0,"y":541.0},{"x":707.0,"y":541.0},{"x":707.0,"y":556.0},{"x":662.0,"y":556.0}]},"line":11,"tag":"net-amount"},{"description":"Sales","boundingPoly":{"vertices":[{"x":433.0,"y":565.0},{"x":471.0,"y":565.0},{"x":471.0,"y":580.0},{"x":433.0,"y":580.0}]},"line":12,"tag":""},{"description":"Tax","boundingPoly":{"vertices":[{"x":471.0,"y":565.0},{"x":499.0,"y":565.0},{"x":499.0,"y":580.0},{"x":471.0,"y":580.0}]},"line":12,"tag":""},{"description":"6.25%","boundingPoly":{"vertices":[{"x":498.0,"y":565.0},{"x":542.0,"y":565.0},{"x":542.0,"y":581.0},{"x":498.0,"y":581.0}]},"line":12,"tag":""},{"description":"9.06","boundingPoly":{"vertices":[{"x":676.0,"y":565.0},{"x":707.0,"y":565.0},{"x":707.0,"y":581.0},{"x":676.0,"y":581.0}]},"line":12,"tag":"tax"},{"description":"Total","boundingPoly":{"vertices":[{"x":501.0,"y":599.0},{"x":542.0,"y":599.0},{"x":542.0,"y":615.0},{"x":501.0,"y":615.0}]},"line":13,"tag":""},{"description":"$154.06","boundingPoly":{"vertices":[{"x":648.0,"y":598.0},{"x":707.0,"y":598.0},{"x":707.0,"y":616.0},{"x":648.0,"y":616.0}]},"line":13,"tag":"total"},{"description":"TERMS","boundingPoly":{"vertices":[{"x":43.0,"y":878.0},{"x":78.0,"y":878.0},{"x":78.0,"y":893.0},{"x":43.0,"y":893.0}]},"line":14,"tag":""},{"description":"a","boundingPoly":{"vertices":[{"x":76.0,"y":878.0},{"x":86.0,"y":878.0},{"x":86.0,"y":892.0},{"x":76.0,"y":892.0}]},"line":14,"tag":""},{"description":"CONOITIONS","boundingPoly":{"vertices":[{"x":86.0,"y":878.0},{"x":143.0,"y":878.0},{"x":143.0,"y":893.0},{"x":86.0,"y":893.0}]},"line":14,"tag":""},{"description":"Payment","boundingPoly":{"vertices":[{"x":44.0,"y":899.0},{"x":102.0,"y":899.0},{"x":102.0,"y":917.0},{"x":44.0,"y":917.0}]},"line":15,"tag":""},{"description":"is","boundingPoly":{"vertices":[{"x":102.0,"y":899.0},{"x":116.0,"y":899.0},{"x":116.0,"y":914.0},{"x":102.0,"y":914.0}]},"line":15,"tag":""},{"description":"due","boundingPoly":{"vertices":[{"x":116.0,"y":899.0},{"x":143.0,"y":899.0},{"x":143.0,"y":914.0},{"x":116.0,"y":914.0}]},"line":15,"tag":""},{"description":"within","boundingPoly":{"vertices":[{"x":142.0,"y":900.0},{"x":182.0,"y":900.0},{"x":182.0,"y":914.0},{"x":142.0,"y":914.0}]},"line":15,"tag":"payment-terms"},{"description":"15","boundingPoly":{"vertices":[{"x":183.0,"y":900.0},{"x":201.0,"y":900.0},{"x":201.0,"y":914.0},{"x":183.0,"y":914.0}]},"line":15,"tag":"payment-terms"},{"description":"days","boundingPoly":{"vertices":[{"x":202.0,"y":899.0},{"x":234.0,"y":899.0},{"x":234.0,"y":917.0},{"x":202.0,"y":917.0}]},"line":15,"tag":"payment-terms"},{"description":"Please","boundingPoly":{"vertices":[{"x":44.0,"y":935.0},{"x":89.0,"y":935.0},{"x":89.0,"y":951.0},{"x":44.0,"y":951.0}]},"line":16,"tag":""},{"description":"make","boundingPoly":{"vertices":[{"x":89.0,"y":935.0},{"x":127.0,"y":935.0},{"x":127.0,"y":951.0},{"x":89.0,"y":951.0}]},"line":16,"tag":""},{"description":"checks","boundingPoly":{"vertices":[{"x":127.0,"y":935.0},{"x":175.0,"y":935.0},{"x":175.0,"y":951.0},{"x":127.0,"y":951.0}]},"line":16,"tag":""},{"description":"payable","boundingPoly":{"vertices":[{"x":175.0,"y":936.0},{"x":226.0,"y":936.0},{"x":226.0,"y":954.0},{"x":175.0,"y":954.0}]},"line":16,"tag":""},{"description":"to:","boundingPoly":{"vertices":[{"x":226.0,"y":935.0},{"x":245.0,"y":935.0},{"x":245.0,"y":951.0},{"x":226.0,"y":951.0}]},"line":16,"tag":""},{"description":"East","boundingPoly":{"vertices":[{"x":247.0,"y":935.0},{"x":278.0,"y":935.0},{"x":278.0,"y":951.0},{"x":247.0,"y":951.0}]},"line":16,"tag":""},{"description":"Repair","boundingPoly":{"vertices":[{"x":278.0,"y":935.0},{"x":323.0,"y":935.0},{"x":323.0,"y":954.0},{"x":278.0,"y":954.0}]},"line":16,"tag":""},{"description":"Inc.","boundingPoly":{"vertices":[{"x":323.0,"y":935.0},{"x":348.0,"y":935.0},{"x":348.0,"y":951.0},{"x":323.0,"y":951.0}]},"line":16,"tag":""}]}]}