{"api_version":"1.0","fname":"Input-15.png","original_fname":"Input-15.png","fields":{"name":"East Repair Inc.","vendor-addr":"1912 Harvest Lane New York, NY 12210","billing-name":"John Smith","billing-addr":"2 Court Square New York, NY 12210","shipping-addr":"John Smith 3787 Pineview Drive Cambridge, MA 12210","invoice-no":"US-001","po-no":"2312/2019","vendor-vat-no":"","date":"2019-02-11","due-date":"2019-02-26","tax":"9.06","total":"154.06","payment-terms":"within 15 days","net-amount":"145.00","discount":"","shipping-charges":"","payment-addr":"","billing-vat-no":"","currency":"USD"},"items":[{"instance":1,"values":{"description":"Front and rear brake cables","quantity":"1","unit-price":"100.00","line-amount":"100.00"}},{"instance":2,"values":{"description":"New set of pedal arms","quantity":"2","unit-price":"15.00","line-amount":"30.00"}},{"instance":3,"values":{"description":"Labor 3hrs","quantity":"3","unit-price":"5.00","line-amount":"15.00"}}],"pages":[{"page_rotation":0,"page_no":0,"width":750.0,"height":1061.0,"words":[{"description":"East","boundingPoly":{"vertices":[{"x":62.0,"y":79.0},{"x":109.0,"y":79.0},{"x":109.0,"y":99.0},{"x":62.0,"y":99.0}]},"line":0,"tag":"name"},{"description":"Repair","boundingPoly":{"vertices":[{"x":110.0,"y":79.0},{"x":177.0,"y":79.0},{"x":177.0,"y":103.0},{"x":110.0,"y":103.0}]},"line":0,"tag":"name"},{"description":"Inc.","boundingPoly":{"vertices":[{"x":178.0,"y":78.0},{"x":216.0,"y":78.0},{"x":216.0,"y":99.0},{"x":178.0,"y":99.0}]},"line":0,"tag":"name"},{"description":"1912","boundingPoly":{"vertices":[{"x":53.0,"y":130.0},{"x":84.0,"y":130.0},{"x":84.0,"y":145.0},{"x":53.0,"y":145.0}]},"line":1,"tag":"vendor-addr"},{"description":"Harvest","boundingPoly":{"vertices":[{"x":84.0,"y":130.0},{"x":132.0,"y":130.0},{"x":132.0,"y":145.0},{"x":84.0,"y":145.0}]},"line":1,"tag":"vendor-addr"},{"description":"Lane","boundingPoly":{"vertices":[{"x":131.0,"y":131.0},{"x":163.0,"y":131.0},{"x":163.0,"y":145.0},{"x":131.0,"y":145.0}]},"line":1,"tag":"vendor-addr"},{"description":"New","boundingPoly":{"vertices":[{"x":53.0,"y":149.0},{"x":82.0,"y":149.0},{"x":82.0,"y":163.0},{"x":53.0,"y":163.0}]},"line":2,"tag":"vendor-addr"},{"description":"York,","boundingPoly":{"vertices":[{"x":82.0,"y":149.0},{"x":114.0,"y":149.0},{"x":114.0,"y":164.0},{"x":82.0,"y":164.0}]},"line":2,"tag":"vendor-addr"},{"description":"NY","boundingPoly":{"vertices":[{"x":114.0,"y":148.0},{"x":136.0,"y":148.0},{"x":136.0,"y":163.0},{"x":114.0,"y":163.0}]},"line":2,"tag":"vendor-addr"},{"description":"12210","boundingPoly":{"vertices":[{"x":135.0,"y":149.0},{"x":174.0,"y":149.0},{"x":174.0,"y":163.0},{"x":135.0,"y":163.0}]},"line":2,"tag":"vendor-addr"},{"description":"INVOICE","boundingPoly":{"vertices":[{"x":598.0,"y":79.0},{"x":684.0,"y":79.0},{"x":684.0,"y":99.0},{"x":598.0,"y":99.0}]},"line":0,"tag":""},{"description":"Bill","boundingPoly":{"vertices":[{"x":53.0,"y":259.0},{"x":76.0,"y":259.0},{"x":76.0,"y":273.0},{"x":53.0,"y":273.0}]},"line":3,"tag":""},{"description":"To","boundingPoly":{"vertices":[{"x":76.0,"y":259.0},{"x":95.0,"y":259.0},{"x":95.0,"y":273.0},{"x":76.0,"y":273.0}]},"line":3,"tag":""},{"description":"Ship","boundingPoly":{"vertices":[{"x":279.0,"y":259.0},{"x":311.0,"y":259.0},{"x":311.0,"y":276.0},{"x":279.0,"y":276.0}]},"line":3,"tag":""},{"description":"To","boundingPoly":{"vertices":[{"x":310.0,"y":259.0},{"x":329.0,"y":259.0},{"x":329.0,"y":274.0},{"x":310.0,"y":274.0}]},"line":3,"tag":""},{"description":"Invoice","boundingPoly":{"vertices":[{"x":536.0,"y":259.0},{"x":582.0,"y":259.0},{"x":582.0,"y":273.0},{"x":536.0,"y":273.0}]},"line":3,"tag":""},{"description":"#","boundingPoly":{"vertices":[{"x":582.0,"y":259.0},{"x":594.0,"y":259.0},{"x":594.0,"y":273.0},{"x":582.0,"y":273.0}]},"line":3,"tag":""},{"description":"US-001","boundingPoly":{"vertices":[{"x":651.0,"y":259.0},{"x":697.0,"y":259.0},{"x":697.0,"y":274.0},{"x":651.0,"y":274.0}]},"line":3,"tag":"invoice-no"},{"description":"John","boundingPoly":{"vertices":[{"x":52.0,"y":281.0},{"x":83.0,"y":281.0},{"x":83.0,"y":295.0},{"x":52.0,"y":295.0}]},"line":4,"tag":"billing-name"},{"description":"Smith","boundingPoly":{"vertices":[{"x":83.0,"y":280.0},{"x":119.0,"y":280.0},{"x":119.0,"y":295.0},{"x":83.0,"y":295.0}]},"line":4,"tag":"billing-name"},{"description":"John","boundingPoly":{"vertices":[{"x":279.0,"y":280.0},{"x":310.0,"y":280.0},{"x":310.0,"y":295.0},{"x":279.0,"y":295.0}]},"line":4,"tag":"shipping-addr"},{"description":"Smith","boundingPoly":{"vertices":[{"x":311.0,"y":280.0},{"x":346.0,"y":280.0},{"x":346.0,"y":295.0},{"x":311.0,"y":295.0}]},"line":4,"tag":"shipping-addr"},{"description":"Invoice","boundingPoly":{"vertices":[{"x":515.0,"y":284.0},{"x":562.0,"y":284.0},{"x":562.0,"y":299.0},{"x":515.0,"y":299.0}]},"line":4,"tag":""},{"description":"Date","boundingPoly":{"vertices":[{"x":562.0,"y":285.0},{"x":593.0,"y":285.0},{"x":593.0,"y":299.0},{"x":562.0,"y":299.0}]},"line":4,"tag":""},{"description":"11/02/2019","boundingPoly":{"vertices":[{"x":632.0,"y":284.0},{"x":698.0,"y":284.0},{"x":698.0,"y":299.0},{"x":632.0,"y":299.0}]},"line":4,"tag":"date"},{"description":"2","boundingPoly":{"vertices":[{"x":52.0,"y":299.0},{"x":64.0,"y":299.0},{"x":64.0,"y":313.0},{"x":52.0,"y":313.0}]},"line":5,"tag":"billing-addr"},{"description":"Court","boundingPoly":{"vertices":[{"x":63.0,"y":299.0},{"x":98.0,"y":299.0},{"x":98.0,"y":313.0},{"x":63.0,"y":313.0}]},"line":5,"tag":"billing-addr"},{"description":"Square","boundingPoly":{"vertices":[{"x":97.0,"y":299.0},{"x":141.0,"y":299.0},{"x":141.0,"y":315.0},{"x":97.0,"y":315.0}]},"line":5,"tag":"billing-addr"},{"description":"3787","boundingPoly":{"vertices":[{"x":280.0,"y":298.0},{"x":311.0,"y":298.0},{"x":311.0,"y":314.0},{"x":280.0,"y":314.0}]},"line":5,"tag":"shipping-addr"},{"description":"Pineview","boundingPoly":{"vertices":[{"x":311.0,"y":299.0},{"x":366.0,"y":299.0},{"x":366.0,"y":313.0},{"x":311.0,"y":313.0}]},"line":5,"tag":"shipping-addr"},{"description":"Drive","boundingPoly":{"vertices":[{"x":365.0,"y":299.0},{"x":399.0,"y":299.0},{"x":399.0,"y":314.0},{"x":365.0,"y":314.0}]},"line":5,"tag":"shipping-addr"},{"description":" ","boundingPoly":{"vertices":[{"x":0.0,"y":0.0},{"x":0.0,"y":0.0},{"x":0.0,"y":0.0},{"x":0.0,"y":0.0}]},"line":-1,"tag":""},{"description":" ","boundingPoly":{"vertices":[{"x":0.0,"y":0.0},{"x":0.0,"y":0.0},{"x":0.0,"y":0.0},{"x":0.0,"y":0.0}]},"line":-1,"tag":""},{"description":"New","boundingPoly":{"vertices":[{"x":53.0,"y":317.0},{"x":82.0,"y":317.0},{"x":82.0,"y":331.0},{"x":53.0,"y":331.0}]},"line":6,"tag":"billing-addr"},{"description":"York,","boundingPoly":{"vertices":[{"x":81.0,"y":317.0},{"x":114.0,"y":317.0},{"x":114.0,"y":333.0},{"x":81.0,"y":333.0}]},"line":6,"tag":"billing-addr"},{"description":"NY","boundingPoly":{"vertices":[{"x":114.0,"y":317.0},{"x":136.0,"y":317.0},{"x":136.0,"y":331.0},{"x":114.0,"y":331.0}]},"line":6,"tag":"billing-addr"},{"description":"12210","boundingPoly":{"vertices":[{"x":135.0,"y":317.0},{"x":174.0,"y":317.0},{"x":174.0,"y":331.0},{"x":135.0,"y":331.0}]},"line":6,"tag":"billing-addr"},{"description":"Cambridge,","boundingPoly":{"vertices":[{"x":280.0,"y":316.0},{"x":348.0,"y":316.0},{"x":348.0,"y":333.0},{"x":280.0,"y":333.0}]},"line":6,"tag":"shipping-addr"},{"description":"MA","boundingPoly":{"vertices":[{"x":349.0,"y":317.0},{"x":370.0,"y":317.0},{"x":370.0,"y":331.0},{"x":349.0,"y":331.0}]},"line":6,"tag":"shipping-addr"},{"description":"12210","boundingPoly":{"vertices":[{"x":371.0,"y":317.0},{"x":409.0,"y":317.0},{"x":409.0,"y":331.0},{"x":371.0,"y":331.0}]},"line":6,"tag":"shipping-addr"},{"description":"P.O#","boundingPoly":{"vertices":[{"x":557.0,"y":310.0},{"x":594.0,"y":310.0},{"x":594.0,"y":325.0},{"x":557.0,"y":325.0}]},"line":6,"tag":""},{"description":"2312/2019","boundingPoly":{"vertices":[{"x":634.0,"y":310.0},{"x":698.0,"y":310.0},{"x":698.0,"y":325.0},{"x":634.0,"y":325.0}]},"line":6,"tag":"po-no"},{"description":" ","boundingPoly":{"vertices":[{"x":0.0,"y":0.0},{"x":0.0,"y":0.0},{"x":0.0,"y":0.0},{"x":0.0,"y":0.0}]},"line":-1,"tag":""},{"description":" ","boundingPoly":{"vertices":[{"x":0.0,"y":0.0},{"x":0.0,"y":0.0},{"x":0.0,"y":0.0},{"x":0.0,"y":0.0}]},"line":-1,"tag":""},{"description":"Due","boundingPoly":{"vertices":[{"x":535.0,"y":336.0},{"x":562.0,"y":336.0},{"x":562.0,"y":350.0},{"x":535.0,"y":350.0}]},"line":7,"tag":""},{"description":"Date","boundingPoly":{"vertices":[{"x":562.0,"y":336.0},{"x":593.0,"y":336.0},{"x":593.0,"y":350.0},{"x":562.0,"y":350.0}]},"line":7,"tag":""},{"description":"26/02/2019","boundingPoly":{"vertices":[{"x":631.0,"y":336.0},{"x":698.0,"y":336.0},{"x":698.0,"y":351.0},{"x":631.0,"y":351.0}]},"line":7,"tag":"due-date"},{"description":"QTY","boundingPoly":{"vertices":[{"x":68.0,"y":404.0},{"x":97.0,"y":404.0},{"x":97.0,"y":419.0},{"x":68.0,"y":419.0}]},"line":8,"tag":""},{"description":"DESCRIPTION","boundingPoly":{"vertices":[{"x":221.0,"y":404.0},{"x":312.0,"y":404.0},{"x":312.0,"y":419.0},{"x":221.0,"y":419.0}]},"line":8,"tag":""},{"description":"1","boundingPoly":{"vertices":[{"x":77.0,"y":438.0},{"x":86.0,"y":438.0},{"x":86.0,"y":451.0},{"x":77.0,"y":451.0}]},"line":9,"tag":"quantity","instance":1},{"description":"Front","boundingPoly":{"vertices":[{"x":119.0,"y":438.0},{"x":152.0,"y":438.0},{"x":152.0,"y":452.0},{"x":119.0,"y":452.0}]},"line":9,"tag":"description","instance":1},{"description":"and","boundingPoly":{"vertices":[{"x":151.0,"y":438.0},{"x":176.0,"y":438.0},{"x":176.0,"y":452.0},{"x":151.0,"y":452.0}]},"line":9,"tag":"description","instance":1},{"description":"rear","boundingPoly":{"vertices":[{"x":176.0,"y":440.0},{"x":203.0,"y":440.0},{"x":203.0,"y":452.0},{"x":176.0,"y":452.0}]},"line":9,"tag":"description","instance":1},{"description":"brake","boundingPoly":{"vertices":[{"x":202.0,"y":438.0},{"x":237.0,"y":438.0},{"x":237.0,"y":452.0},{"x":202.0,"y":452.0}]},"line":9,"tag":"description","instance":1},{"description":"cables","boundingPoly":{"vertices":[{"x":237.0,"y":438.0},{"x":278.0,"y":438.0},{"x":278.0,"y":452.0},{"x":237.0,"y":452.0}]},"line":9,"tag":"description","instance":1},{"description":"2","boundingPoly":{"vertices":[{"x":76.0,"y":471.0},{"x":88.0,"y":471.0},{"x":88.0,"y":486.0},{"x":76.0,"y":486.0}]},"line":10,"tag":"quantity","instance":2},{"description":"New","boundingPoly":{"vertices":[{"x":120.0,"y":471.0},{"x":149.0,"y":471.0},{"x":149.0,"y":486.0},{"x":120.0,"y":486.0}]},"line":10,"tag":"description","instance":2},{"description":"set","boundingPoly":{"vertices":[{"x":148.0,"y":472.0},{"x":168.0,"y":472.0},{"x":168.0,"y":485.0},{"x":148.0,"y":485.0}]},"line":10,"tag":"description","instance":2},{"description":"of","boundingPoly":{"vertices":[{"x":168.0,"y":471.0},{"x":183.0,"y":471.0},{"x":183.0,"y":486.0},{"x":168.0,"y":486.0}]},"line":10,"tag":"description","instance":2},{"description":"pedal","boundingPoly":{"vertices":[{"x":182.0,"y":471.0},{"x":216.0,"y":471.0},{"x":216.0,"y":488.0},{"x":182.0,"y":488.0}]},"line":10,"tag":"description","instance":2},{"description":"arms","boundingPoly":{"vertices":[{"x":216.0,"y":473.0},{"x":248.0,"y":473.0},{"x":248.0,"y":486.0},{"x":216.0,"y":486.0}]},"line":10,"tag":"description","instance":2},{"description":"3","boundingPoly":{"vertices":[{"x":76.0,"y":504.0},{"x":88.0,"y":504.0},{"x":88.0,"y":519.0},{"x":76.0,"y":519.0}]},"line":11,"tag":"quantity","instance":3},{"description":"Labor","boundingPoly":{"vertices":[{"x":119.0,"y":504.0},{"x":155.0,"y":504.0},{"x":155.0,"y":519.0},{"x":119.0,"y":519.0}]},"line":11,"tag":"description","instance":3},{"description":"3hrs","boundingPoly":{"vertices":[{"x":155.0,"y":504.0},{"x":183.0,"y":504.0},{"x":183.0,"y":519.0},{"x":155.0,"y":519.0}]},"line":11,"tag":"description","instance":3},{"description":"UNIT","boundingPoly":{"vertices":[{"x":438.0,"y":404.0},{"x":472.0,"y":404.0},{"x":472.0,"y":418.0},{"x":438.0,"y":418.0}]},"line":8,"tag":""},{"description":"PRICE","boundingPoly":{"vertices":[{"x":471.0,"y":404.0},{"x":514.0,"y":404.0},{"x":514.0,"y":419.0},{"x":471.0,"y":419.0}]},"line":8,"tag":""},{"description":"AMOUNT","boundingPoly":{"vertices":[{"x":582.0,"y":404.0},{"x":642.0,"y":404.0},{"x":642.0,"y":419.0},{"x":582.0,"y":419.0}]},"line":8,"tag":""},{"description":"100.00","boundingPoly":{"vertices":[{"x":482.0,"y":437.0},{"x":524.0,"y":437.0},{"x":524.0,"y":453.0},{"x":482.0,"y":453.0}]},"line":9,"tag":"unit-price","instance":1},{"description":"15.00","boundingPoly":{"vertices":[{"x":488.0,"y":471.0},{"x":524.0,"y":471.0},{"x":524.0,"y":486.0},{"x":488.0,"y":486.0}]},"line":10,"tag":"unit-price","instance":2},{"description":"5.00","boundingPoly":{"vertices":[{"x":494.0,"y":504.0},{"x":524.0,"y":504.0},{"x":524.0,"y":519.0},{"x":494.0,"y":519.0}]},"line":11,"tag":"unit-price","instance":3},{"description":"Subtotal","boundingPoly":{"vertices":[{"x":474.0,"y":538.0},{"x":524.0,"y":538.0},{"x":524.0,"y":552.0},{"x":474.0,"y":552.0}]},"line":12,"tag":""},{"description":"Sales","boundingPoly":{"vertices":[{"x":424.0,"y":570.0},{"x":460.0,"y":570.0},{"x":460.0,"y":585.0},{"x":424.0,"y":585.0}]},"line":13,"tag":""},{"description":"Tax","boundingPoly":{"vertices":[{"x":459.0,"y":570.0},{"x":484.0,"y":570.0},{"x":484.0,"y":585.0},{"x":459.0,"y":585.0}]},"line":13,"tag":""},{"description":"6.25%","boundingPoly":{"vertices":[{"x":484.0,"y":570.0},{"x":523.0,"y":570.0},{"x":523.0,"y":585.0},{"x":484.0,"y":585.0}]},"line":13,"tag":""},{"description":"100.00","boundingPoly":{"vertices":[{"x":645.0,"y":438.0},{"x":687.0,"y":438.0},{"x":687.0,"y":453.0},{"x":645.0,"y":453.0}]},"line":9,"tag":"line-amount","instance":1},{"description":"30.00","boundingPoly":{"vertices":[{"x":651.0,"y":471.0},{"x":687.0,"y":471.0},{"x":687.0,"y":486.0},{"x":651.0,"y":486.0}]},"line":10,"tag":"line-amount","instance":2},{"description":"15.00","boundingPoly":{"vertices":[{"x":652.0,"y":504.0},{"x":687.0,"y":504.0},{"x":687.0,"y":519.0},{"x":652.0,"y":519.0}]},"line":11,"tag":"line-amount","instance":3},{"description":"145.00","boundingPoly":{"vertices":[{"x":645.0,"y":538.0},{"x":687.0,"y":538.0},{"x":687.0,"y":552.0},{"x":645.0,"y":552.0}]},"line":12,"tag":"net-amount"},{"description":"9.06","boundingPoly":{"vertices":[{"x":658.0,"y":570.0},{"x":687.0,"y":570.0},{"x":687.0,"y":585.0},{"x":658.0,"y":585.0}]},"line":13,"tag":"tax"},{"description":"TOTAL","boundingPoly":{"vertices":[{"x":461.0,"y":603.0},{"x":524.0,"y":603.0},{"x":524.0,"y":622.0},{"x":461.0,"y":622.0}]},"line":14,"tag":""},{"description":"$154.06","boundingPoly":{"vertices":[{"x":619.0,"y":603.0},{"x":687.0,"y":603.0},{"x":687.0,"y":623.0},{"x":619.0,"y":623.0}]},"line":14,"tag":"total"},{"description":"Swiu","boundingPoly":{"vertices":[{"x":606.0,"y":659.0},{"x":699.0,"y":659.0},{"x":699.0,"y":709.0},{"x":606.0,"y":709.0}]},"line":15,"tag":""},{"description":"Terms","boundingPoly":{"vertices":[{"x":52.0,"y":918.0},{"x":94.0,"y":918.0},{"x":94.0,"y":933.0},{"x":52.0,"y":933.0}]},"line":16,"tag":""},{"description":"&","boundingPoly":{"vertices":[{"x":94.0,"y":918.0},{"x":106.0,"y":918.0},{"x":106.0,"y":932.0},{"x":94.0,"y":932.0}]},"line":16,"tag":""},{"description":"Conditions","boundingPoly":{"vertices":[{"x":107.0,"y":918.0},{"x":175.0,"y":918.0},{"x":175.0,"y":933.0},{"x":107.0,"y":933.0}]},"line":16,"tag":""},{"description":"Payment","boundingPoly":{"vertices":[{"x":53.0,"y":940.0},{"x":106.0,"y":940.0},{"x":106.0,"y":957.0},{"x":53.0,"y":957.0}]},"line":17,"tag":""},{"description":"is","boundingPoly":{"vertices":[{"x":105.0,"y":940.0},{"x":119.0,"y":940.0},{"x":119.0,"y":954.0},{"x":105.0,"y":954.0}]},"line":17,"tag":""},{"description":"due","boundingPoly":{"vertices":[{"x":118.0,"y":940.0},{"x":143.0,"y":940.0},{"x":143.0,"y":954.0},{"x":118.0,"y":954.0}]},"line":17,"tag":""},{"description":"within","boundingPoly":{"vertices":[{"x":143.0,"y":940.0},{"x":179.0,"y":940.0},{"x":179.0,"y":954.0},{"x":143.0,"y":954.0}]},"line":17,"tag":"payment-terms"},{"description":"15","boundingPoly":{"vertices":[{"x":180.0,"y":940.0},{"x":196.0,"y":940.0},{"x":196.0,"y":954.0},{"x":180.0,"y":954.0}]},"line":17,"tag":"payment-terms"},{"description":"days","boundingPoly":{"vertices":[{"x":196.0,"y":940.0},{"x":227.0,"y":940.0},{"x":227.0,"y":957.0},{"x":196.0,"y":957.0}]},"line":17,"tag":"payment-terms"},{"description":"Please","boundingPoly":{"vertices":[{"x":53.0,"y":976.0},{"x":95.0,"y":976.0},{"x":95.0,"y":991.0},{"x":53.0,"y":991.0}]},"line":18,"tag":""},{"description":"make","boundingPoly":{"vertices":[{"x":94.0,"y":976.0},{"x":129.0,"y":976.0},{"x":129.0,"y":991.0},{"x":94.0,"y":991.0}]},"line":18,"tag":""},{"description":"checks","boundingPoly":{"vertices":[{"x":129.0,"y":976.0},{"x":172.0,"y":976.0},{"x":172.0,"y":991.0},{"x":129.0,"y":991.0}]},"line":18,"tag":""},{"description":"payable","boundingPoly":{"vertices":[{"x":171.0,"y":977.0},{"x":219.0,"y":977.0},{"x":219.0,"y":993.0},{"x":171.0,"y":993.0}]},"line":18,"tag":""},{"description":"to:","boundingPoly":{"vertices":[{"x":218.0,"y":976.0},{"x":236.0,"y":976.0},{"x":236.0,"y":991.0},{"x":218.0,"y":991.0}]},"line":18,"tag":""},{"description":"East","boundingPoly":{"vertices":[{"x":237.0,"y":976.0},{"x":266.0,"y":976.0},{"x":266.0,"y":990.0},{"x":237.0,"y":990.0}]},"line":18,"tag":""},{"description":"Repair","boundingPoly":{"vertices":[{"x":265.0,"y":977.0},{"x":307.0,"y":977.0},{"x":307.0,"y":993.0},{"x":265.0,"y":993.0}]},"line":18,"tag":""},{"description":"Inc.","boundingPoly":{"vertices":[{"x":307.0,"y":976.0},{"x":330.0,"y":976.0},{"x":330.0,"y":990.0},{"x":307.0,"y":990.0}]},"line":18,"tag":""}]}]}