{"api_version":"1.0","fname":"Input-10.png","original_fname":"Input-10.png","fields":{"name":"East Repair Inc.","vendor-addr":"1912 Harvest Lane New York, NY 12210","billing-name":"John Smith","billing-addr":"2 Court Square New York, NY 12210","shipping-addr":"John Smith 3787 Pineview Drive Cambridge, MA 12210","invoice-no":"US-001","po-no":"2312/2019","vendor-vat-no":"","date":"2019-02-11","due-date":"2019-02-26","tax":"9.06","total":"154.06","payment-terms":"due within 15 days","net-amount":"145.00","discount":"","shipping-charges":"","payment-addr":"","billing-vat-no":"","currency":"USD"},"items":[{"instance":1,"values":{"description":"Front and rear brake cables","quantity":"1","unit-price":"100.00","line-amount":"100.00"}},{"instance":2,"values":{"description":"New set of pedal arms","quantity":"2","unit-price":"15.00","line-amount":"30.00"}},{"instance":3,"values":{"description":"Labor 3hrs","quantity":"3","unit-price":"5.00","line-amount":"15.00"}}],"pages":[{"page_rotation":0,"page_no":0,"width":750.0,"height":1061.0,"words":[{"description":"INVOICE","boundingPoly":{"vertices":[{"x":50.0,"y":44.0},{"x":233.0,"y":44.0},{"x":233.0,"y":106.0},{"x":50.0,"y":106.0}]},"line":0,"tag":""},{"description":"East","boundingPoly":{"vertices":[{"x":52.0,"y":128.0},{"x":83.0,"y":128.0},{"x":83.0,"y":142.0},{"x":52.0,"y":142.0}]},"line":1,"tag":"name"},{"description":"Repair","boundingPoly":{"vertices":[{"x":83.0,"y":128.0},{"x":127.0,"y":128.0},{"x":127.0,"y":144.0},{"x":83.0,"y":144.0}]},"line":1,"tag":"name"},{"description":"Inc.","boundingPoly":{"vertices":[{"x":126.0,"y":127.0},{"x":150.0,"y":127.0},{"x":150.0,"y":142.0},{"x":126.0,"y":142.0}]},"line":1,"tag":"name"},{"description":"1912","boundingPoly":{"vertices":[{"x":53.0,"y":149.0},{"x":84.0,"y":149.0},{"x":84.0,"y":164.0},{"x":53.0,"y":164.0}]},"line":2,"tag":"vendor-addr"},{"description":"Harvest","boundingPoly":{"vertices":[{"x":84.0,"y":149.0},{"x":132.0,"y":149.0},{"x":132.0,"y":164.0},{"x":84.0,"y":164.0}]},"line":2,"tag":"vendor-addr"},{"description":"Lane","boundingPoly":{"vertices":[{"x":131.0,"y":150.0},{"x":163.0,"y":150.0},{"x":163.0,"y":164.0},{"x":131.0,"y":164.0}]},"line":2,"tag":"vendor-addr"},{"description":"New","boundingPoly":{"vertices":[{"x":52.0,"y":168.0},{"x":82.0,"y":168.0},{"x":82.0,"y":183.0},{"x":52.0,"y":183.0}]},"line":3,"tag":"vendor-addr"},{"description":"York,","boundingPoly":{"vertices":[{"x":82.0,"y":167.0},{"x":114.0,"y":167.0},{"x":114.0,"y":184.0},{"x":82.0,"y":184.0}]},"line":3,"tag":"vendor-addr"},{"description":"NY","boundingPoly":{"vertices":[{"x":114.0,"y":167.0},{"x":136.0,"y":167.0},{"x":136.0,"y":182.0},{"x":114.0,"y":182.0}]},"line":3,"tag":"vendor-addr"},{"description":"12210","boundingPoly":{"vertices":[{"x":135.0,"y":167.0},{"x":174.0,"y":167.0},{"x":174.0,"y":183.0},{"x":135.0,"y":183.0}]},"line":3,"tag":"vendor-addr"},{"description":"BILL","boundingPoly":{"vertices":[{"x":52.0,"y":206.0},{"x":81.0,"y":206.0},{"x":81.0,"y":225.0},{"x":52.0,"y":225.0}]},"line":4,"tag":""},{"description":"TO","boundingPoly":{"vertices":[{"x":81.0,"y":206.0},{"x":100.0,"y":206.0},{"x":100.0,"y":225.0},{"x":81.0,"y":225.0}]},"line":4,"tag":""},{"description":"SHIP","boundingPoly":{"vertices":[{"x":259.0,"y":206.0},{"x":292.0,"y":206.0},{"x":292.0,"y":225.0},{"x":259.0,"y":225.0}]},"line":4,"tag":""},{"description":"TO","boundingPoly":{"vertices":[{"x":291.0,"y":206.0},{"x":310.0,"y":206.0},{"x":310.0,"y":226.0},{"x":291.0,"y":226.0}]},"line":4,"tag":""},{"description":"INVOICE","boundingPoly":{"vertices":[{"x":459.0,"y":206.0},{"x":512.0,"y":206.0},{"x":512.0,"y":225.0},{"x":459.0,"y":225.0}]},"line":4,"tag":""},{"description":"#","boundingPoly":{"vertices":[{"x":511.0,"y":206.0},{"x":523.0,"y":206.0},{"x":523.0,"y":225.0},{"x":511.0,"y":225.0}]},"line":4,"tag":""},{"description":"US-001","boundingPoly":{"vertices":[{"x":651.0,"y":212.0},{"x":697.0,"y":212.0},{"x":697.0,"y":226.0},{"x":651.0,"y":226.0}]},"line":4,"tag":"invoice-no"},{"description":"John","boundingPoly":{"vertices":[{"x":52.0,"y":233.0},{"x":83.0,"y":233.0},{"x":83.0,"y":248.0},{"x":52.0,"y":248.0}]},"line":5,"tag":"billing-name"},{"description":"Smith","boundingPoly":{"vertices":[{"x":83.0,"y":234.0},{"x":119.0,"y":234.0},{"x":119.0,"y":248.0},{"x":83.0,"y":248.0}]},"line":5,"tag":"billing-name"},{"description":"John","boundingPoly":{"vertices":[{"x":260.0,"y":233.0},{"x":291.0,"y":233.0},{"x":291.0,"y":248.0},{"x":260.0,"y":248.0}]},"line":5,"tag":"shipping-addr"},{"description":"Smith","boundingPoly":{"vertices":[{"x":291.0,"y":234.0},{"x":327.0,"y":234.0},{"x":327.0,"y":248.0},{"x":291.0,"y":248.0}]},"line":5,"tag":"shipping-addr"},{"description":"INVOICE","boundingPoly":{"vertices":[{"x":459.0,"y":232.0},{"x":511.0,"y":232.0},{"x":511.0,"y":252.0},{"x":459.0,"y":252.0}]},"line":5,"tag":""},{"description":"DATE","boundingPoly":{"vertices":[{"x":510.0,"y":232.0},{"x":546.0,"y":232.0},{"x":546.0,"y":252.0},{"x":510.0,"y":252.0}]},"line":5,"tag":""},{"description":"11/02/2019","boundingPoly":{"vertices":[{"x":632.0,"y":237.0},{"x":698.0,"y":237.0},{"x":698.0,"y":252.0},{"x":632.0,"y":252.0}]},"line":5,"tag":"date"},{"description":"2","boundingPoly":{"vertices":[{"x":52.0,"y":251.0},{"x":64.0,"y":251.0},{"x":64.0,"y":266.0},{"x":52.0,"y":266.0}]},"line":6,"tag":"billing-addr"},{"description":"Court","boundingPoly":{"vertices":[{"x":63.0,"y":252.0},{"x":97.0,"y":252.0},{"x":97.0,"y":267.0},{"x":63.0,"y":267.0}]},"line":6,"tag":"billing-addr"},{"description":"Square","boundingPoly":{"vertices":[{"x":97.0,"y":252.0},{"x":141.0,"y":252.0},{"x":141.0,"y":268.0},{"x":97.0,"y":268.0}]},"line":6,"tag":"billing-addr"},{"description":"3787","boundingPoly":{"vertices":[{"x":260.0,"y":252.0},{"x":292.0,"y":252.0},{"x":292.0,"y":266.0},{"x":260.0,"y":266.0}]},"line":6,"tag":"shipping-addr"},{"description":"Pineview","boundingPoly":{"vertices":[{"x":292.0,"y":252.0},{"x":347.0,"y":252.0},{"x":347.0,"y":267.0},{"x":292.0,"y":267.0}]},"line":6,"tag":"shipping-addr"},{"description":"Drive","boundingPoly":{"vertices":[{"x":346.0,"y":252.0},{"x":379.0,"y":252.0},{"x":379.0,"y":266.0},{"x":346.0,"y":266.0}]},"line":6,"tag":"shipping-addr"},{"description":"New","boundingPoly":{"vertices":[{"x":53.0,"y":270.0},{"x":82.0,"y":270.0},{"x":82.0,"y":284.0},{"x":53.0,"y":284.0}]},"line":7,"tag":"billing-addr"},{"description":"P.O.#","boundingPoly":{"vertices":[{"x":460.0,"y":258.0},{"x":493.0,"y":258.0},{"x":493.0,"y":277.0},{"x":460.0,"y":277.0}]},"line":7,"tag":""},{"description":"2312/2019","boundingPoly":{"vertices":[{"x":635.0,"y":263.0},{"x":698.0,"y":263.0},{"x":698.0,"y":278.0},{"x":635.0,"y":278.0}]},"line":7,"tag":"po-no"},{"description":"York,","boundingPoly":{"vertices":[{"x":81.0,"y":270.0},{"x":114.0,"y":270.0},{"x":114.0,"y":286.0},{"x":81.0,"y":286.0}]},"line":8,"tag":"billing-addr"},{"description":"NY","boundingPoly":{"vertices":[{"x":114.0,"y":270.0},{"x":135.0,"y":270.0},{"x":135.0,"y":284.0},{"x":114.0,"y":284.0}]},"line":8,"tag":"billing-addr"},{"description":"12210","boundingPoly":{"vertices":[{"x":135.0,"y":270.0},{"x":174.0,"y":270.0},{"x":174.0,"y":285.0},{"x":135.0,"y":285.0}]},"line":8,"tag":"billing-addr"},{"description":"Cambridge,","boundingPoly":{"vertices":[{"x":260.0,"y":270.0},{"x":329.0,"y":270.0},{"x":329.0,"y":287.0},{"x":260.0,"y":287.0}]},"line":8,"tag":"shipping-addr"},{"description":"MA","boundingPoly":{"vertices":[{"x":329.0,"y":271.0},{"x":351.0,"y":271.0},{"x":351.0,"y":285.0},{"x":329.0,"y":285.0}]},"line":8,"tag":"shipping-addr"},{"description":"12210","boundingPoly":{"vertices":[{"x":351.0,"y":270.0},{"x":390.0,"y":270.0},{"x":390.0,"y":285.0},{"x":351.0,"y":285.0}]},"line":8,"tag":"shipping-addr"},{"description":"DUE","boundingPoly":{"vertices":[{"x":460.0,"y":284.0},{"x":488.0,"y":284.0},{"x":488.0,"y":304.0},{"x":460.0,"y":304.0}]},"line":9,"tag":""},{"description":"DATE","boundingPoly":{"vertices":[{"x":487.0,"y":284.0},{"x":521.0,"y":284.0},{"x":521.0,"y":304.0},{"x":487.0,"y":304.0}]},"line":9,"tag":""},{"description":"26/02/2019","boundingPoly":{"vertices":[{"x":631.0,"y":290.0},{"x":698.0,"y":290.0},{"x":698.0,"y":304.0},{"x":631.0,"y":304.0}]},"line":9,"tag":"due-date"},{"description":"*","boundingPoly":{"vertices":[{"x":52.0,"y":324.0},{"x":66.0,"y":324.0},{"x":66.0,"y":338.0},{"x":52.0,"y":338.0}]},"line":10,"tag":""},{"description":"OTY","boundingPoly":{"vertices":[{"x":73.0,"y":353.0},{"x":100.0,"y":353.0},{"x":100.0,"y":372.0},{"x":73.0,"y":372.0}]},"line":11,"tag":""},{"description":"DESCRIPTION","boundingPoly":{"vertices":[{"x":223.0,"y":353.0},{"x":305.0,"y":353.0},{"x":305.0,"y":372.0},{"x":223.0,"y":372.0}]},"line":11,"tag":""},{"description":"UNIT","boundingPoly":{"vertices":[{"x":454.0,"y":353.0},{"x":485.0,"y":353.0},{"x":485.0,"y":371.0},{"x":454.0,"y":371.0}]},"line":11,"tag":""},{"description":"PRICE","boundingPoly":{"vertices":[{"x":485.0,"y":352.0},{"x":523.0,"y":352.0},{"x":523.0,"y":372.0},{"x":485.0,"y":372.0}]},"line":11,"tag":""},{"description":"AMOUNT","boundingPoly":{"vertices":[{"x":632.0,"y":353.0},{"x":688.0,"y":353.0},{"x":688.0,"y":372.0},{"x":632.0,"y":372.0}]},"line":11,"tag":""},{"description":"1","boundingPoly":{"vertices":[{"x":81.0,"y":390.0},{"x":90.0,"y":390.0},{"x":90.0,"y":404.0},{"x":81.0,"y":404.0}]},"line":12,"tag":"quantity","instance":1},{"description":"Front","boundingPoly":{"vertices":[{"x":126.0,"y":390.0},{"x":159.0,"y":390.0},{"x":159.0,"y":404.0},{"x":126.0,"y":404.0}]},"line":12,"tag":"description","instance":1},{"description":"and","boundingPoly":{"vertices":[{"x":159.0,"y":390.0},{"x":183.0,"y":390.0},{"x":183.0,"y":404.0},{"x":159.0,"y":404.0}]},"line":12,"tag":"description","instance":1},{"description":"rear","boundingPoly":{"vertices":[{"x":184.0,"y":392.0},{"x":210.0,"y":392.0},{"x":210.0,"y":404.0},{"x":184.0,"y":404.0}]},"line":12,"tag":"description","instance":1},{"description":"brake","boundingPoly":{"vertices":[{"x":209.0,"y":390.0},{"x":245.0,"y":390.0},{"x":245.0,"y":404.0},{"x":209.0,"y":404.0}]},"line":12,"tag":"description","instance":1},{"description":"cables","boundingPoly":{"vertices":[{"x":244.0,"y":390.0},{"x":285.0,"y":390.0},{"x":285.0,"y":405.0},{"x":244.0,"y":405.0}]},"line":12,"tag":"description","instance":1},{"description":"100.00","boundingPoly":{"vertices":[{"x":482.0,"y":390.0},{"x":524.0,"y":390.0},{"x":524.0,"y":405.0},{"x":482.0,"y":405.0}]},"line":12,"tag":"unit-price","instance":1},{"description":"100.00","boundingPoly":{"vertices":[{"x":645.0,"y":390.0},{"x":687.0,"y":390.0},{"x":687.0,"y":405.0},{"x":645.0,"y":405.0}]},"line":12,"tag":"line-amount","instance":1},{"description":"2","boundingPoly":{"vertices":[{"x":80.0,"y":422.0},{"x":91.0,"y":422.0},{"x":91.0,"y":437.0},{"x":80.0,"y":437.0}]},"line":13,"tag":"quantity","instance":2},{"description":"New","boundingPoly":{"vertices":[{"x":126.0,"y":423.0},{"x":155.0,"y":423.0},{"x":155.0,"y":436.0},{"x":126.0,"y":436.0}]},"line":13,"tag":"description","instance":2},{"description":"set","boundingPoly":{"vertices":[{"x":155.0,"y":423.0},{"x":175.0,"y":423.0},{"x":175.0,"y":437.0},{"x":155.0,"y":437.0}]},"line":13,"tag":"description","instance":2},{"description":"of","boundingPoly":{"vertices":[{"x":175.0,"y":423.0},{"x":189.0,"y":423.0},{"x":189.0,"y":437.0},{"x":175.0,"y":437.0}]},"line":13,"tag":"description","instance":2},{"description":"pedal","boundingPoly":{"vertices":[{"x":189.0,"y":423.0},{"x":223.0,"y":423.0},{"x":223.0,"y":439.0},{"x":189.0,"y":439.0}]},"line":13,"tag":"description","instance":2},{"description":"arms","boundingPoly":{"vertices":[{"x":223.0,"y":425.0},{"x":255.0,"y":425.0},{"x":255.0,"y":437.0},{"x":223.0,"y":437.0}]},"line":13,"tag":"description","instance":2},{"description":"15.00","boundingPoly":{"vertices":[{"x":489.0,"y":422.0},{"x":524.0,"y":422.0},{"x":524.0,"y":437.0},{"x":489.0,"y":437.0}]},"line":13,"tag":"unit-price","instance":2},{"description":"30.00","boundingPoly":{"vertices":[{"x":652.0,"y":422.0},{"x":687.0,"y":422.0},{"x":687.0,"y":437.0},{"x":652.0,"y":437.0}]},"line":13,"tag":"line-amount","instance":2},{"description":"3","boundingPoly":{"vertices":[{"x":80.0,"y":455.0},{"x":91.0,"y":455.0},{"x":91.0,"y":470.0},{"x":80.0,"y":470.0}]},"line":14,"tag":"quantity","instance":3},{"description":"Labor","boundingPoly":{"vertices":[{"x":126.0,"y":455.0},{"x":162.0,"y":455.0},{"x":162.0,"y":470.0},{"x":126.0,"y":470.0}]},"line":14,"tag":"description","instance":3},{"description":"3hrs","boundingPoly":{"vertices":[{"x":162.0,"y":455.0},{"x":190.0,"y":455.0},{"x":190.0,"y":469.0},{"x":162.0,"y":469.0}]},"line":14,"tag":"description","instance":3},{"description":"5.00","boundingPoly":{"vertices":[{"x":495.0,"y":455.0},{"x":524.0,"y":455.0},{"x":524.0,"y":470.0},{"x":495.0,"y":470.0}]},"line":14,"tag":"unit-price","instance":3},{"description":"15.00","boundingPoly":{"vertices":[{"x":652.0,"y":455.0},{"x":687.0,"y":455.0},{"x":687.0,"y":470.0},{"x":652.0,"y":470.0}]},"line":14,"tag":"line-amount","instance":3},{"description":" ","boundingPoly":{"vertices":[{"x":0.0,"y":0.0},{"x":0.0,"y":0.0},{"x":0.0,"y":0.0},{"x":0.0,"y":0.0}]},"line":-1,"tag":""},{"description":"Subtotal","boundingPoly":{"vertices":[{"x":473.0,"y":499.0},{"x":524.0,"y":499.0},{"x":524.0,"y":513.0},{"x":473.0,"y":513.0}]},"line":15,"tag":""},{"description":"145.00","boundingPoly":{"vertices":[{"x":645.0,"y":499.0},{"x":687.0,"y":499.0},{"x":687.0,"y":513.0},{"x":645.0,"y":513.0}]},"line":15,"tag":"net-amount"},{"description":"Sales","boundingPoly":{"vertices":[{"x":425.0,"y":532.0},{"x":460.0,"y":532.0},{"x":460.0,"y":546.0},{"x":425.0,"y":546.0}]},"line":16,"tag":""},{"description":"Tax","boundingPoly":{"vertices":[{"x":459.0,"y":532.0},{"x":485.0,"y":532.0},{"x":485.0,"y":546.0},{"x":459.0,"y":546.0}]},"line":16,"tag":""},{"description":"6.25%","boundingPoly":{"vertices":[{"x":484.0,"y":532.0},{"x":524.0,"y":532.0},{"x":524.0,"y":546.0},{"x":484.0,"y":546.0}]},"line":16,"tag":""},{"description":"TOTAL","boundingPoly":{"vertices":[{"x":478.0,"y":561.0},{"x":524.0,"y":561.0},{"x":524.0,"y":582.0},{"x":478.0,"y":582.0}]},"line":17,"tag":""},{"description":"9.06","boundingPoly":{"vertices":[{"x":658.0,"y":531.0},{"x":687.0,"y":531.0},{"x":687.0,"y":546.0},{"x":658.0,"y":546.0}]},"line":16,"tag":"tax"},{"description":"$154.06","boundingPoly":{"vertices":[{"x":625.0,"y":560.0},{"x":687.0,"y":560.0},{"x":687.0,"y":582.0},{"x":625.0,"y":582.0}]},"line":17,"tag":"total"},{"description":"SNNSmth","boundingPoly":{"vertices":[{"x":556.0,"y":621.0},{"x":697.0,"y":621.0},{"x":697.0,"y":676.0},{"x":556.0,"y":676.0}]},"line":18,"tag":""},{"description":"TERMS","boundingPoly":{"vertices":[{"x":387.0,"y":908.0},{"x":433.0,"y":908.0},{"x":433.0,"y":928.0},{"x":387.0,"y":928.0}]},"line":19,"tag":""},{"description":"a","boundingPoly":{"vertices":[{"x":432.0,"y":908.0},{"x":444.0,"y":908.0},{"x":444.0,"y":928.0},{"x":432.0,"y":928.0}]},"line":19,"tag":""},{"description":"CONDITIONS","boundingPoly":{"vertices":[{"x":443.0,"y":908.0},{"x":519.0,"y":908.0},{"x":519.0,"y":928.0},{"x":443.0,"y":928.0}]},"line":19,"tag":""},{"description":"Ohank","boundingPoly":{"vertices":[{"x":120.0,"y":953.0},{"x":279.0,"y":953.0},{"x":279.0,"y":1010.0},{"x":120.0,"y":1010.0}]},"line":20,"tag":""},{"description":"Payment","boundingPoly":{"vertices":[{"x":388.0,"y":956.0},{"x":441.0,"y":956.0},{"x":441.0,"y":973.0},{"x":388.0,"y":973.0}]},"line":20,"tag":""},{"description":"is","boundingPoly":{"vertices":[{"x":440.0,"y":956.0},{"x":454.0,"y":956.0},{"x":454.0,"y":971.0},{"x":440.0,"y":971.0}]},"line":20,"tag":""},{"description":"due","boundingPoly":{"vertices":[{"x":453.0,"y":956.0},{"x":478.0,"y":956.0},{"x":478.0,"y":971.0},{"x":453.0,"y":971.0}]},"line":20,"tag":"payment-terms"},{"description":"within","boundingPoly":{"vertices":[{"x":478.0,"y":956.0},{"x":514.0,"y":956.0},{"x":514.0,"y":971.0},{"x":478.0,"y":971.0}]},"line":20,"tag":"payment-terms"},{"description":"15","boundingPoly":{"vertices":[{"x":514.0,"y":956.0},{"x":532.0,"y":956.0},{"x":532.0,"y":971.0},{"x":514.0,"y":971.0}]},"line":20,"tag":"payment-terms"},{"description":"days","boundingPoly":{"vertices":[{"x":531.0,"y":956.0},{"x":562.0,"y":956.0},{"x":562.0,"y":974.0},{"x":531.0,"y":974.0}]},"line":20,"tag":"payment-terms"},{"description":"yeu","boundingPoly":{"vertices":[{"x":289.0,"y":971.0},{"x":382.0,"y":971.0},{"x":382.0,"y":1026.0},{"x":289.0,"y":1026.0}]},"line":21,"tag":""},{"description":"Please","boundingPoly":{"vertices":[{"x":388.0,"y":992.0},{"x":430.0,"y":992.0},{"x":430.0,"y":1007.0},{"x":388.0,"y":1007.0}]},"line":21,"tag":""},{"description":"make","boundingPoly":{"vertices":[{"x":429.0,"y":992.0},{"x":464.0,"y":992.0},{"x":464.0,"y":1007.0},{"x":429.0,"y":1007.0}]},"line":21,"tag":""},{"description":"checks","boundingPoly":{"vertices":[{"x":463.0,"y":992.0},{"x":507.0,"y":992.0},{"x":507.0,"y":1007.0},{"x":463.0,"y":1007.0}]},"line":21,"tag":""},{"description":"payable","boundingPoly":{"vertices":[{"x":507.0,"y":992.0},{"x":554.0,"y":992.0},{"x":554.0,"y":1010.0},{"x":507.0,"y":1010.0}]},"line":21,"tag":""},{"description":"to:","boundingPoly":{"vertices":[{"x":553.0,"y":992.0},{"x":572.0,"y":992.0},{"x":572.0,"y":1007.0},{"x":553.0,"y":1007.0}]},"line":21,"tag":""},{"description":"East","boundingPoly":{"vertices":[{"x":572.0,"y":992.0},{"x":601.0,"y":992.0},{"x":601.0,"y":1007.0},{"x":572.0,"y":1007.0}]},"line":21,"tag":""},{"description":"Repair","boundingPoly":{"vertices":[{"x":600.0,"y":993.0},{"x":642.0,"y":993.0},{"x":642.0,"y":1009.0},{"x":600.0,"y":1009.0}]},"line":21,"tag":""},{"description":"Inc.","boundingPoly":{"vertices":[{"x":642.0,"y":993.0},{"x":665.0,"y":993.0},{"x":665.0,"y":1007.0},{"x":642.0,"y":1007.0}]},"line":21,"tag":""}]}]}