{"api_version":"1.0","fname":"Input-7.png","original_fname":"Input-7.png","fields":{"name":"East Repair Inc.","vendor-addr":"1912 Harvest Lane New York, NY 12210","billing-name":"John Smith","billing-addr":"2 Court Square New York, NY 12210","shipping-addr":"John Smith 3787 Pineview Drive Cambridge, MA 12210","invoice-no":"US-001","po-no":"2312/2019","vendor-vat-no":"","date":"2019-02-11","due-date":"2019-02-26","tax":"9.06","total":"154.06","payment-terms":"due within 15 days","net-amount":"145.00","discount":"","shipping-charges":"","payment-addr":"","billing-vat-no":"","currency":"USD"},"items":[{"instance":1,"values":{"description":"Front and rear brake cables","quantity":"1","unit-price":"100.00","line-amount":"100.00"}},{"instance":2,"values":{"description":"New set of pedal arms","quantity":"2","unit-price":"15.00","line-amount":"30.00"}},{"instance":3,"values":{"description":"Labor 3hrs","quantity":"3","unit-price":"5.00","line-amount":"15.00"}}],"pages":[{"page_rotation":0,"page_no":0,"width":750.0,"height":1061.0,"words":[{"description":"East","boundingPoly":{"vertices":[{"x":245.0,"y":75.0},{"x":318.0,"y":75.0},{"x":318.0,"y":107.0},{"x":245.0,"y":107.0}]},"line":0,"tag":"name"},{"description":"Repair","boundingPoly":{"vertices":[{"x":324.0,"y":75.0},{"x":432.0,"y":75.0},{"x":432.0,"y":113.0},{"x":324.0,"y":113.0}]},"line":0,"tag":"name"},{"description":"Inc.","boundingPoly":{"vertices":[{"x":437.0,"y":75.0},{"x":497.0,"y":75.0},{"x":497.0,"y":108.0},{"x":437.0,"y":108.0}]},"line":0,"tag":"name"},{"description":"1912","boundingPoly":{"vertices":[{"x":319.0,"y":118.0},{"x":351.0,"y":118.0},{"x":351.0,"y":132.0},{"x":319.0,"y":132.0}]},"line":1,"tag":"vendor-addr"},{"description":"Harvest","boundingPoly":{"vertices":[{"x":350.0,"y":118.0},{"x":397.0,"y":118.0},{"x":397.0,"y":133.0},{"x":350.0,"y":133.0}]},"line":1,"tag":"vendor-addr"},{"description":"Lane","boundingPoly":{"vertices":[{"x":396.0,"y":119.0},{"x":429.0,"y":119.0},{"x":429.0,"y":132.0},{"x":396.0,"y":132.0}]},"line":1,"tag":"vendor-addr"},{"description":"New","boundingPoly":{"vertices":[{"x":315.0,"y":132.0},{"x":344.0,"y":132.0},{"x":344.0,"y":147.0},{"x":315.0,"y":147.0}]},"line":2,"tag":"vendor-addr"},{"description":"York,","boundingPoly":{"vertices":[{"x":343.0,"y":132.0},{"x":376.0,"y":132.0},{"x":376.0,"y":148.0},{"x":343.0,"y":148.0}]},"line":2,"tag":"vendor-addr"},{"description":"NY","boundingPoly":{"vertices":[{"x":376.0,"y":132.0},{"x":398.0,"y":132.0},{"x":398.0,"y":147.0},{"x":376.0,"y":147.0}]},"line":2,"tag":"vendor-addr"},{"description":"12210","boundingPoly":{"vertices":[{"x":397.0,"y":132.0},{"x":436.0,"y":132.0},{"x":436.0,"y":147.0},{"x":397.0,"y":147.0}]},"line":2,"tag":"vendor-addr"},{"description":"Bill","boundingPoly":{"vertices":[{"x":71.0,"y":184.0},{"x":95.0,"y":184.0},{"x":95.0,"y":198.0},{"x":71.0,"y":198.0}]},"line":3,"tag":""},{"description":"To","boundingPoly":{"vertices":[{"x":96.0,"y":184.0},{"x":117.0,"y":184.0},{"x":117.0,"y":198.0},{"x":96.0,"y":198.0}]},"line":3,"tag":""},{"description":"Ship","boundingPoly":{"vertices":[{"x":245.0,"y":183.0},{"x":280.0,"y":183.0},{"x":280.0,"y":201.0},{"x":245.0,"y":201.0}]},"line":3,"tag":""},{"description":"To","boundingPoly":{"vertices":[{"x":278.0,"y":183.0},{"x":300.0,"y":183.0},{"x":300.0,"y":198.0},{"x":278.0,"y":198.0}]},"line":3,"tag":""},{"description":"Invoice","boundingPoly":{"vertices":[{"x":493.0,"y":183.0},{"x":545.0,"y":183.0},{"x":545.0,"y":199.0},{"x":493.0,"y":199.0}]},"line":3,"tag":""},{"description":"#","boundingPoly":{"vertices":[{"x":545.0,"y":183.0},{"x":558.0,"y":183.0},{"x":558.0,"y":199.0},{"x":545.0,"y":199.0}]},"line":3,"tag":""},{"description":"US-001","boundingPoly":{"vertices":[{"x":633.0,"y":184.0},{"x":678.0,"y":184.0},{"x":678.0,"y":200.0},{"x":633.0,"y":200.0}]},"line":3,"tag":"invoice-no"},{"description":"John","boundingPoly":{"vertices":[{"x":70.0,"y":209.0},{"x":102.0,"y":209.0},{"x":102.0,"y":223.0},{"x":70.0,"y":223.0}]},"line":4,"tag":"billing-name"},{"description":"Smith","boundingPoly":{"vertices":[{"x":102.0,"y":209.0},{"x":138.0,"y":209.0},{"x":138.0,"y":223.0},{"x":102.0,"y":223.0}]},"line":4,"tag":"billing-name"},{"description":"John","boundingPoly":{"vertices":[{"x":245.0,"y":209.0},{"x":277.0,"y":209.0},{"x":277.0,"y":224.0},{"x":245.0,"y":224.0}]},"line":4,"tag":"shipping-addr"},{"description":"Smith","boundingPoly":{"vertices":[{"x":276.0,"y":208.0},{"x":312.0,"y":208.0},{"x":312.0,"y":223.0},{"x":276.0,"y":223.0}]},"line":4,"tag":"shipping-addr"},{"description":"Invoice","boundingPoly":{"vertices":[{"x":471.0,"y":206.0},{"x":523.0,"y":206.0},{"x":523.0,"y":222.0},{"x":471.0,"y":222.0}]},"line":4,"tag":""},{"description":"Date","boundingPoly":{"vertices":[{"x":523.0,"y":207.0},{"x":557.0,"y":207.0},{"x":557.0,"y":222.0},{"x":523.0,"y":222.0}]},"line":4,"tag":""},{"description":"11/02/2019","boundingPoly":{"vertices":[{"x":613.0,"y":207.0},{"x":680.0,"y":207.0},{"x":680.0,"y":223.0},{"x":613.0,"y":223.0}]},"line":4,"tag":"date"},{"description":"2","boundingPoly":{"vertices":[{"x":70.0,"y":223.0},{"x":83.0,"y":223.0},{"x":83.0,"y":236.0},{"x":70.0,"y":236.0}]},"line":5,"tag":"billing-addr"},{"description":"Court","boundingPoly":{"vertices":[{"x":82.0,"y":223.0},{"x":116.0,"y":223.0},{"x":116.0,"y":237.0},{"x":82.0,"y":237.0}]},"line":5,"tag":"billing-addr"},{"description":"Square","boundingPoly":{"vertices":[{"x":116.0,"y":224.0},{"x":160.0,"y":224.0},{"x":160.0,"y":239.0},{"x":116.0,"y":239.0}]},"line":5,"tag":"billing-addr"},{"description":"3787","boundingPoly":{"vertices":[{"x":245.0,"y":223.0},{"x":277.0,"y":223.0},{"x":277.0,"y":238.0},{"x":245.0,"y":238.0}]},"line":5,"tag":"shipping-addr"},{"description":"Pineview","boundingPoly":{"vertices":[{"x":277.0,"y":223.0},{"x":331.0,"y":223.0},{"x":331.0,"y":238.0},{"x":277.0,"y":238.0}]},"line":5,"tag":"shipping-addr"},{"description":"Drive","boundingPoly":{"vertices":[{"x":331.0,"y":223.0},{"x":364.0,"y":223.0},{"x":364.0,"y":238.0},{"x":331.0,"y":238.0}]},"line":5,"tag":"shipping-addr"},{"description":" ","boundingPoly":{"vertices":[{"x":0.0,"y":0.0},{"x":0.0,"y":0.0},{"x":0.0,"y":0.0},{"x":0.0,"y":0.0}]},"line":-1,"tag":""},{"description":" ","boundingPoly":{"vertices":[{"x":0.0,"y":0.0},{"x":0.0,"y":0.0},{"x":0.0,"y":0.0},{"x":0.0,"y":0.0}]},"line":-1,"tag":""},{"description":"New","boundingPoly":{"vertices":[{"x":71.0,"y":238.0},{"x":100.0,"y":238.0},{"x":100.0,"y":252.0},{"x":71.0,"y":252.0}]},"line":7,"tag":"billing-addr"},{"description":"York,","boundingPoly":{"vertices":[{"x":99.0,"y":237.0},{"x":132.0,"y":237.0},{"x":132.0,"y":253.0},{"x":99.0,"y":253.0}]},"line":7,"tag":"billing-addr"},{"description":"NY","boundingPoly":{"vertices":[{"x":133.0,"y":238.0},{"x":153.0,"y":238.0},{"x":153.0,"y":252.0},{"x":133.0,"y":252.0}]},"line":7,"tag":"billing-addr"},{"description":"12210","boundingPoly":{"vertices":[{"x":153.0,"y":238.0},{"x":192.0,"y":238.0},{"x":192.0,"y":252.0},{"x":153.0,"y":252.0}]},"line":7,"tag":"billing-addr"},{"description":"Cambridge,","boundingPoly":{"vertices":[{"x":246.0,"y":238.0},{"x":314.0,"y":238.0},{"x":314.0,"y":255.0},{"x":246.0,"y":255.0}]},"line":7,"tag":"shipping-addr"},{"description":"MA","boundingPoly":{"vertices":[{"x":313.0,"y":237.0},{"x":337.0,"y":237.0},{"x":337.0,"y":252.0},{"x":313.0,"y":252.0}]},"line":7,"tag":"shipping-addr"},{"description":"12210","boundingPoly":{"vertices":[{"x":336.0,"y":237.0},{"x":375.0,"y":237.0},{"x":375.0,"y":252.0},{"x":336.0,"y":252.0}]},"line":7,"tag":"shipping-addr"},{"description":"P.O#","boundingPoly":{"vertices":[{"x":518.0,"y":229.0},{"x":557.0,"y":229.0},{"x":557.0,"y":245.0},{"x":518.0,"y":245.0}]},"line":5,"tag":""},{"description":"2312/2019","boundingPoly":{"vertices":[{"x":616.0,"y":230.0},{"x":680.0,"y":230.0},{"x":680.0,"y":245.0},{"x":616.0,"y":245.0}]},"line":6,"tag":"po-no"},{"description":" ","boundingPoly":{"vertices":[{"x":0.0,"y":0.0},{"x":0.0,"y":0.0},{"x":0.0,"y":0.0},{"x":0.0,"y":0.0}]},"line":-1,"tag":""},{"description":" ","boundingPoly":{"vertices":[{"x":0.0,"y":0.0},{"x":0.0,"y":0.0},{"x":0.0,"y":0.0},{"x":0.0,"y":0.0}]},"line":-1,"tag":""},{"description":"Due","boundingPoly":{"vertices":[{"x":494.0,"y":253.0},{"x":523.0,"y":253.0},{"x":523.0,"y":267.0},{"x":494.0,"y":267.0}]},"line":8,"tag":""},{"description":"Date","boundingPoly":{"vertices":[{"x":523.0,"y":252.0},{"x":557.0,"y":252.0},{"x":557.0,"y":268.0},{"x":523.0,"y":268.0}]},"line":8,"tag":""},{"description":"26/02/2019","boundingPoly":{"vertices":[{"x":612.0,"y":253.0},{"x":680.0,"y":253.0},{"x":680.0,"y":268.0},{"x":612.0,"y":268.0}]},"line":8,"tag":"due-date"},{"description":"Qty","boundingPoly":{"vertices":[{"x":77.0,"y":297.0},{"x":104.0,"y":297.0},{"x":104.0,"y":315.0},{"x":77.0,"y":315.0}]},"line":9,"tag":""},{"description":"Description","boundingPoly":{"vertices":[{"x":236.0,"y":297.0},{"x":316.0,"y":297.0},{"x":316.0,"y":314.0},{"x":236.0,"y":314.0}]},"line":9,"tag":""},{"description":"Unit","boundingPoly":{"vertices":[{"x":489.0,"y":297.0},{"x":519.0,"y":297.0},{"x":519.0,"y":312.0},{"x":489.0,"y":312.0}]},"line":9,"tag":""},{"description":"Price","boundingPoly":{"vertices":[{"x":519.0,"y":297.0},{"x":557.0,"y":297.0},{"x":557.0,"y":312.0},{"x":519.0,"y":312.0}]},"line":9,"tag":""},{"description":"Amount","boundingPoly":{"vertices":[{"x":616.0,"y":297.0},{"x":675.0,"y":297.0},{"x":675.0,"y":312.0},{"x":616.0,"y":312.0}]},"line":9,"tag":""},{"description":"1","boundingPoly":{"vertices":[{"x":88.0,"y":327.0},{"x":97.0,"y":327.0},{"x":97.0,"y":342.0},{"x":88.0,"y":342.0}]},"line":10,"tag":"quantity","instance":1},{"description":"Front","boundingPoly":{"vertices":[{"x":138.0,"y":327.0},{"x":172.0,"y":327.0},{"x":172.0,"y":342.0},{"x":138.0,"y":342.0}]},"line":10,"tag":"description","instance":1},{"description":"and","boundingPoly":{"vertices":[{"x":171.0,"y":328.0},{"x":196.0,"y":328.0},{"x":196.0,"y":341.0},{"x":171.0,"y":341.0}]},"line":10,"tag":"description","instance":1},{"description":"rear","boundingPoly":{"vertices":[{"x":196.0,"y":329.0},{"x":222.0,"y":329.0},{"x":222.0,"y":342.0},{"x":196.0,"y":342.0}]},"line":10,"tag":"description","instance":1},{"description":"brake","boundingPoly":{"vertices":[{"x":221.0,"y":327.0},{"x":257.0,"y":327.0},{"x":257.0,"y":342.0},{"x":221.0,"y":342.0}]},"line":10,"tag":"description","instance":1},{"description":"cables","boundingPoly":{"vertices":[{"x":256.0,"y":327.0},{"x":297.0,"y":327.0},{"x":297.0,"y":342.0},{"x":256.0,"y":342.0}]},"line":10,"tag":"description","instance":1},{"description":"100.00","boundingPoly":{"vertices":[{"x":516.0,"y":327.0},{"x":557.0,"y":327.0},{"x":557.0,"y":342.0},{"x":516.0,"y":342.0}]},"line":10,"tag":"unit-price","instance":1},{"description":"100.00","boundingPoly":{"vertices":[{"x":638.0,"y":327.0},{"x":680.0,"y":327.0},{"x":680.0,"y":342.0},{"x":638.0,"y":342.0}]},"line":10,"tag":"line-amount","instance":1},{"description":"2","boundingPoly":{"vertices":[{"x":86.0,"y":349.0},{"x":99.0,"y":349.0},{"x":99.0,"y":364.0},{"x":86.0,"y":364.0}]},"line":11,"tag":"quantity","instance":2},{"description":"New","boundingPoly":{"vertices":[{"x":138.0,"y":349.0},{"x":168.0,"y":349.0},{"x":168.0,"y":364.0},{"x":138.0,"y":364.0}]},"line":11,"tag":"description","instance":2},{"description":"set","boundingPoly":{"vertices":[{"x":167.0,"y":350.0},{"x":187.0,"y":350.0},{"x":187.0,"y":364.0},{"x":167.0,"y":364.0}]},"line":11,"tag":"description","instance":2},{"description":"of","boundingPoly":{"vertices":[{"x":187.0,"y":349.0},{"x":201.0,"y":349.0},{"x":201.0,"y":364.0},{"x":187.0,"y":364.0}]},"line":11,"tag":"description","instance":2},{"description":"pedal","boundingPoly":{"vertices":[{"x":201.0,"y":350.0},{"x":235.0,"y":350.0},{"x":235.0,"y":366.0},{"x":201.0,"y":366.0}]},"line":11,"tag":"description","instance":2},{"description":"arms","boundingPoly":{"vertices":[{"x":236.0,"y":352.0},{"x":267.0,"y":352.0},{"x":267.0,"y":364.0},{"x":236.0,"y":364.0}]},"line":11,"tag":"description","instance":2},{"description":"15.00","boundingPoly":{"vertices":[{"x":522.0,"y":349.0},{"x":557.0,"y":349.0},{"x":557.0,"y":364.0},{"x":522.0,"y":364.0}]},"line":11,"tag":"unit-price","instance":2},{"description":"30.00","boundingPoly":{"vertices":[{"x":644.0,"y":349.0},{"x":680.0,"y":349.0},{"x":680.0,"y":364.0},{"x":644.0,"y":364.0}]},"line":11,"tag":"line-amount","instance":2},{"description":"3","boundingPoly":{"vertices":[{"x":87.0,"y":371.0},{"x":99.0,"y":371.0},{"x":99.0,"y":387.0},{"x":87.0,"y":387.0}]},"line":12,"tag":"quantity","instance":3},{"description":"Labor","boundingPoly":{"vertices":[{"x":138.0,"y":372.0},{"x":175.0,"y":372.0},{"x":175.0,"y":386.0},{"x":138.0,"y":386.0}]},"line":12,"tag":"description","instance":3},{"description":"3hrs","boundingPoly":{"vertices":[{"x":173.0,"y":372.0},{"x":203.0,"y":372.0},{"x":203.0,"y":386.0},{"x":173.0,"y":386.0}]},"line":12,"tag":"description","instance":3},{"description":"5.00","boundingPoly":{"vertices":[{"x":528.0,"y":372.0},{"x":557.0,"y":372.0},{"x":557.0,"y":387.0},{"x":528.0,"y":387.0}]},"line":12,"tag":"unit-price","instance":3},{"description":"15.00","boundingPoly":{"vertices":[{"x":645.0,"y":372.0},{"x":680.0,"y":372.0},{"x":680.0,"y":387.0},{"x":645.0,"y":387.0}]},"line":12,"tag":"line-amount","instance":3},{"description":"Subtotal","boundingPoly":{"vertices":[{"x":497.0,"y":420.0},{"x":557.0,"y":420.0},{"x":557.0,"y":435.0},{"x":497.0,"y":435.0}]},"line":13,"tag":""},{"description":"Sales","boundingPoly":{"vertices":[{"x":458.0,"y":438.0},{"x":494.0,"y":438.0},{"x":494.0,"y":453.0},{"x":458.0,"y":453.0}]},"line":14,"tag":""},{"description":"Tax","boundingPoly":{"vertices":[{"x":492.0,"y":438.0},{"x":518.0,"y":438.0},{"x":518.0,"y":453.0},{"x":492.0,"y":453.0}]},"line":14,"tag":""},{"description":"6.25%","boundingPoly":{"vertices":[{"x":517.0,"y":438.0},{"x":557.0,"y":438.0},{"x":557.0,"y":453.0},{"x":517.0,"y":453.0}]},"line":14,"tag":""},{"description":"145.00","boundingPoly":{"vertices":[{"x":638.0,"y":421.0},{"x":680.0,"y":421.0},{"x":680.0,"y":435.0},{"x":638.0,"y":435.0}]},"line":13,"tag":"net-amount"},{"description":"9.06","boundingPoly":{"vertices":[{"x":652.0,"y":438.0},{"x":680.0,"y":438.0},{"x":680.0,"y":453.0},{"x":652.0,"y":453.0}]},"line":14,"tag":"tax"},{"description":"Total","boundingPoly":{"vertices":[{"x":76.0,"y":479.0},{"x":114.0,"y":479.0},{"x":114.0,"y":494.0},{"x":76.0,"y":494.0}]},"line":15,"tag":""},{"description":"$154.06","boundingPoly":{"vertices":[{"x":619.0,"y":479.0},{"x":674.0,"y":479.0},{"x":674.0,"y":495.0},{"x":619.0,"y":495.0}]},"line":15,"tag":"total"},{"description":"SNN","boundingPoly":{"vertices":[{"x":547.0,"y":541.0},{"x":599.0,"y":541.0},{"x":599.0,"y":575.0},{"x":547.0,"y":575.0}]},"line":16,"tag":""},{"description":"Swlh","boundingPoly":{"vertices":[{"x":595.0,"y":529.0},{"x":689.0,"y":529.0},{"x":689.0,"y":580.0},{"x":595.0,"y":580.0}]},"line":16,"tag":""},{"description":"Terms","boundingPoly":{"vertices":[{"x":70.0,"y":917.0},{"x":116.0,"y":917.0},{"x":116.0,"y":931.0},{"x":70.0,"y":931.0}]},"line":17,"tag":""},{"description":"&","boundingPoly":{"vertices":[{"x":116.0,"y":916.0},{"x":130.0,"y":916.0},{"x":130.0,"y":931.0},{"x":116.0,"y":931.0}]},"line":17,"tag":""},{"description":"Conditions","boundingPoly":{"vertices":[{"x":130.0,"y":916.0},{"x":206.0,"y":916.0},{"x":206.0,"y":932.0},{"x":130.0,"y":932.0}]},"line":17,"tag":""},{"description":"Payment","boundingPoly":{"vertices":[{"x":71.0,"y":941.0},{"x":124.0,"y":941.0},{"x":124.0,"y":957.0},{"x":71.0,"y":957.0}]},"line":18,"tag":""},{"description":"is","boundingPoly":{"vertices":[{"x":124.0,"y":941.0},{"x":137.0,"y":941.0},{"x":137.0,"y":955.0},{"x":124.0,"y":955.0}]},"line":18,"tag":""},{"description":"due","boundingPoly":{"vertices":[{"x":136.0,"y":940.0},{"x":161.0,"y":940.0},{"x":161.0,"y":955.0},{"x":136.0,"y":955.0}]},"line":18,"tag":"payment-terms"},{"description":"within","boundingPoly":{"vertices":[{"x":161.0,"y":940.0},{"x":197.0,"y":940.0},{"x":197.0,"y":955.0},{"x":161.0,"y":955.0}]},"line":18,"tag":"payment-terms"},{"description":"15","boundingPoly":{"vertices":[{"x":198.0,"y":940.0},{"x":214.0,"y":940.0},{"x":214.0,"y":955.0},{"x":198.0,"y":955.0}]},"line":18,"tag":"payment-terms"},{"description":"days","boundingPoly":{"vertices":[{"x":214.0,"y":941.0},{"x":245.0,"y":941.0},{"x":245.0,"y":958.0},{"x":214.0,"y":958.0}]},"line":18,"tag":"payment-terms"},{"description":"Please","boundingPoly":{"vertices":[{"x":71.0,"y":966.0},{"x":112.0,"y":966.0},{"x":112.0,"y":980.0},{"x":71.0,"y":980.0}]},"line":19,"tag":""},{"description":"make","boundingPoly":{"vertices":[{"x":112.0,"y":965.0},{"x":148.0,"y":965.0},{"x":148.0,"y":980.0},{"x":112.0,"y":980.0}]},"line":19,"tag":""},{"description":"checks","boundingPoly":{"vertices":[{"x":147.0,"y":966.0},{"x":190.0,"y":966.0},{"x":190.0,"y":981.0},{"x":147.0,"y":981.0}]},"line":19,"tag":""},{"description":"payable","boundingPoly":{"vertices":[{"x":190.0,"y":966.0},{"x":237.0,"y":966.0},{"x":237.0,"y":983.0},{"x":190.0,"y":983.0}]},"line":19,"tag":""},{"description":"to:","boundingPoly":{"vertices":[{"x":237.0,"y":966.0},{"x":255.0,"y":966.0},{"x":255.0,"y":980.0},{"x":237.0,"y":980.0}]},"line":19,"tag":""},{"description":"East","boundingPoly":{"vertices":[{"x":255.0,"y":966.0},{"x":284.0,"y":966.0},{"x":284.0,"y":980.0},{"x":255.0,"y":980.0}]},"line":19,"tag":""},{"description":"Repair","boundingPoly":{"vertices":[{"x":283.0,"y":966.0},{"x":325.0,"y":966.0},{"x":325.0,"y":982.0},{"x":283.0,"y":982.0}]},"line":19,"tag":""},{"description":"Inc.","boundingPoly":{"vertices":[{"x":324.0,"y":966.0},{"x":349.0,"y":966.0},{"x":349.0,"y":980.0},{"x":324.0,"y":980.0}]},"line":19,"tag":""}]}]}